"../../../Engine/Config/Android/DataDrivenPlatformInfo.ini" 1
"../../../Engine/Config/HoloLens/DataDrivenPlatformInfo.ini" 2
"../../../Engine/Config/IOS/DataDrivenPlatformInfo.ini" 3
"../../../Engine/Config/Base.ini" 4
"../../../Engine/Config/BaseEngine.ini" 5
"../../../Engine/Config/IOS/BaseIOSEngine.ini" 6
"../../../../../../TPSDuel/Config/DefaultEngine.ini" 7
"../../../Engine/Config/IOS/IOSEngine.ini" 8
"../../../Engine/Config/Linux/DataDrivenPlatformInfo.ini" 9
"../../../Engine/Config/LinuxAArch64/DataDrivenPlatformInfo.ini" 10
"../../../Engine/Config/Lumin/DataDrivenPlatformInfo.ini" 11
"../../../Engine/Config/Mac/DataDrivenPlatformInfo.ini" 12
"../../../Engine/Config/TVOS/DataDrivenPlatformInfo.ini" 13
"../../../Engine/Config/Windows/DataDrivenPlatformInfo.ini" 14
"D:/TPSDuel/TPSDuel.uproject" 15
"../../../../../../TPSDuel/Binaries/Win64/UE4Editor.modules" 16
"../../../Engine/Plugins/BlueprintFileUtils/BlueprintFileUtils.uplugin" 17
"../../../Engine/Plugins/ScriptPlugin/ScriptPlugin.uplugin" 18
"../../../Engine/Plugins/2D/Paper2D/Paper2D.uplugin" 19
"../../../Engine/Plugins/Cameras/CameraShakePreviewer/CameraShakePreviewer.uplugin" 20
"../../../Engine/Plugins/AI/AISupport/AISupport.uplugin" 21
"../../../Engine/Plugins/XGEController/XGEController.uplugin" 22
"../../../Engine/Plugins/AI/EnvironmentQueryEditor/EnvironmentQueryEditor.uplugin" 23
"../../../Engine/Plugins/Animation/LiveLinkCurveDebugUI/LiveLinkCurveDebugUI.uplugin" 24
"../../../Engine/Plugins/MeshPainting/MeshPainting.uplugin" 25
"../../../Engine/Plugins/Cameras/GameplayCameras/GameplayCameras.uplugin" 26
"../../../Engine/Plugins/AI/UE4ML/UE4ML.uplugin" 27
"../../../Engine/Plugins/Animation/RigLogic/RigLogic.uplugin" 28
"../../../Engine/Plugins/Animation/LiveLink/LiveLink.uplugin" 29
"../../../Engine/Plugins/AI/HTNPlanner/HTNPlanner.uplugin" 30
"../../../Engine/Plugins/Compression/OodleNetwork/OodleNetwork.uplugin" 31
"../../../Engine/Plugins/Compositing/OpenColorIO/OpenColorIO.uplugin" 32
"../../../Engine/Plugins/Editor/AssetManagerEditor/AssetManagerEditor.uplugin" 33
"../../../Engine/Plugins/Blendables/LightPropagationVolume/LightPropagationVolume.uplugin" 34
"../../../Engine/Plugins/Editor/AssetSearch/AssetSearch.uplugin" 35
"../../../Engine/Plugins/Enterprise/DataprepEditor/DataprepEditor.uplugin" 36
"../../../Engine/Plugins/Compression/OodleData/OodleData.uplugin" 37
"../../../Engine/Plugins/Editor/BlueprintMaterialTextureNodes/BlueprintMaterialTextureNodes.uplugin" 38
"../../../Engine/Plugins/Enterprise/AxFImporter/AxFImporter.uplugin" 39
"../../../Engine/Plugins/Compositing/OpenCVLensDistortion/OpenCVLensDistortion.uplugin" 40
"../../../Engine/Plugins/Editor/DataValidation/DataValidation.uplugin" 41
"../../../Engine/Plugins/Enterprise/DatasmithCADImporter/DatasmithCADImporter.uplugin" 42
"../../../Engine/Plugins/Compositing/LensDistortion/LensDistortion.uplugin" 43
"../../../Engine/Plugins/Editor/CryptoKeys/CryptoKeys.uplugin" 44
"../../../Engine/Plugins/Editor/EditorScriptingUtilities/EditorScriptingUtilities.uplugin" 45
"../../../Engine/Plugins/Enterprise/DatasmithFBXImporter/DatasmithFBXImporter.uplugin" 46
"../../../Engine/Plugins/Enterprise/DatasmithIFCImporter/DatasmithIFCImporter.uplugin" 47
"../../../Engine/Plugins/Enterprise/DatasmithImporter/DatasmithImporter.uplugin" 48
"../../../Engine/Plugins/Compositing/Composure/Composure.uplugin" 49
"../../../Engine/Plugins/Editor/FacialAnimation/FacialAnimation.uplugin" 50
"../../../Engine/Plugins/Enterprise/DatasmithC4DImporter/DatasmithC4DImporter.uplugin" 51
"../../../Engine/Plugins/Editor/CurveEditorTools/CurveEditorTools.uplugin" 52
"../../../Engine/Plugins/Enterprise/DatasmithGLTFImporter/DatasmithGLTFImporter.uplugin" 53
"../../../Engine/Plugins/Enterprise/VariantManagerContent/VariantManagerContent.uplugin" 54
"../../../Engine/Plugins/Enterprise/MDLImporter/MDLImporter.uplugin" 55
"../../../Engine/Plugins/Enterprise/VariantManager/VariantManager.uplugin" 56
"../../../Engine/Plugins/Developer/AnimationSharing/AnimationSharing.uplugin" 57
"../../../Engine/Plugins/Enterprise/DatasmithContent/DatasmithContent.uplugin" 58
"../../../Engine/Plugins/Developer/CLionSourceCodeAccess/CLionSourceCodeAccess.uplugin" 59
"../../../Engine/Plugins/Editor/GameplayTagsEditor/GameplayTagsEditor.uplugin" 60
"../../../Engine/Plugins/Editor/GLTFImporter/GLTFImporter.uplugin" 61
"../../../Engine/Plugins/Developer/BlankPlugin/BlankPlugin.uplugin" 62
"../../../Engine/Plugins/Developer/CodeLiteSourceCodeAccess/CodeLiteSourceCodeAccess.uplugin" 63
"../../../Engine/Plugins/Editor/MeshEditor/MeshEditor.uplugin" 64
"../../../Engine/Plugins/Developer/KDevelopSourceCodeAccess/KDevelopSourceCodeAccess.uplugin" 65
"../../../Engine/Plugins/Enterprise/LidarPointCloud/LidarPointCloud.uplugin" 66
"../../../Engine/Plugins/Editor/GeometryMode/GeometryMode.uplugin" 67
"../../../Engine/Plugins/Animation/GameplayInsights/GameplayInsights.uplugin" 68
"../../../Engine/Plugins/Editor/MacGraphicsSwitching/MacGraphicsSwitching.uplugin" 69
"../../../Engine/Plugins/Developer/NullSourceCodeAccess/NullSourceCodeAccess.uplugin" 70
"../../../Engine/Plugins/Editor/MobileLauncherProfileWizard/MobileLauncherProfileWizard.uplugin" 71
"../../../Engine/Plugins/Developer/PerforceSourceControl/PerforceSourceControl.uplugin" 72
"../../../Engine/Plugins/Importers/AlembicHairImporter/AlembicHairImporter.uplugin" 73
"../../../Engine/Plugins/Editor/SpeedTreeImporter/SpeedTreeImporter.uplugin" 74
"../../../Engine/Plugins/Importers/USDImporter/USDImporter.uplugin" 75
"../../../Engine/Plugins/Importers/USDMultiUser/USDMultiUser.uplugin" 76
"../../../Engine/Plugins/Developer/GitSourceControl/GitSourceControl.uplugin" 77
"../../../Engine/Plugins/Editor/MaterialAnalyzer/MaterialAnalyzer.uplugin" 78
"../../../Engine/Plugins/Developer/OneSkyLocalizationService/OneSkyLocalizationService.uplugin" 79
"../../../Engine/Plugins/Enterprise/StaticMeshEditorExtension/StaticMeshEditorExtension.uplugin" 80
"../../../Engine/Plugins/Lumin/MagicLeap/MagicLeap.uplugin" 81
"../../../Engine/Plugins/Lumin/MagicLeapBLE/MagicLeapBLE.uplugin" 82
"../../../Engine/Plugins/Lumin/MagicLeapCamera/MagicLeapCamera.uplugin" 83
"../../../Engine/Plugins/Developer/PixWinPlugin/PixWinPlugin.uplugin" 84
"../../../Engine/Plugins/Developer/PluginUtils/PluginUtils.uplugin" 85
"../../../Engine/Plugins/Developer/PlasticSourceControl/PlasticSourceControl.uplugin" 86
"../../../Engine/Plugins/Developer/RenderDocPlugin/RenderDocPlugin.uplugin" 87
"../../../Engine/Plugins/Developer/TextureFormatOodle/TextureFormatOodle.uplugin" 88
"../../../Engine/Plugins/Editor/StylusInput/StylusInput.uplugin" 89
"../../../Engine/Plugins/Developer/SubversionSourceControl/SubversionSourceControl.uplugin" 90
"../../../Engine/Plugins/Developer/PropertyAccessNode/PropertyAccessNode.uplugin" 91
"../../../Engine/Plugins/Developer/TraceDataFiltering/TraceDataFilters.uplugin" 92
"../../../Engine/Plugins/Developer/UObjectPlugin/UObjectPlugin.uplugin" 93
"../../../Engine/Plugins/Developer/VisualStudioSourceCodeAccess/VisualStudioSourceCodeAccess.uplugin" 94
"../../../Engine/Plugins/Developer/TraceSourceFiltering/TraceSourceFilters.uplugin" 95
"../../../Engine/Plugins/Developer/XCodeSourceCodeAccess/XCodeSourceCodeAccess.uplugin" 96
"../../../Engine/Plugins/Developer/RiderSourceCodeAccess/RiderSourceCodeAccess.uplugin" 97
"../../../Engine/Plugins/Lumin/LuminPlatformFeatures/LuminPlatformFeatures.uplugin" 98
"../../../Engine/Plugins/Media/AjaMedia/AjaMedia.uplugin" 99
"../../../Engine/Plugins/Lumin/MagicLeapContacts/MagicLeapContacts.uplugin" 100
"../../../Engine/Plugins/Developer/VisualStudioCodeSourceCodeAccess/VisualStudioCodeSourceCodeAccess.uplugin" 101
"../../../Engine/Plugins/Media/AndroidMedia/AndroidMedia.uplugin" 102
"../../../Engine/Plugins/Lumin/MagicLeapLightEstimation/MagicLeapLightEstimation.uplugin" 103
"../../../Engine/Plugins/Lumin/MagicLeapConnections/MagicLeapConnections.uplugin" 104
"../../../Engine/Plugins/Media/AudioCaptureTimecodeProvider/AudioCaptureTimecodeProvider.uplugin" 105
"../../../Engine/Plugins/Media/AppleProResMedia/AppleProResMedia.uplugin" 106
"../../../Engine/Plugins/Media/BinkMedia/BinkMedia.uplugin" 107
"../../../Engine/Plugins/Lumin/MagicLeapLocation/MagicLeapLocation.uplugin" 108
"../../../Engine/Plugins/Media/AvfMedia/AvfMedia.uplugin" 109
"../../../Engine/Plugins/Lumin/MagicLeapMusicService/MagicLeapMusicService.uplugin" 110
"../../../Engine/Plugins/Lumin/MagicLeapNetworking/MagicLeapNetworking.uplugin" 111
"../../../Engine/Plugins/Lumin/MagicLeapDispatch/MagicLeapDispatch.uplugin" 112
"../../../Engine/Plugins/Media/AndroidCamera/AndroidCamera.uplugin" 113
"../../../Engine/Plugins/Lumin/MagicLeapSharedFile/MagicLeapSharedFile.uplugin" 114
"../../../Engine/Plugins/Lumin/MagicLeapTablet/MagicLeapTablet.uplugin" 115
"../../../Engine/Plugins/Editor/PluginBrowser/PluginBrowser.uplugin" 116
"../../../Engine/Plugins/Lumin/MLSDK/MLSDK.uplugin" 117
"../../../Engine/Plugins/Lumin/MagicLeapPassableWorld/MagicLeapPassableWorld.uplugin" 118
"../../../Engine/Plugins/Lumin/MagicLeapMedia/MagicLeapMedia.uplugin" 119
"../../../Engine/Plugins/Lumin/MagicLeapMovement/MagicLeapMovement.uplugin" 120
"../../../Engine/Plugins/Media/AvidDNxMedia/AvidDNxMedia.uplugin" 121
"../../../Engine/Plugins/Media/HardwareEncoders/HardwareEncoders.uplugin" 122
"../../../Engine/Plugins/Media/ElectraPlayer/ElectraPlayer.uplugin" 123
"../../../Engine/Plugins/Media/ImgMedia/ImgMedia.uplugin" 124
"../../../Engine/Plugins/Media/MediaCompositing/MediaCompositing.uplugin" 125
"../../../Engine/Plugins/Media/MediaFrameworkUtilities/MediaFrameworkUtilities.uplugin" 126
"../../../Engine/Plugins/Media/MediaMovieStreamer/MediaMovieStreamer.uplugin" 127
"../../../Engine/Plugins/Media/HLMedia/HLMedia.uplugin" 128
"../../../Engine/Plugins/Media/BlackmagicMedia/BlackmagicMedia.uplugin" 129
"../../../Engine/Plugins/Media/MediaPlayerEditor/MediaPlayerEditor.uplugin" 130
"../../../Engine/Plugins/Media/ElectraCDM/ElectraCDM.uplugin" 131
"../../../Engine/Plugins/Media/LinearTimecode/LinearTimecode.uplugin" 132
"../../../Engine/Plugins/Media/HAPMedia/HAPMedia.uplugin" 133
"../../../Engine/Plugins/Media/TimecodeSynchronizer/TimecodeSynchronizer.uplugin" 134
"../../../Engine/Plugins/Messaging/MessagingDebugger/MessagingDebugger.uplugin" 135
"../../../Engine/Plugins/Media/WmfMedia/WmfMedia.uplugin" 136
"../../../Engine/Plugins/Messaging/TcpMessaging/TcpMessaging.uplugin" 137
"../../../Engine/Plugins/Media/WebMMedia/WebMMedia.uplugin" 138
"../../../Engine/Plugins/NetcodeUnitTest/NetcodeUnitTest/NetcodeUnitTest.uplugin" 139
"../../../Engine/Plugins/Performance/PerformanceMonitor/PerformanceMonitor.uplugin" 140
"../../../Engine/Plugins/Media/MfMedia/MfMedia.uplugin" 141
"../../../Engine/Plugins/Media/PixelStreaming/PixelStreaming.uplugin" 142
"../../../Engine/Plugins/MovieScene/ActorSequence/ActorSequence.uplugin" 143
"../../../Engine/Plugins/Messaging/UdpMessaging/UdpMessaging.uplugin" 144
"../../../Engine/Plugins/MovieScene/LevelSequenceEditor/LevelSequenceEditor.uplugin" 145
"../../../Engine/Plugins/Media/MediaIOFramework/MediaIOFramework.uplugin" 146
"../../../Engine/Plugins/NetcodeUnitTest/NUTUnrealEngine4/NUTUnrealEngine4.uplugin" 147
"../../../Engine/Plugins/Media/ElectraUtil/ElectraUtil.uplugin" 148
"../../../Engine/Plugins/MovieScene/SequencerScripting/SequencerScripting.uplugin" 149
"../../../Engine/Plugins/MovieScene/CustomizableSequencerTracks/CustomizableSequencerTracks.uplugin" 150
"../../../Engine/Plugins/Online/EOSShared/EOSShared.uplugin" 151
"../../../Engine/Plugins/Online/OnlineFramework/OnlineFramework.uplugin" 152
"../../../Engine/Plugins/Online/OnlineSubsystem/OnlineSubsystem.uplugin" 153
"../../../Engine/Plugins/MovieScene/MoviePipelineMaskRenderPass/MoviePipelineMaskRenderPass.uplugin" 154
"../../../Engine/Plugins/MovieScene/MovieRenderPipeline/MovieRenderPipeline.uplugin" 155
"../../../Engine/Plugins/Runtime/ActorLayerUtilities/ActorLayerUtilities.uplugin" 156
"../../../Engine/Plugins/MovieScene/TemplateSequence/TemplateSequence.uplugin" 157
"../../../Engine/Plugins/Portal/LauncherChunkInstaller/LauncherChunkInstaller.uplugin" 158
"../../../Engine/Plugins/MovieScene/MatineeToLevelSequence/MatineeToLevelSequence.uplugin" 159
"../../../Engine/Plugins/Online/OnlineSubsystemFacebook/OnlineSubsystemFacebook.uplugin" 160
"../../../Engine/Plugins/Runtime/AndroidMoviePlayer/AndroidMoviePlayer.uplugin" 161
"../../../Engine/Plugins/Online/OnlineSubsystemApple/OnlineSubsystemApple.uplugin" 162
"../../../Engine/Plugins/Online/OnlineSubsystemNull/OnlineSubsystemNull.uplugin" 163
"../../../Engine/Plugins/Online/OnlineSubsystemEOS/OnlineSubsystemEOS.uplugin" 164
"../../../Engine/Plugins/Online/OnlineSubsystemOculus/OnlineSubsystemOculus.uplugin" 165
"../../../Engine/Plugins/MovieScene/ReplayTracks/ReplayTracks.uplugin" 166
"../../../Engine/Plugins/Online/OnlineSubsystemAmazon/OnlineSubsystemAmazon.uplugin" 167
"../../../Engine/Plugins/Online/OnlineSubsystemTencent/OnlineSubsystemTencent.uplugin" 168
"../../../Engine/Plugins/Online/WebAuth/WebAuth.uplugin" 169
"../../../Engine/Plugins/Runtime/AnimDistanceMatching/AnimDistanceMatching.uplugin" 170
"../../../Engine/Plugins/Runtime/AnimationBudgetAllocator/AnimationBudgetAllocator.uplugin" 171
"../../../Engine/Plugins/Online/OnlineSubsystemSteam/OnlineSubsystemSteam.uplugin" 172
"../../../Engine/Plugins/Online/OnlineSubsystemUtils/OnlineSubsystemUtils.uplugin" 173
"../../../Engine/Plugins/Runtime/AppleMoviePlayer/AppleMoviePlayer.uplugin" 174
"../../../Engine/Plugins/Runtime/AndroidPermission/AndroidPermission.uplugin" 175
"../../../Engine/Plugins/Runtime/AudioCapture/AudioCapture.uplugin" 176
"../../../Engine/Plugins/Runtime/AudioSynesthesia/AudioSynesthesia.uplugin" 177
"../../../Engine/Plugins/Runtime/ApexDestruction/ApexDestruction.uplugin" 178
"../../../Engine/Plugins/Runtime/CableComponent/CableComponent.uplugin" 179
"../../../Engine/Plugins/Online/OnlineSubsystemGoogle/OnlineSubsystemGoogle.uplugin" 180
"../../../Engine/Plugins/Runtime/ArchVisCharacter/ArchVisCharacter.uplugin" 181
"../../../Engine/Plugins/Runtime/AudioModulation/AudioModulation.uplugin" 182
"../../../Engine/Plugins/Runtime/AndroidDeviceProfileSelector/AndroidDeviceProfileSelector.uplugin" 183
"../../../Engine/Plugins/Online/OnlineSubsystemTwitch/OnlineSubsystemTwitch.uplugin" 184
"../../../Engine/Plugins/Runtime/AppleImageUtils/AppleImageUtils.uplugin" 185
"../../../Engine/Plugins/Runtime/ChunkDownloader/ChunkDownloader.uplugin" 186
"../../../Engine/Plugins/Runtime/ExampleDeviceProfileSelector/ExampleDeviceProfileSelector.uplugin" 187
"../../../Engine/Plugins/Runtime/Firebase/Firebase.uplugin" 188
"../../../Engine/Plugins/Runtime/CustomMeshComponent/CustomMeshComponent.uplugin" 189
"../../../Engine/Plugins/Runtime/DataRegistry/DataRegistry.uplugin" 190
"../../../Engine/Plugins/Runtime/GoogleCloudMessaging/GoogleCloudMessaging.uplugin" 191
"../../../Engine/Plugins/Slate/SlateInsights/SlateInsights.uplugin" 192
"../../../Engine/Plugins/Runtime/HDRIBackdrop/HDRIBackdrop.uplugin" 193
"../../../Engine/Plugins/Runtime/HairStrands/HairStrands.uplugin" 194
"../../../Engine/Plugins/Runtime/GameplayAbilities/GameplayAbilities.uplugin" 195
"../../../Engine/Plugins/Runtime/GeoReferencing/GeoReferencing.uplugin" 196
"../../../Engine/Plugins/Runtime/HTTPChunkInstaller/HTTPChunkInstaller.uplugin" 197
"../../../Engine/Plugins/Slate/SlateRemote/SlateRemote.uplugin" 198
"../../../Engine/Plugins/Runtime/IOSReplayKit/IOSReplayKit.uplugin" 199
"../../../Engine/Plugins/Runtime/AssetTags/AssetTags.uplugin" 200
"../../../Engine/Plugins/Runtime/LiveLinkOvernDisplay/LiveLinkOverNDisplay.uplugin" 201
"../../../Engine/Plugins/Runtime/LocationServicesBPLibrary/LocationServicesBPLibrary.uplugin" 202
"../../../Engine/Plugins/Runtime/GooglePAD/GooglePAD.uplugin" 203
"../../../Engine/Plugins/Runtime/EditableMesh/EditableMesh.uplugin" 204
"../../../Engine/Plugins/Runtime/MicrosoftSpatialAudio/MicroSoftSpatialSound.uplugin" 205
"../../../Engine/Plugins/Runtime/LocationServicesAndroidImpl/LocationServicesAndroidImpl.uplugin" 206
"../../../Engine/Plugins/Runtime/MixedRealityCaptureFramework/MixedRealityCaptureFramework.uplugin" 207
"../../../Engine/Plugins/Runtime/nDisplay/nDisplay.uplugin" 208
"../../../Engine/Plugins/Runtime/LocationServicesIOSImpl/LocationServicesIOSImpl.uplugin" 209
"../../../Engine/Plugins/Runtime/MIDIDevice/MIDIDevice.uplugin" 210
"../../../Engine/Plugins/Runtime/OpenXREyeTracker/OpenXREyeTracker.uplugin" 211
"../../../Engine/Plugins/Runtime/MobilePatchingUtils/MobilePatchingUtils.uplugin" 212
"../../../Engine/Plugins/Runtime/OpenXRMsftHandInteraction/OpenXRMsftHandInteraction.uplugin" 213
"../../../Engine/Plugins/Runtime/IOSDeviceProfileSelector/IOSDeviceProfileSelector.uplugin" 214
"../../../Engine/Plugins/Runtime/NetworkPrediction/NetworkPrediction.uplugin" 215
"../../../Engine/Plugins/Runtime/NetworkPredictionInsights/NetworkPredictionInsights.uplugin" 216
"../../../Engine/Plugins/Runtime/OSC/OSC.uplugin" 217
"../../../Engine/Plugins/Runtime/OpenXR/OpenXR.uplugin" 218
"../../../Engine/Plugins/Runtime/LinuxDeviceProfileSelector/LinuxDeviceProfileSelector.uplugin" 219
"../../../Engine/Plugins/Runtime/OpenXRHandTracking/OpenXRHandTracking.uplugin" 220
"../../../Engine/Plugins/Runtime/PropertyAccess/PropertyAccessEditor.uplugin" 221
"../../../Engine/Plugins/Runtime/OptionalMobileFeaturesBPLibrary/OptionalMobileFeaturesBPLibrary.uplugin" 222
"../../../Engine/Plugins/Runtime/NetworkPredictionExtras/NetworkPredictionExtras.uplugin" 223
"../../../Engine/Plugins/Runtime/ReplicationGraph/ReplicationGraph.uplugin" 224
"../../../Engine/Plugins/Runtime/ResonanceAudio/ResonanceAudio.uplugin" 225
"../../../Engine/Plugins/Runtime/PostSplashScreen/PostSplashScreen.uplugin" 226
"../../../Engine/Plugins/Runtime/PreLoadScreenMoviePlayer/PreLoadScreenMoviePlayer.uplugin" 227
"../../../Engine/Plugins/Runtime/PhysXVehicles/PhysXVehicles.uplugin" 228
"../../../Engine/Plugins/Runtime/SoundMod/SoundMod.uplugin" 229
"../../../Engine/Plugins/Runtime/SoundUtilities/SoundUtilities.uplugin" 230
"../../../Engine/Plugins/Runtime/RuntimePhysXCooking/RuntimePhysXCooking.uplugin" 231
"../../../Engine/Plugins/Runtime/OSCModulationMixing/OSCModulationMixing.uplugin" 232
"../../../Engine/Plugins/Runtime/SoundVisualizations/SoundVisualizations.uplugin" 233
"../../../Engine/Plugins/Runtime/SunPosition/SunPosition.uplugin" 234
"../../../Engine/Plugins/Runtime/SoundFields/SoundFields.uplugin" 235
"../../../Engine/Plugins/Runtime/SignificanceManager/SignificanceManager.uplugin" 236
"../../../Engine/Plugins/Tests/EditorTests/EditorTests.uplugin" 237
"../../../Engine/Plugins/Runtime/ProceduralMeshComponent/ProceduralMeshComponent.uplugin" 238
"../../../Engine/Plugins/Runtime/WarpUtils/WarpUtils.uplugin" 239
"../../../Engine/Plugins/Tests/FbxAutomationTestBuilder/FbxAutomationTestBuilder.uplugin" 240
"../../../Engine/Plugins/Runtime/TimeSynth/TimeSynth.uplugin" 241
"../../../Engine/Plugins/Runtime/WebBrowserWidget/WebBrowserWidget.uplugin" 242
"../../../Engine/Plugins/Runtime/Synthesis/Synthesis.uplugin" 243
"../../../Engine/Plugins/Runtime/WindowsMixedReality/WindowsMixedReality.uplugin" 244
"../../../Engine/Plugins/Runtime/WindowsDeviceProfileSelector/WindowsDeviceProfileSelector.uplugin" 245
"../../../Engine/Plugins/Tests/FunctionalTestingEditor/FunctionalTestingEditor.uplugin" 246
"../../../Engine/Plugins/Tests/PythonAutomationTest/PythonAutomationTest.uplugin" 247
"../../../Engine/Plugins/Runtime/SoundCueTemplates/SoundCueTemplates.uplugin" 248
"../../../Engine/Plugins/Runtime/Spatialization/Spatialization.uplugin" 249
"../../../Engine/Plugins/Runtime/WebBrowserNativeProxy/WebBrowserNativeProxy.uplugin" 250
"../../../Engine/Plugins/Tests/ScreenshotTools/ScreenshotTools.uplugin" 251
"../../../Engine/Plugins/VirtualProduction/CameraCalibration/CameraCalibration.uplugin" 252
"../../../Engine/Plugins/Runtime/TextureShare/TextureShare.uplugin" 253
"../../../Engine/Plugins/Tests/RHITests/RHITests.uplugin" 254
"../../../Engine/Plugins/VirtualProduction/CompositePlane/CompositePlane.uplugin" 255
"../../../Engine/Plugins/VirtualProduction/DataCharts/DataCharts.uplugin" 256
"../../../Engine/Plugins/Runtime/WebMMoviePlayer/WebMMoviePlayer.uplugin" 257
"../../../Engine/Plugins/Runtime/WindowsMoviePlayer/WindowsMoviePlayer.uplugin" 258
"../../../Engine/Plugins/VirtualProduction/LiveLinkFreeD/LiveLinkFreeD.uplugin" 259
"../../../Engine/Plugins/Runtime/HPMotionController/HPMotionController.uplugin" 260
"../../../Engine/Plugins/VirtualProduction/ICVFX/ICVFX.uplugin" 261
"../../../Engine/Plugins/VirtualProduction/CameraCalibrationCore/CameraCalibrationCore.uplugin" 262
"../../../Engine/Plugins/VirtualProduction/LiveLinkVRPN/LiveLinkVRPN.uplugin" 263
"../../../Engine/Plugins/Experimental/ActorPalette/ActorPalette.uplugin" 264
"../../../Engine/Plugins/VirtualProduction/LiveLinkCamera/LiveLinkCamera.uplugin" 265
"../../../Engine/Plugins/Tests/RuntimeTests/RuntimeTests.uplugin" 266
"../../../Engine/Plugins/VirtualProduction/LiveLinkMasterLockit/LiveLinkMasterLockit.uplugin" 267
"../../../Engine/Plugins/FX/Niagara/Niagara.uplugin" 268
"../../../Engine/Plugins/VirtualProduction/LiveLinkLens/LiveLinkLens.uplugin" 269
"../../../Engine/Plugins/VirtualProduction/MultiUserTakes/MultiUserTakes.uplugin" 270
"../../../Engine/Plugins/VirtualProduction/RemoteControl/RemoteControl.uplugin" 271
"../../../Engine/Plugins/VirtualProduction/LiveLinkXR/LiveLinkXR.uplugin" 272
"../../../Engine/Plugins/FX/NiagaraExtras/NiagaraExtras.uplugin" 273
"../../../Engine/Plugins/Experimental/AlembicImporter/AlembicImporter.uplugin" 274
"../../../Engine/Plugins/VirtualProduction/LiveLinkPrestonMDR/LiveLinkPrestonMDR.uplugin" 275
"../../../Engine/Plugins/VirtualProduction/RemoteControlProtocolMIDI/RemoteControlProtocolMIDI.uplugin" 276
"../../../Engine/Plugins/Experimental/AppleVision/AppleVision.uplugin" 277
"../../../Engine/Plugins/VirtualProduction/RemoteControlProtocolOSC/RemoteControlProtocolOSC.uplugin" 278
"../../../Engine/Plugins/VirtualProduction/RemoteControlWebInterface/RemoteControlWebInterface.uplugin" 279
"../../../Engine/Plugins/VirtualProduction/RemoteControlInterception/RemoteControlInterception.uplugin" 280
"../../../Engine/Plugins/VirtualProduction/RemoteControlProtocolDMX/RemoteControlProtocolDMX.uplugin" 281
"../../../Engine/Plugins/VirtualProduction/TimedDataMonitor/TimedDataMonitor.uplugin" 282
"../../../Engine/Plugins/VirtualProduction/Switchboard/Switchboard.uplugin" 283
"../../../Engine/Plugins/VirtualProduction/nDisplaySupportForLevelSnapshots/nDisplaySupportForLevelSnapshots.uplugin" 284
"../../../Engine/Plugins/Experimental/AutomationUtils/AutomationUtils.uplugin" 285
"../../../Engine/Plugins/FX/CascadeToNiagaraConverter/CascadeToNiagaraConverter.uplugin" 286
"../../../Engine/Plugins/Experimental/BlueprintStats/BlueprintStats.uplugin" 287
"../../../Engine/Plugins/Experimental/ChaosCaching/ChaosCaching.uplugin" 288
"../../../Engine/Plugins/Experimental/ChaosCloth/ChaosCloth.uplugin" 289
"../../../Engine/Plugins/VirtualProduction/StageMonitoring/StageMonitoring.uplugin" 290
"../../../Engine/Plugins/Experimental/BlastPlugin/BlastPlugin.uplugin" 291
"../../../Engine/Plugins/Experimental/ChaosNiagara/ChaosNiagara.uplugin" 292
"../../../Engine/Plugins/VirtualProduction/Takes/Takes.uplugin" 293
"../../../Engine/Plugins/Experimental/ChaosVehiclesPlugin/ChaosVehiclesPlugin.uplugin" 294
"../../../Engine/Plugins/Experimental/CodeEditor/CodeEditor.uplugin" 295
"../../../Engine/Plugins/Experimental/BackChannel/BackChannel.uplugin" 296
"../../../Engine/Plugins/Experimental/CodeView/CodeView.uplugin" 297
"../../../Engine/Plugins/VirtualProduction/LevelSnapshots/LevelSnapshots.uplugin" 298
"../../../Engine/Plugins/Experimental/CharacterAI/CharacterAI.uplugin" 299
"../../../Engine/Plugins/Experimental/ColorCorrectRegions/ColorCorrectRegions.uplugin" 300
"../../../Engine/Plugins/Experimental/ChaosClothEditor/ChaosClothEditor.uplugin" 301
"../../../Engine/Plugins/Experimental/EnhancedInput/EnhancedInput.uplugin" 302
"../../../Engine/Plugins/Experimental/ChaosSolverPlugin/ChaosSolverPlugin.uplugin" 303
"../../../Engine/Plugins/Experimental/ExampleAssetEditor/ExampleAssetEditor.uplugin" 304
"../../../Engine/Plugins/Experimental/FieldSystemPlugin/FieldSystemPlugin.uplugin" 305
"../../../Engine/Plugins/Experimental/FullBodyIK/FullBodyIK.uplugin" 306
"../../../Engine/Plugins/Experimental/ControlRig/ControlRig.uplugin" 307
"../../../Engine/Plugins/Experimental/GeometryCache/GeometryCache.uplugin" 308
"../../../Engine/Plugins/Experimental/GeometryCacheAbcFile/GeometryCacheAbcFile.uplugin" 309
"../../../Engine/Plugins/Experimental/GameFeatures/GameFeatures.uplugin" 310
"../../../Engine/Plugins/Experimental/GeometryCollectionPlugin/GeometryCollectionPlugin.uplugin" 311
"../../../Engine/Plugins/Experimental/CommonUI/CommonUI.uplugin" 312
"../../../Engine/Plugins/Experimental/GizmoFramework/GizmoFramework.uplugin" 313
"../../../Engine/Plugins/Experimental/GPULightmass/GPULightmass.uplugin" 314
"../../../Engine/Plugins/Experimental/ImagePlate/ImagePlate.uplugin" 315
"../../../Engine/Plugins/Experimental/Gauntlet/Gauntlet.uplugin" 316
"../../../Engine/Plugins/Experimental/GeometryProcessing/GeometryProcessing.uplugin" 317
"../../../Engine/Plugins/Experimental/ChaosEditor/ChaosEditor.uplugin" 318
"../../../Engine/Plugins/Experimental/LiveLinkControlRig/LiveLinkControlRig.uplugin" 319
"../../../Engine/Plugins/Experimental/ImpostorBaker/ImpostorBaker.uplugin" 320
"../../../Engine/Plugins/Experimental/MeshModelingToolset/MeshModelingToolset.uplugin" 321
"../../../Engine/Plugins/Experimental/GizmoEdMode/GizmoEdMode.uplugin" 322
"../../../Engine/Plugins/Experimental/CommonConversation/CommonConversation.uplugin" 323
"../../../Engine/Plugins/Experimental/ModelingToolsEditorMode/ModelingToolsEditorMode.uplugin" 324
"../../../Engine/Plugins/Experimental/MotionTrailEditorMode/MotionTrailEditorMode.uplugin" 325
"../../../Engine/Plugins/Experimental/OpenImageDenoise/OpenImageDenoise.uplugin" 326
"../../../Engine/Plugins/Experimental/MotoSynth/MotoSynth.uplugin" 327
"../../../Engine/Plugins/Experimental/PythonScriptPlugin/PythonScriptPlugin.uplugin" 328
"../../../Engine/Plugins/Experimental/ProxyLODPlugin/ProxyLODPlugin.uplugin" 329
"../../../Engine/Plugins/Experimental/RawInput/RawInput.uplugin" 330
"../../../Engine/Plugins/Experimental/Landmass/Landmass.uplugin" 331
"../../../Engine/Plugins/Experimental/PlatformCrypto/PlatformCrypto.uplugin" 332
"../../../Engine/Plugins/Experimental/PanoramicCapture/PanoramicCapture.uplugin" 333
"../../../Engine/Plugins/Experimental/ShallowWater/ShallowWater.uplugin" 334
"../../../Engine/Plugins/Experimental/PlanarCutPlugin/PlanarCut.uplugin" 335
"../../../Engine/Plugins/Experimental/RemoteSession/RemoteSession.uplugin" 336
"../../../Engine/Plugins/Experimental/VirtualHeightfieldMesh/VirtualHeightfieldMesh.uplugin" 337
"../../../Engine/Plugins/Experimental/Shotgun/Shotgun.uplugin" 338
"../../../Engine/Plugins/Experimental/VirtualProductionUtilities/VirtualProductionUtilities.uplugin" 339
"../../../Engine/Plugins/Experimental/Volumetrics/Volumetrics.uplugin" 340
"../../../Engine/Plugins/Experimental/SkeletalReduction/SkeletalReduction.uplugin" 341
"../../../Engine/Plugins/Experimental/Text3D/Text3D.uplugin" 342
"../../../Engine/Plugins/Experimental/Water/Water.uplugin" 343
"../../../Engine/Plugins/Experimental/SampleToolsEditorMode/SampleToolsEditorMode.uplugin" 344
"../../../Engine/Plugins/Experimental/ModularGameplay/ModularGameplay.uplugin" 345
"../../../Engine/Plugins/Experimental/SimpleHMD/SimpleHMD.uplugin" 346
"../../../Engine/Plugins/Developer/Concert/ConcertMain/ConcertMain.uplugin" 347
"../../../Engine/Plugins/Experimental/WebSocketNetworking/WebSocketNetworking.uplugin" 348
"../../../Engine/Plugins/Developer/Concert/MultiUserClient/MultiUserClient.uplugin" 349
"../../../Engine/Plugins/Experimental/VirtualCamera/VirtualCamera.uplugin" 350
"../../../Engine/Plugins/Editor/ContentBrowser/ContentBrowserAssetDataSource/ContentBrowserAssetDataSource.uplugin" 351
"../../../Engine/Plugins/Online/Android/OnlineSubsystemGooglePlay/OnlineSubsystemGooglePlay.uplugin" 352
"../../../Engine/Plugins/Online/IOS/OnlineSubsystemIOS/OnlineSubsystemIOS.uplugin" 353
"../../../Engine/Plugins/Runtime/Advertising/IOSTapJoy/IOSTapJoy.uplugin" 354
"../../../Engine/Plugins/Runtime/Analytics/AnalyticsBlueprintLibrary/AnalyticsBlueprintLibrary.uplugin" 355
"../../../Engine/Plugins/Editor/ContentBrowser/ContentBrowserClassDataSource/ContentBrowserClassDataSource.uplugin" 356
"../../../Engine/Plugins/Editor/ContentBrowser/ContentBrowserFileDataSource/ContentBrowserFileDataSource.uplugin" 357
"../../../Engine/Plugins/Runtime/Analytics/Adjust/Adjust.uplugin" 358
"../../../Engine/Plugins/Online/VoiceChat/EOSVoiceChat/EOSVoiceChat.uplugin" 359
"../../../Engine/Plugins/Developer/Concert/DisasterRecoveryClient/DisasterRecoveryClient.uplugin" 360
"../../../Engine/Plugins/Online/VoiceChat/VivoxVoiceChat/VivoxVoiceChat.uplugin" 361
"../../../Engine/Plugins/Online/VoiceChat/VoiceChat/VoiceChat.uplugin" 362
"../../../Engine/Plugins/Runtime/AR/ARUtilities/ARUtilities.uplugin" 363
"../../../Engine/Plugins/Runtime/AR/AzureSpatialAnchorsForARKit/AzureSpatialAnchorsForARKit.uplugin" 364
"../../../Engine/Plugins/Runtime/AR/AzureSpatialAnchorsForWMR/AzureSpatialAnchorsForWMR.uplugin" 365
"../../../Engine/Plugins/Runtime/Analytics/AnalyticsMulticast/AnalyticsMulticast.uplugin" 366
"../../../Engine/Plugins/Runtime/AR/AzureSpatialAnchorsForARCore/AzureSpatialAnchorsForARCore.uplugin" 367
"../../../Engine/Plugins/Runtime/Analytics/Flurry/Flurry.uplugin" 368
"../../../Engine/Plugins/Runtime/AR/AzureSpatialAnchors/AzureSpatialAnchors.uplugin" 369
"../../../Engine/Plugins/Runtime/Database/DatabaseSupport/DatabaseSupport.uplugin" 370
"../../../Engine/Plugins/Runtime/GoogleVR/GoogleVRHMD/GoogleVRHMD.uplugin" 371
"../../../Engine/Plugins/Runtime/GoogleVR/GoogleVRController/GoogleVRController.uplugin" 372
"../../../Engine/Plugins/Runtime/Database/RemoteDatabaseSupport/RemoteDatabaseSupport.uplugin" 373
"../../../Engine/Plugins/Runtime/MeshReconstruction/DummyMeshReconstructor/DummyMeshReconstructor.uplugin" 374
"../../../Engine/Plugins/Runtime/Database/SQLiteSupport/SQLiteSupport.uplugin" 375
"../../../Engine/Plugins/Runtime/Analytics/FileLogging/FileLogging.uplugin" 376
"../../../Engine/Plugins/Online/Android/OnlineSubsystemGameCircle/OnlineSubsystemGameCircle.uplugin" 377
"../../../Engine/Plugins/Runtime/Oculus/OculusAudio/OculusAudio.uplugin" 378
"../../../Engine/Plugins/Runtime/Oculus/OculusVR/OculusVR.uplugin" 379
"../../../Engine/Plugins/Runtime/Database/SQLiteCore/SQLiteCore.uplugin" 380
"../../../Engine/Plugins/Runtime/PacketHandlers/AESGCMHandlerComponent/AESGCMHandlerComponent.uplugin" 381
"../../../Engine/Plugins/Runtime/GoogleVR/GoogleVRTransition2D/GoogleVRTransition2D.uplugin" 382
"../../../Engine/Plugins/Runtime/Database/ADOSupport/ADOSupport.uplugin" 383
"../../../Engine/Plugins/Runtime/Oculus/OculusOpenXR/OculusOpenXR.uplugin" 384
"../../../Engine/Plugins/Runtime/Nvidia/Ansel/Ansel.uplugin" 385
"../../../Engine/Plugins/Runtime/Nvidia/Reflex/Reflex.uplugin" 386
"../../../Engine/Plugins/Runtime/PacketHandlers/DTLSHandlerComponent/DTLSHandlerComponent.uplugin" 387
"../../../Engine/Plugins/Runtime/Steam/SteamSockets/SteamSockets.uplugin" 388
"../../../Engine/Plugins/Runtime/XR/XRVisualization/XRVisualization.uplugin" 389
"../../../Engine/Plugins/Runtime/Windows/WinDualShock/WinDualShock.uplugin" 390
"../../../Engine/Plugins/Runtime/Steam/SteamController/SteamController.uplugin" 391
"../../../Engine/Plugins/Runtime/Steam/SteamVR/SteamVR.uplugin" 392
"../../../Engine/Plugins/Runtime/Steam/SteamAudio/SteamAudio.uplugin" 393
"../../../Engine/Plugins/Runtime/PacketHandlers/AESHandlerComponent/AESHandlerComponent.uplugin" 394
"../../../Engine/Plugins/VirtualProduction/DMX/DMXDisplayCluster/DMXDisplayCluster.uplugin" 395
"../../../Engine/Plugins/Runtime/Steam/SteamShared/SteamShared.uplugin" 396
"../../../Engine/Plugins/VirtualProduction/DMX/DMXEngine/DMXEngine.uplugin" 397
"../../../Engine/Plugins/Experimental/VirtualProduction/LedWallCalibration/LedWallCalibration.uplugin" 398
"../../../Engine/Plugins/Developer/Concert/ConcertSync/ConcertSyncCore/ConcertSyncCore.uplugin" 399
"../../../Engine/Plugins/VirtualProduction/DMX/DMXProtocol/DMXProtocol.uplugin" 400
"../../../Engine/Plugins/Experimental/AR/PointCloud/PointCloud.uplugin" 401
"../../../Engine/Plugins/Experimental/Enterprise/DataprepGeometryOperations/DataprepGeometryOperations.uplugin" 402
"../../../Engine/Plugins/Developer/Concert/ConcertSync/ConcertSyncClient/ConcertSyncClient.uplugin" 403
"../../../Engine/Plugins/VirtualProduction/DMX/DMXFixtures/DMXFixtures.uplugin" 404
"../../../Engine/Plugins/Runtime/AR/Google/GoogleARCore/GoogleARCore.uplugin" 405
"../../../Engine/Plugins/VirtualProduction/DMX/DMXPixelMapping/DMXPixelMapping.uplugin" 406
"../../../Engine/Plugins/Developer/Concert/ConcertSync/ConcertSyncTest/ConcertSyncTest.uplugin" 407
"../../../Engine/Plugins/Developer/Concert/ConcertSync/ConcertSyncServer/ConcertSyncServer.uplugin" 408
"../../../Engine/Plugins/Runtime/AR/AppleAR/AppleARKit/AppleARKit.uplugin" 409
"../../../Engine/Plugins/Runtime/AR/AppleAR/AppleARKitFaceSupport/AppleARKitFaceSupport.uplugin" 410
"../../../Engine/Plugins/Runtime/AR/Microsoft/HoloLensAR/HoloLensAR.uplugin" 411
"../../../Engine/Plugins/Runtime/AR/Google/GoogleARCoreServices/GoogleARCoreServices.uplugin" 412
"../../../Engine/Plugins/Experimental/Enterprise/DatasmithRuntime/DatasmithRuntime.uplugin" 413
"../../../Engine/Content/Internationalization/icudt64l/cnvalias.icu" 414
"../../../Engine/Content/Internationalization/icudt64l/res_index.res" 415
"../../../Engine/Content/Internationalization/icudt64l/plurals.res" 416
"../../../Engine/Content/Internationalization/icudt64l/lang/zh_CN.res" 417
"../../../Engine/Content/Internationalization/icudt64l/lang/pool.res" 418
"../../../Engine/Content/Internationalization/icudt64l/lang/zh_Hans_CN.res" 419
"../../../Engine/Content/Internationalization/icudt64l/lang/zh_Hans.res" 420
"../../../Engine/Content/Internationalization/icudt64l/lang/zh.res" 421
"../../../Engine/Content/Internationalization/icudt64l/lang/root.res" 422
"../../../Engine/Content/Internationalization/icudt64l/region/zh_CN.res" 423
"../../../Engine/Content/Internationalization/icudt64l/region/pool.res" 424
"../../../Engine/Content/Internationalization/icudt64l/region/zh_Hans_CN.res" 425
"../../../Engine/Content/Internationalization/icudt64l/region/zh_Hans.res" 426
"../../../Engine/Content/Internationalization/icudt64l/region/zh.res" 427
"../../../Engine/Content/Internationalization/icudt64l/region/root.res" 428
"../../../Engine/Content/Internationalization/icudt64l/lang/en.res" 429
"../../../Engine/Content/Internationalization/icudt64l/region/en.res" 430
"../../../Engine/Content/Internationalization/icudt64l/windowsZones.res" 431
"../../../Engine/Content/Internationalization/icudt64l/zoneinfo64.res" 432
"../../../Engine/Content/Internationalization/icudt64l/keyTypeData.res" 433
"../../../Engine/Content/Internationalization/icudt64l/timezoneTypes.res" 434
"../../../Engine/Content/Internationalization/icudt64l/likelySubtags.res" 435
"../../../Engine/Content/Internationalization/icudt64l/zh_CN.res" 436
"../../../Engine/Content/Internationalization/icudt64l/pool.res" 437
"../../../Engine/Content/Internationalization/icudt64l/zh_Hans_CN.res" 438
"../../../Engine/Content/Internationalization/icudt64l/zh_Hans.res" 439
"../../../Engine/Content/Internationalization/icudt64l/zh.res" 440
"../../../Engine/Content/Internationalization/icudt64l/root.res" 441
"../../../Engine/Content/Internationalization/icudt64l/supplementalData.res" 442
"C:/Users/23589/AppData/Local/UnrealEngine/4.27/Saved/Config/Windows/Manifest.ini" 443
"../../../Engine/Config/Windows/BaseWindowsEngine.ini" 444
"../../../Engine/Config/Windows/WindowsEngine.ini" 445
"D:/TPSDuel/Saved/Config/Windows/Engine.ini" 446
"../../../Engine/Config/BaseGame.ini" 447
"../../../../../../TPSDuel/Config/DefaultGame.ini" 448
"../../../Engine/Config/Windows/WindowsGame.ini" 449
"D:/TPSDuel/Saved/Config/Windows/Game.ini" 450
"../../../Engine/Config/BaseInput.ini" 451
"../../../../../../TPSDuel/Config/DefaultInput.ini" 452
"D:/TPSDuel/Saved/Config/Windows/Input.ini" 453
"../../../Engine/Config/BaseEditor.ini" 454
"D:/TPSDuel/Saved/Config/Windows/Editor.ini" 455
"../../../Engine/Config/BaseEditorPerProjectUserSettings.ini" 456
"D:/TPSDuel/Saved/Config/Windows/EditorPerProjectUserSettings.ini" 457
"../../../Engine/Config/BaseEditorSettings.ini" 458
"C:/Users/23589/AppData/Local/UnrealEngine/4.27/Saved/Config/Windows/EditorSettings.ini" 459
"../../../Engine/Config/BaseEditorKeyBindings.ini" 460
"C:/Users/23589/AppData/Local/UnrealEngine/4.27/Saved/Config/Windows/EditorKeyBindings.ini" 461
"C:/Users/23589/AppData/Local/UnrealEngine/4.27/Saved/Config/Windows/EditorLayout.ini" 462
"../../../Engine/Config/BaseCompat.ini" 463
"D:/TPSDuel/Saved/Config/Windows/Compat.ini" 464
"../../../Engine/Config/BaseLightmass.ini" 465
"D:/TPSDuel/Saved/Config/Windows/Lightmass.ini" 466
"../../../Engine/Config/BaseScalability.ini" 467
"D:/TPSDuel/Saved/Config/Windows/Scalability.ini" 468
"../../../Engine/Config/BaseHardware.ini" 469
"D:/TPSDuel/Saved/Config/Windows/Hardware.ini" 470
"../../../Engine/Config/BaseRuntimeOptions.ini" 471
"D:/TPSDuel/Saved/Config/Windows/RuntimeOptions.ini" 472
"../../../Engine/Config/BaseInstallBundle.ini" 473
"../../../Engine/Config/BaseDeviceProfiles.ini" 474
"D:/TPSDuel/Saved/Config/Windows/DeviceProfiles.ini" 475
"../../../Engine/Config/BaseGameUserSettings.ini" 476
"D:/TPSDuel/Saved/Config/Windows/GameUserSettings.ini" 477
"../../../../../../TPSDuel/Binaries/Win64/TPSDuel.target" 478
"../../../../../../TPSDuel/Binaries/Win64/TPSDuelEditor.target" 479
"../../../Engine/Plugins/2D/Paper2D/Config/BasePaper2D.ini" 480
"D:/TPSDuel/Saved/Config/Windows/Paper2D.ini" 481
"../../../Engine/Plugins/Editor/EditorScriptingUtilities/Config/BaseEditorScriptingUtilities.ini" 482
"D:/TPSDuel/Saved/Config/Windows/EditorScriptingUtilities.ini" 483
"../../../Engine/Plugins/Enterprise/VariantManagerContent/Config/BaseVariantManagerContent.ini" 484
"D:/TPSDuel/Saved/Config/Windows/VariantManagerContent.ini" 485
"../../../Engine/Plugins/Lumin/MagicLeap/Config/BaseMagicLeap.ini" 486
"D:/TPSDuel/Saved/Config/Windows/MagicLeap.ini" 487
"../../../Engine/Plugins/Lumin/MagicLeapLightEstimation/Config/BaseMagicLeapLightEstimation.ini" 488
"D:/TPSDuel/Saved/Config/Windows/MagicLeapLightEstimation.ini" 489
"../../../Engine/Plugins/Runtime/PhysXVehicles/Config/BasePhysXVehicles.ini" 490
"D:/TPSDuel/Saved/Config/Windows/PhysXVehicles.ini" 491
"../../../Engine/Plugins/Runtime/PostSplashScreen/Config/BasePostSplashScreen.ini" 492
"D:/TPSDuel/Saved/Config/Windows/PostSplashScreen.ini" 493
"../../../Engine/Plugins/Runtime/Synthesis/Config/BaseSynthesis.ini" 494
"D:/TPSDuel/Saved/Config/Windows/Synthesis.ini" 495
"../../../Engine/Plugins/FX/Niagara/Config/BaseNiagara.ini" 496
"D:/TPSDuel/Saved/Config/Windows/Niagara.ini" 497
"../../../Engine/Plugins/Experimental/MotoSynth/Config/BaseMotoSynth.ini" 498
"D:/TPSDuel/Saved/Config/Windows/MotoSynth.ini" 499
"../../../Engine/Plugins/Experimental/PythonScriptPlugin/Binaries/Win64/UE4Editor.modules" 500
"../../../Engine/Plugins/Editor/ContentBrowser/ContentBrowserFileDataSource/Binaries/Win64/UE4Editor.modules" 501
"../../../Engine/Plugins/Editor/EditorScriptingUtilities/Binaries/Win64/UE4Editor.modules" 502
"../../../Engine/Plugins/MeshPainting/Binaries/Win64/UE4Editor.modules" 503
"../../../Engine/Plugins/Experimental/GeometryProcessing/Binaries/Win64/UE4Editor.modules" 504
"../../../Engine/Plugins/XGEController/Binaries/Win64/UE4Editor.modules" 505
"../../../Engine/Plugins/2D/Paper2D/Binaries/Win64/UE4Editor.modules" 506
"../../../Engine/Plugins/Blendables/LightPropagationVolume/Binaries/Win64/UE4Editor.modules" 507
"../../../Engine/Plugins/Cameras/CameraShakePreviewer/Binaries/Win64/UE4Editor.modules" 508
"../../../Engine/Plugins/Cameras/GameplayCameras/Binaries/Win64/UE4Editor.modules" 509
"../../../Engine/Plugins/MovieScene/TemplateSequence/Binaries/Win64/UE4Editor.modules" 510
"../../../Engine/Plugins/MovieScene/LevelSequenceEditor/Binaries/Win64/UE4Editor.modules" 511
"../../../Engine/Plugins/AI/AISupport/Binaries/Win64/UE4Editor.modules" 512
"../../../Engine/Plugins/AI/EnvironmentQueryEditor/Binaries/Win64/UE4Editor.modules" 513
"../../../Engine/Plugins/Compression/OodleNetwork/Binaries/Win64/UE4Editor.modules" 514
"../../../Engine/Plugins/Compression/OodleData/Binaries/Win64/UE4Editor.modules" 515
"../../../Engine/Plugins/Editor/AssetManagerEditor/Binaries/Win64/UE4Editor.modules" 516
"../../../Engine/Plugins/Editor/CryptoKeys/Binaries/Win64/UE4Editor.modules" 517
"../../../Engine/Plugins/Editor/CurveEditorTools/Binaries/Win64/UE4Editor.modules" 518
"../../../Engine/Plugins/Enterprise/DatasmithContent/Binaries/Win64/UE4Editor.modules" 519
"../../../Engine/Plugins/Enterprise/VariantManagerContent/Binaries/Win64/UE4Editor.modules" 520
"../../../Engine/Plugins/Editor/DataValidation/Binaries/Win64/UE4Editor.modules" 521
"../../../Engine/Plugins/Editor/FacialAnimation/Binaries/Win64/UE4Editor.modules" 522
"../../../Engine/Plugins/Developer/AnimationSharing/Binaries/Win64/UE4Editor.modules" 523
"../../../Engine/Plugins/Runtime/SignificanceManager/Binaries/Win64/UE4Editor.modules" 524
"../../../Engine/Plugins/Editor/GameplayTagsEditor/Binaries/Win64/UE4Editor.modules" 525
"../../../Engine/Plugins/Developer/CLionSourceCodeAccess/Binaries/Win64/UE4Editor.modules" 526
"../../../Engine/Plugins/Editor/GeometryMode/Binaries/Win64/UE4Editor.modules" 527
"../../../Engine/Plugins/Editor/MaterialAnalyzer/Binaries/Win64/UE4Editor.modules" 528
"../../../Engine/Plugins/Editor/MobileLauncherProfileWizard/Binaries/Win64/UE4Editor.modules" 529
"../../../Engine/Plugins/Editor/PluginBrowser/Binaries/Win64/UE4Editor.modules" 530
"../../../Engine/Plugins/Developer/PluginUtils/Binaries/Win64/UE4Editor.modules" 531
"../../../Engine/Plugins/Editor/SpeedTreeImporter/Binaries/Win64/UE4Editor.modules" 532
"../../../Engine/Plugins/Developer/GitSourceControl/Binaries/Win64/UE4Editor.modules" 533
"../../../Engine/Plugins/Developer/PerforceSourceControl/Binaries/Win64/UE4Editor.modules" 534
"../../../Engine/Plugins/Lumin/MLSDK/Binaries/Win64/UE4Editor.modules" 535
"../../../Engine/Plugins/Developer/PixWinPlugin/Binaries/Win64/UE4Editor.modules" 536
"../../../Engine/Plugins/Developer/PlasticSourceControl/Binaries/Win64/UE4Editor.modules" 537
"../../../Engine/Plugins/Lumin/MagicLeap/Binaries/Win64/UE4Editor.modules" 538
"../../../Engine/Plugins/Lumin/MagicLeapPassableWorld/Binaries/Win64/UE4Editor.modules" 539
"../../../Engine/Plugins/Lumin/MagicLeapLightEstimation/Binaries/Win64/UE4Editor.modules" 540
"../../../Engine/Plugins/Developer/PropertyAccessNode/Binaries/Win64/UE4Editor.modules" 541
"../../../Engine/Plugins/Runtime/PropertyAccess/Binaries/Win64/UE4Editor.modules" 542
"../../../Engine/Plugins/Developer/RiderSourceCodeAccess/Binaries/Win64/UE4Editor.modules" 543
"../../../Engine/Plugins/Developer/TextureFormatOodle/Binaries/Win64/UE4Editor.modules" 544
"../../../Engine/Plugins/Developer/UObjectPlugin/Binaries/Win64/UE4Editor.modules" 545
"../../../Engine/Plugins/Developer/SubversionSourceControl/Binaries/Win64/UE4Editor.modules" 546
"../../../Engine/Plugins/Developer/VisualStudioSourceCodeAccess/Binaries/Win64/UE4Editor.modules" 547
"../../../Engine/Plugins/Developer/VisualStudioCodeSourceCodeAccess/Binaries/Win64/UE4Editor.modules" 548
"../../../Engine/Plugins/Media/AndroidMedia/Binaries/Win64/UE4Editor.modules" 549
"../../../Engine/Plugins/Media/AvfMedia/Binaries/Win64/UE4Editor.modules" 550
"../../../Engine/Plugins/Lumin/MagicLeapMedia/Binaries/Win64/UE4Editor.modules" 551
"../../../Engine/Plugins/Media/ImgMedia/Binaries/Win64/UE4Editor.modules" 552
"../../../Engine/Plugins/Media/MediaCompositing/Binaries/Win64/UE4Editor.modules" 553
"../../../Engine/Plugins/Media/MediaPlayerEditor/Binaries/Win64/UE4Editor.modules" 554
"../../../Engine/Plugins/Media/WmfMedia/Binaries/Win64/UE4Editor.modules" 555
"../../../Engine/Plugins/Messaging/TcpMessaging/Binaries/Win64/UE4Editor.modules" 556
"../../../Engine/Plugins/Messaging/UdpMessaging/Binaries/Win64/UE4Editor.modules" 557
"../../../Engine/Plugins/MovieScene/ActorSequence/Binaries/Win64/UE4Editor.modules" 558
"../../../Engine/Plugins/MovieScene/MatineeToLevelSequence/Binaries/Win64/UE4Editor.modules" 559
"../../../Engine/Plugins/Portal/LauncherChunkInstaller/Binaries/Win64/UE4Editor.modules" 560
"../../../Engine/Plugins/Online/OnlineSubsystem/Binaries/Win64/UE4Editor.modules" 561
"../../../Engine/Plugins/Runtime/ActorLayerUtilities/Binaries/Win64/UE4Editor.modules" 562
"../../../Engine/Plugins/Runtime/AndroidDeviceProfileSelector/Binaries/Win64/UE4Editor.modules" 563
"../../../Engine/Plugins/Runtime/AndroidPermission/Binaries/Win64/UE4Editor.modules" 564
"../../../Engine/Plugins/Online/OnlineSubsystemNull/Binaries/Win64/UE4Editor.modules" 565
"../../../Engine/Plugins/Online/OnlineSubsystemUtils/Binaries/Win64/UE4Editor.modules" 566
"../../../Engine/Plugins/Runtime/AppleImageUtils/Binaries/Win64/UE4Editor.modules" 567
"../../../Engine/Plugins/Runtime/ArchVisCharacter/Binaries/Win64/UE4Editor.modules" 568
"../../../Engine/Plugins/Runtime/AudioCapture/Binaries/Win64/UE4Editor.modules" 569
"../../../Engine/Plugins/Runtime/AssetTags/Binaries/Win64/UE4Editor.modules" 570
"../../../Engine/Plugins/Runtime/CableComponent/Binaries/Win64/UE4Editor.modules" 571
"../../../Engine/Plugins/Runtime/ChunkDownloader/Binaries/Win64/UE4Editor.modules" 572
"../../../Engine/Plugins/Runtime/CustomMeshComponent/Binaries/Win64/UE4Editor.modules" 573
"../../../Engine/Plugins/Runtime/EditableMesh/Binaries/Win64/UE4Editor.modules" 574
"../../../Engine/Plugins/Runtime/ExampleDeviceProfileSelector/Binaries/Win64/UE4Editor.modules" 575
"../../../Engine/Plugins/Runtime/GooglePAD/Binaries/Win64/UE4Editor.modules" 576
"../../../Engine/Plugins/Runtime/LocationServicesBPLibrary/Binaries/Win64/UE4Editor.modules" 577
"../../../Engine/Plugins/Runtime/MobilePatchingUtils/Binaries/Win64/UE4Editor.modules" 578
"../../../Engine/Plugins/Runtime/PhysXVehicles/Binaries/Win64/UE4Editor.modules" 579
"../../../Engine/Plugins/Runtime/ProceduralMeshComponent/Binaries/Win64/UE4Editor.modules" 580
"../../../Engine/Plugins/Runtime/RuntimePhysXCooking/Binaries/Win64/UE4Editor.modules" 581
"../../../Engine/Plugins/Runtime/SoundFields/Binaries/Win64/UE4Editor.modules" 582
"../../../Engine/Plugins/Runtime/Synthesis/Binaries/Win64/UE4Editor.modules" 583
"../../../Engine/Plugins/Runtime/AudioSynesthesia/Binaries/Win64/UE4Editor.modules" 584
"../../../Engine/Plugins/Runtime/WebMMoviePlayer/Binaries/Win64/UE4Editor.modules" 585
"../../../Engine/Plugins/Media/WebMMedia/Binaries/Win64/UE4Editor.modules" 586
"../../../Engine/Plugins/Runtime/WindowsMoviePlayer/Binaries/Win64/UE4Editor.modules" 587
"../../../Engine/Plugins/Experimental/AlembicImporter/Binaries/Win64/UE4Editor.modules" 588
"../../../Engine/Plugins/Experimental/GeometryCache/Binaries/Win64/UE4Editor.modules" 589
"../../../Engine/Plugins/Experimental/BackChannel/Binaries/Win64/UE4Editor.modules" 590
"../../../Engine/Plugins/Experimental/AutomationUtils/Binaries/Win64/UE4Editor.modules" 591
"../../../Engine/Plugins/Tests/ScreenshotTools/Binaries/Win64/UE4Editor.modules" 592
"../../../Engine/Plugins/Experimental/ChaosCloth/Binaries/Win64/UE4Editor.modules" 593
"../../../Engine/Plugins/Experimental/ChaosClothEditor/Binaries/Win64/UE4Editor.modules" 594
"../../../Engine/Plugins/Experimental/ChaosEditor/Binaries/Win64/UE4Editor.modules" 595
"../../../Engine/Plugins/Experimental/PlanarCutPlugin/Binaries/Win64/UE4Editor.modules" 596
"../../../Engine/Plugins/Experimental/GeometryCollectionPlugin/Binaries/Win64/UE4Editor.modules" 597
"../../../Engine/Plugins/Experimental/ChaosSolverPlugin/Binaries/Win64/UE4Editor.modules" 598
"../../../Engine/Plugins/Experimental/ChaosNiagara/Binaries/Win64/UE4Editor.modules" 599
"../../../Engine/Plugins/FX/Niagara/Binaries/Win64/UE4Editor.modules" 600
"../../../Engine/Plugins/Experimental/CharacterAI/Binaries/Win64/UE4Editor.modules" 601
"../../../Engine/Plugins/Experimental/MotoSynth/Binaries/Win64/UE4Editor.modules" 602
"../../../Engine/Plugins/Experimental/OpenImageDenoise/Binaries/Win64/UE4Editor.modules" 603
"../../../Engine/Plugins/Experimental/PlatformCrypto/Binaries/Win64/UE4Editor.modules" 604
"../../../Engine/Plugins/Experimental/ProxyLODPlugin/Binaries/Win64/UE4Editor.modules" 605
"../../../Engine/Plugins/Experimental/SkeletalReduction/Binaries/Win64/UE4Editor.modules" 606
"../../../Engine/Plugins/Editor/ContentBrowser/ContentBrowserAssetDataSource/Binaries/Win64/UE4Editor.modules" 607
"../../../Engine/Plugins/Editor/ContentBrowser/ContentBrowserClassDataSource/Binaries/Win64/UE4Editor.modules" 608
"../../../Engine/Content/Certificates/ThirdParty/cacert.pem" 609
"../../../Engine/Config/ConsoleVariables.ini" 610
"../../../Engine/Binaries/Win64/Android/UE4Editor.modules" 611
"../../../Engine/Binaries/Win64/IOS/UE4Editor.modules" 612
"../../../Engine/Binaries/Win64/Linux/UE4Editor.modules" 613
"../../../Engine/Binaries/Win64/Lumin/UE4Editor.modules" 614
"../../../Engine/Config/Android/BaseAndroidEngine.ini" 615
"../../../Engine/Config/Android/AndroidEngine.ini" 616
"../../../Engine/Config/Unix/UnixEngine.ini" 617
"../../../Engine/Config/Linux/LinuxEngine.ini" 618
"../../../Engine/Config/LinuxAArch64/LinuxAArch64Engine.ini" 619
"../../../Engine/Config/Lumin/LuminEngine.ini" 620
"../../../Engine/Config/Mac/BaseMacEngine.ini" 621
"../../../Engine/Config/Mac/MacEngine.ini" 622
"../../../Engine/Content/Localization/Editor/zh-Hans/Editor.locres" 623
"../../../Engine/Content/Localization/EditorTutorials/zh-Hans/EditorTutorials.locres" 624
"../../../Engine/Content/Localization/Keywords/zh-Hans/Keywords.locres" 625
"../../../Engine/Content/Localization/Category/zh-Hans/Category.locres" 626
"../../../Engine/Content/Localization/ToolTips/zh-Hans/ToolTips.locres" 627
"../../../Engine/Content/Localization/PropertyNames/zh-Hans/PropertyNames.locres" 628
"../../../Engine/Content/Localization/Engine/zh-Hans/Engine.locres" 629
"../../../Engine/Plugins/Online/OnlineSubsystem/Content/Localization/OnlineSubsystem/zh-Hans/OnlineSubsystem.locres" 630
"../../../Engine/Plugins/Online/OnlineSubsystemUtils/Content/Localization/OnlineSubsystemUtils/zh-Hans/OnlineSubsystemUtils.locres" 631
"../../../Engine/Plugins/Online/Android/OnlineSubsystemGooglePlay/Content/Localization/OnlineSubsystemGooglePlay/zh-Hans/OnlineSubsystemGooglePlay.locres" 632
"../../../Engine/Plugins/Online/IOS/OnlineSubsystemIOS/Content/Localization/OnlineSubsystemIOS/zh-Hans/OnlineSubsystemIOS.locres" 633
"../../../Engine/Content/Internationalization/icudt64l/numberingSystems.res" 634
"../../../Engine/Content/Internationalization/icudt64l/curr/supplementalData.res" 635
"../../../Engine/Content/Internationalization/icudt64l/curr/zh_CN.res" 636
"../../../Engine/Content/Internationalization/icudt64l/curr/pool.res" 637
"../../../Engine/Content/Internationalization/icudt64l/curr/zh_Hans_CN.res" 638
"../../../Engine/Content/Internationalization/icudt64l/curr/zh_Hans.res" 639
"../../../Engine/Content/Internationalization/icudt64l/curr/zh.res" 640
"../../../Engine/Content/Internationalization/icudt64l/curr/root.res" 641
"../../../Engine/Content/Internationalization/icudt64l/lang/af.res" 642
"../../../Engine/Content/Internationalization/icudt64l/region/af.res" 643
"../../../Engine/Content/Internationalization/icudt64l/lang/agq.res" 644
"../../../Engine/Content/Internationalization/icudt64l/region/agq.res" 645
"../../../Engine/Content/Internationalization/icudt64l/lang/ak.res" 646
"../../../Engine/Content/Internationalization/icudt64l/region/ak.res" 647
"../../../Engine/Content/Internationalization/icudt64l/lang/am.res" 648
"../../../Engine/Content/Internationalization/icudt64l/region/am.res" 649
"../../../Engine/Content/Internationalization/icudt64l/lang/ar.res" 650
"../../../Engine/Content/Internationalization/icudt64l/region/ar.res" 651
"../../../Engine/Content/Internationalization/icudt64l/region/ar_AE.res" 652
"../../../Engine/Content/Internationalization/icudt64l/lang/ar_EG.res" 653
"../../../Engine/Content/Internationalization/icudt64l/lang/ar_LY.res" 654
"../../../Engine/Content/Internationalization/icudt64l/region/ar_LY.res" 655
"../../../Engine/Content/Internationalization/icudt64l/lang/ar_SA.res" 656
"../../../Engine/Content/Internationalization/icudt64l/region/ar_SA.res" 657
"../../../Engine/Content/Internationalization/icudt64l/lang/as.res" 658
"../../../Engine/Content/Internationalization/icudt64l/region/as.res" 659
"../../../Engine/Content/Internationalization/icudt64l/lang/asa.res" 660
"../../../Engine/Content/Internationalization/icudt64l/region/asa.res" 661
"../../../Engine/Content/Internationalization/icudt64l/lang/ast.res" 662
"../../../Engine/Content/Internationalization/icudt64l/region/ast.res" 663
"../../../Engine/Content/Internationalization/icudt64l/lang/az.res" 664
"../../../Engine/Content/Internationalization/icudt64l/lang/az_Cyrl.res" 665
"../../../Engine/Content/Internationalization/icudt64l/lang/az_AZ.res" 666
"../../../Engine/Content/Internationalization/icudt64l/lang/az_Latn_AZ.res" 667
"../../../Engine/Content/Internationalization/icudt64l/lang/az_Latn.res" 668
"../../../Engine/Content/Internationalization/icudt64l/region/az_AZ.res" 669
"../../../Engine/Content/Internationalization/icudt64l/region/az_Latn_AZ.res" 670
"../../../Engine/Content/Internationalization/icudt64l/region/az_Latn.res" 671
"../../../Engine/Content/Internationalization/icudt64l/region/az.res" 672
"../../../Engine/Content/Internationalization/icudt64l/region/az_Cyrl.res" 673
"../../../Engine/Content/Internationalization/icudt64l/lang/bas.res" 674
"../../../Engine/Content/Internationalization/icudt64l/region/bas.res" 675
"../../../Engine/Content/Internationalization/icudt64l/lang/be.res" 676
"../../../Engine/Content/Internationalization/icudt64l/region/be.res" 677
"../../../Engine/Content/Internationalization/icudt64l/lang/bem.res" 678
"../../../Engine/Content/Internationalization/icudt64l/region/bem.res" 679
"../../../Engine/Content/Internationalization/icudt64l/lang/bez.res" 680
"../../../Engine/Content/Internationalization/icudt64l/region/bez.res" 681
"../../../Engine/Content/Internationalization/icudt64l/lang/bg.res" 682
"../../../Engine/Content/Internationalization/icudt64l/region/bg.res" 683
"../../../Engine/Content/Internationalization/icudt64l/lang/bm.res" 684
"../../../Engine/Content/Internationalization/icudt64l/region/bm.res" 685
"../../../Engine/Content/Internationalization/icudt64l/lang/bn.res" 686
"../../../Engine/Content/Internationalization/icudt64l/region/bn.res" 687
"../../../Engine/Content/Internationalization/icudt64l/lang/bn_IN.res" 688
"../../../Engine/Content/Internationalization/icudt64l/region/bn_IN.res" 689
"../../../Engine/Content/Internationalization/icudt64l/lang/bo.res" 690
"../../../Engine/Content/Internationalization/icudt64l/region/bo.res" 691
"../../../Engine/Content/Internationalization/icudt64l/region/bo_IN.res" 692
"../../../Engine/Content/Internationalization/icudt64l/lang/br.res" 693
"../../../Engine/Content/Internationalization/icudt64l/region/br.res" 694
"../../../Engine/Content/Internationalization/icudt64l/lang/brx.res" 695
"../../../Engine/Content/Internationalization/icudt64l/region/brx.res" 696
"../../../Engine/Content/Internationalization/icudt64l/lang/bs.res" 697
"../../../Engine/Content/Internationalization/icudt64l/lang/bs_Cyrl.res" 698
"../../../Engine/Content/Internationalization/icudt64l/lang/bs_BA.res" 699
"../../../Engine/Content/Internationalization/icudt64l/lang/bs_Latn_BA.res" 700
"../../../Engine/Content/Internationalization/icudt64l/lang/bs_Latn.res" 701
"../../../Engine/Content/Internationalization/icudt64l/region/bs_BA.res" 702
"../../../Engine/Content/Internationalization/icudt64l/region/bs_Latn_BA.res" 703
"../../../Engine/Content/Internationalization/icudt64l/region/bs_Latn.res" 704
"../../../Engine/Content/Internationalization/icudt64l/region/bs.res" 705
"../../../Engine/Content/Internationalization/icudt64l/region/bs_Cyrl.res" 706
"../../../Engine/Content/Internationalization/icudt64l/lang/ca.res" 707
"../../../Engine/Content/Internationalization/icudt64l/region/ca.res" 708
"../../../Engine/Content/Internationalization/icudt64l/lang/ccp.res" 709
"../../../Engine/Content/Internationalization/icudt64l/region/ccp.res" 710
"../../../Engine/Content/Internationalization/icudt64l/lang/ce.res" 711
"../../../Engine/Content/Internationalization/icudt64l/region/ce.res" 712
"../../../Engine/Content/Internationalization/icudt64l/lang/ceb.res" 713
"../../../Engine/Content/Internationalization/icudt64l/region/ceb.res" 714
"../../../Engine/Content/Internationalization/icudt64l/lang/cgg.res" 715
"../../../Engine/Content/Internationalization/icudt64l/region/cgg.res" 716
"../../../Engine/Content/Internationalization/icudt64l/lang/chr.res" 717
"../../../Engine/Content/Internationalization/icudt64l/region/chr.res" 718
"../../../Engine/Content/Internationalization/icudt64l/lang/ckb.res" 719
"../../../Engine/Content/Internationalization/icudt64l/region/ckb.res" 720
"../../../Engine/Content/Internationalization/icudt64l/lang/cs.res" 721
"../../../Engine/Content/Internationalization/icudt64l/region/cs.res" 722
"../../../Engine/Content/Internationalization/icudt64l/lang/cy.res" 723
"../../../Engine/Content/Internationalization/icudt64l/region/cy.res" 724
"../../../Engine/Content/Internationalization/icudt64l/lang/da.res" 725
"../../../Engine/Content/Internationalization/icudt64l/region/da.res" 726
"../../../Engine/Content/Internationalization/icudt64l/lang/dav.res" 727
"../../../Engine/Content/Internationalization/icudt64l/region/dav.res" 728
"../../../Engine/Content/Internationalization/icudt64l/lang/de.res" 729
"../../../Engine/Content/Internationalization/icudt64l/lang/de_AT.res" 730
"../../../Engine/Content/Internationalization/icudt64l/region/de_AT.res" 731
"../../../Engine/Content/Internationalization/icudt64l/region/de.res" 732
"../../../Engine/Content/Internationalization/icudt64l/lang/de_CH.res" 733
"../../../Engine/Content/Internationalization/icudt64l/region/de_CH.res" 734
"../../../Engine/Content/Internationalization/icudt64l/lang/de_LU.res" 735
"../../../Engine/Content/Internationalization/icudt64l/lang/dje.res" 736
"../../../Engine/Content/Internationalization/icudt64l/region/dje.res" 737
"../../../Engine/Content/Internationalization/icudt64l/lang/dsb.res" 738
"../../../Engine/Content/Internationalization/icudt64l/region/dsb.res" 739
"../../../Engine/Content/Internationalization/icudt64l/lang/dua.res" 740
"../../../Engine/Content/Internationalization/icudt64l/region/dua.res" 741
"../../../Engine/Content/Internationalization/icudt64l/lang/dyo.res" 742
"../../../Engine/Content/Internationalization/icudt64l/region/dyo.res" 743
"../../../Engine/Content/Internationalization/icudt64l/lang/dz.res" 744
"../../../Engine/Content/Internationalization/icudt64l/region/dz.res" 745
"../../../Engine/Content/Internationalization/icudt64l/lang/ebu.res" 746
"../../../Engine/Content/Internationalization/icudt64l/region/ebu.res" 747
"../../../Engine/Content/Internationalization/icudt64l/lang/ee.res" 748
"../../../Engine/Content/Internationalization/icudt64l/region/ee.res" 749
"../../../Engine/Content/Internationalization/icudt64l/lang/el.res" 750
"../../../Engine/Content/Internationalization/icudt64l/region/el.res" 751
"../../../Engine/Content/Internationalization/icudt64l/lang/en_001.res" 752
"../../../Engine/Content/Internationalization/icudt64l/lang/en_150.res" 753
"../../../Engine/Content/Internationalization/icudt64l/region/en_150.res" 754
"../../../Engine/Content/Internationalization/icudt64l/lang/en_AG.res" 755
"../../../Engine/Content/Internationalization/icudt64l/region/en_AG.res" 756
"../../../Engine/Content/Internationalization/icudt64l/lang/en_AI.res" 757
"../../../Engine/Content/Internationalization/icudt64l/region/en_AI.res" 758
"../../../Engine/Content/Internationalization/icudt64l/lang/en_AT.res" 759
"../../../Engine/Content/Internationalization/icudt64l/region/en_AT.res" 760
"../../../Engine/Content/Internationalization/icudt64l/lang/en_AU.res" 761
"../../../Engine/Content/Internationalization/icudt64l/region/en_AU.res" 762
"../../../Engine/Content/Internationalization/icudt64l/lang/en_BB.res" 763
"../../../Engine/Content/Internationalization/icudt64l/region/en_BB.res" 764
"../../../Engine/Content/Internationalization/icudt64l/lang/en_BE.res" 765
"../../../Engine/Content/Internationalization/icudt64l/region/en_BE.res" 766
"../../../Engine/Content/Internationalization/icudt64l/lang/en_BM.res" 767
"../../../Engine/Content/Internationalization/icudt64l/region/en_BM.res" 768
"../../../Engine/Content/Internationalization/icudt64l/lang/en_BS.res" 769
"../../../Engine/Content/Internationalization/icudt64l/region/en_BS.res" 770
"../../../Engine/Content/Internationalization/icudt64l/lang/en_BW.res" 771
"../../../Engine/Content/Internationalization/icudt64l/region/en_BW.res" 772
"../../../Engine/Content/Internationalization/icudt64l/lang/en_BZ.res" 773
"../../../Engine/Content/Internationalization/icudt64l/region/en_BZ.res" 774
"../../../Engine/Content/Internationalization/icudt64l/lang/en_CA.res" 775
"../../../Engine/Content/Internationalization/icudt64l/region/en_CA.res" 776
"../../../Engine/Content/Internationalization/icudt64l/lang/en_CC.res" 777
"../../../Engine/Content/Internationalization/icudt64l/region/en_CC.res" 778
"../../../Engine/Content/Internationalization/icudt64l/lang/en_CH.res" 779
"../../../Engine/Content/Internationalization/icudt64l/region/en_CH.res" 780
"../../../Engine/Content/Internationalization/icudt64l/lang/en_CK.res" 781
"../../../Engine/Content/Internationalization/icudt64l/region/en_CK.res" 782
"../../../Engine/Content/Internationalization/icudt64l/lang/en_CM.res" 783
"../../../Engine/Content/Internationalization/icudt64l/region/en_CM.res" 784
"../../../Engine/Content/Internationalization/icudt64l/lang/en_CX.res" 785
"../../../Engine/Content/Internationalization/icudt64l/region/en_CX.res" 786
"../../../Engine/Content/Internationalization/icudt64l/lang/en_CY.res" 787
"../../../Engine/Content/Internationalization/icudt64l/region/en_CY.res" 788
"../../../Engine/Content/Internationalization/icudt64l/lang/en_DE.res" 789
"../../../Engine/Content/Internationalization/icudt64l/region/en_DE.res" 790
"../../../Engine/Content/Internationalization/icudt64l/lang/en_DG.res" 791
"../../../Engine/Content/Internationalization/icudt64l/region/en_DG.res" 792
"../../../Engine/Content/Internationalization/icudt64l/lang/en_DK.res" 793
"../../../Engine/Content/Internationalization/icudt64l/region/en_DK.res" 794
"../../../Engine/Content/Internationalization/icudt64l/lang/en_DM.res" 795
"../../../Engine/Content/Internationalization/icudt64l/region/en_DM.res" 796
"../../../Engine/Content/Internationalization/icudt64l/lang/en_ER.res" 797
"../../../Engine/Content/Internationalization/icudt64l/region/en_ER.res" 798
"../../../Engine/Content/Internationalization/icudt64l/lang/en_FI.res" 799
"../../../Engine/Content/Internationalization/icudt64l/region/en_FI.res" 800
"../../../Engine/Content/Internationalization/icudt64l/lang/en_FJ.res" 801
"../../../Engine/Content/Internationalization/icudt64l/region/en_FJ.res" 802
"../../../Engine/Content/Internationalization/icudt64l/lang/en_FK.res" 803
"../../../Engine/Content/Internationalization/icudt64l/region/en_FK.res" 804
"../../../Engine/Content/Internationalization/icudt64l/lang/en_FM.res" 805
"../../../Engine/Content/Internationalization/icudt64l/region/en_FM.res" 806
"../../../Engine/Content/Internationalization/icudt64l/lang/en_GB.res" 807
"../../../Engine/Content/Internationalization/icudt64l/region/en_GB.res" 808
"../../../Engine/Content/Internationalization/icudt64l/lang/en_GD.res" 809
"../../../Engine/Content/Internationalization/icudt64l/region/en_GD.res" 810
"../../../Engine/Content/Internationalization/icudt64l/lang/en_GG.res" 811
"../../../Engine/Content/Internationalization/icudt64l/region/en_GG.res" 812
"../../../Engine/Content/Internationalization/icudt64l/lang/en_GH.res" 813
"../../../Engine/Content/Internationalization/icudt64l/region/en_GH.res" 814
"../../../Engine/Content/Internationalization/icudt64l/lang/en_GI.res" 815
"../../../Engine/Content/Internationalization/icudt64l/region/en_GI.res" 816
"../../../Engine/Content/Internationalization/icudt64l/lang/en_GM.res" 817
"../../../Engine/Content/Internationalization/icudt64l/region/en_GM.res" 818
"../../../Engine/Content/Internationalization/icudt64l/lang/en_GY.res" 819
"../../../Engine/Content/Internationalization/icudt64l/region/en_GY.res" 820
"../../../Engine/Content/Internationalization/icudt64l/lang/en_HK.res" 821
"../../../Engine/Content/Internationalization/icudt64l/region/en_HK.res" 822
"../../../Engine/Content/Internationalization/icudt64l/lang/en_IE.res" 823
"../../../Engine/Content/Internationalization/icudt64l/region/en_IE.res" 824
"../../../Engine/Content/Internationalization/icudt64l/lang/en_IL.res" 825
"../../../Engine/Content/Internationalization/icudt64l/region/en_IL.res" 826
"../../../Engine/Content/Internationalization/icudt64l/lang/en_IM.res" 827
"../../../Engine/Content/Internationalization/icudt64l/region/en_IM.res" 828
"../../../Engine/Content/Internationalization/icudt64l/lang/en_IN.res" 829
"../../../Engine/Content/Internationalization/icudt64l/region/en_IN.res" 830
"../../../Engine/Content/Internationalization/icudt64l/lang/en_IO.res" 831
"../../../Engine/Content/Internationalization/icudt64l/region/en_IO.res" 832
"../../../Engine/Content/Internationalization/icudt64l/lang/en_JE.res" 833
"../../../Engine/Content/Internationalization/icudt64l/region/en_JE.res" 834
"../../../Engine/Content/Internationalization/icudt64l/lang/en_JM.res" 835
"../../../Engine/Content/Internationalization/icudt64l/region/en_JM.res" 836
"../../../Engine/Content/Internationalization/icudt64l/lang/en_KE.res" 837
"../../../Engine/Content/Internationalization/icudt64l/region/en_KE.res" 838
"../../../Engine/Content/Internationalization/icudt64l/lang/en_KI.res" 839
"../../../Engine/Content/Internationalization/icudt64l/region/en_KI.res" 840
"../../../Engine/Content/Internationalization/icudt64l/lang/en_KN.res" 841
"../../../Engine/Content/Internationalization/icudt64l/region/en_KN.res" 842
"../../../Engine/Content/Internationalization/icudt64l/lang/en_KY.res" 843
"../../../Engine/Content/Internationalization/icudt64l/region/en_KY.res" 844
"../../../Engine/Content/Internationalization/icudt64l/lang/en_LC.res" 845
"../../../Engine/Content/Internationalization/icudt64l/region/en_LC.res" 846
"../../../Engine/Content/Internationalization/icudt64l/lang/en_LR.res" 847
"../../../Engine/Content/Internationalization/icudt64l/region/en_LR.res" 848
"../../../Engine/Content/Internationalization/icudt64l/lang/en_LS.res" 849
"../../../Engine/Content/Internationalization/icudt64l/region/en_LS.res" 850
"../../../Engine/Content/Internationalization/icudt64l/lang/en_MG.res" 851
"../../../Engine/Content/Internationalization/icudt64l/region/en_MG.res" 852
"../../../Engine/Content/Internationalization/icudt64l/lang/en_MO.res" 853
"../../../Engine/Content/Internationalization/icudt64l/region/en_MO.res" 854
"../../../Engine/Content/Internationalization/icudt64l/lang/en_MS.res" 855
"../../../Engine/Content/Internationalization/icudt64l/region/en_MS.res" 856
"../../../Engine/Content/Internationalization/icudt64l/lang/en_MT.res" 857
"../../../Engine/Content/Internationalization/icudt64l/region/en_MT.res" 858
"../../../Engine/Content/Internationalization/icudt64l/lang/en_MU.res" 859
"../../../Engine/Content/Internationalization/icudt64l/region/en_MU.res" 860
"../../../Engine/Content/Internationalization/icudt64l/lang/en_MW.res" 861
"../../../Engine/Content/Internationalization/icudt64l/region/en_MW.res" 862
"../../../Engine/Content/Internationalization/icudt64l/lang/en_MY.res" 863
"../../../Engine/Content/Internationalization/icudt64l/region/en_MY.res" 864
"../../../Engine/Content/Internationalization/icudt64l/lang/en_NA.res" 865
"../../../Engine/Content/Internationalization/icudt64l/region/en_NA.res" 866
"../../../Engine/Content/Internationalization/icudt64l/lang/en_NF.res" 867
"../../../Engine/Content/Internationalization/icudt64l/region/en_NF.res" 868
"../../../Engine/Content/Internationalization/icudt64l/lang/en_NG.res" 869
"../../../Engine/Content/Internationalization/icudt64l/region/en_NG.res" 870
"../../../Engine/Content/Internationalization/icudt64l/lang/en_NL.res" 871
"../../../Engine/Content/Internationalization/icudt64l/region/en_NL.res" 872
"../../../Engine/Content/Internationalization/icudt64l/lang/en_NR.res" 873
"../../../Engine/Content/Internationalization/icudt64l/region/en_NR.res" 874
"../../../Engine/Content/Internationalization/icudt64l/lang/en_NU.res" 875
"../../../Engine/Content/Internationalization/icudt64l/region/en_NU.res" 876
"../../../Engine/Content/Internationalization/icudt64l/lang/en_NZ.res" 877
"../../../Engine/Content/Internationalization/icudt64l/region/en_NZ.res" 878
"../../../Engine/Content/Internationalization/icudt64l/lang/en_PG.res" 879
"../../../Engine/Content/Internationalization/icudt64l/region/en_PG.res" 880
"../../../Engine/Content/Internationalization/icudt64l/lang/en_PH.res" 881
"../../../Engine/Content/Internationalization/icudt64l/region/en_PH.res" 882
"../../../Engine/Content/Internationalization/icudt64l/lang/en_PK.res" 883
"../../../Engine/Content/Internationalization/icudt64l/region/en_PK.res" 884
"../../../Engine/Content/Internationalization/icudt64l/lang/en_PN.res" 885
"../../../Engine/Content/Internationalization/icudt64l/region/en_PN.res" 886
"../../../Engine/Content/Internationalization/icudt64l/lang/en_PW.res" 887
"../../../Engine/Content/Internationalization/icudt64l/region/en_PW.res" 888
"../../../Engine/Content/Internationalization/icudt64l/lang/en_RW.res" 889
"../../../Engine/Content/Internationalization/icudt64l/region/en_RW.res" 890
"../../../Engine/Content/Internationalization/icudt64l/lang/en_SB.res" 891
"../../../Engine/Content/Internationalization/icudt64l/region/en_SB.res" 892
"../../../Engine/Content/Internationalization/icudt64l/lang/en_SC.res" 893
"../../../Engine/Content/Internationalization/icudt64l/region/en_SC.res" 894
"../../../Engine/Content/Internationalization/icudt64l/lang/en_SD.res" 895
"../../../Engine/Content/Internationalization/icudt64l/region/en_SD.res" 896
"../../../Engine/Content/Internationalization/icudt64l/lang/en_SE.res" 897
"../../../Engine/Content/Internationalization/icudt64l/region/en_SE.res" 898
"../../../Engine/Content/Internationalization/icudt64l/lang/en_SG.res" 899
"../../../Engine/Content/Internationalization/icudt64l/region/en_SG.res" 900
"../../../Engine/Content/Internationalization/icudt64l/lang/en_SH.res" 901
"../../../Engine/Content/Internationalization/icudt64l/region/en_SH.res" 902
"../../../Engine/Content/Internationalization/icudt64l/lang/en_SI.res" 903
"../../../Engine/Content/Internationalization/icudt64l/region/en_SI.res" 904
"../../../Engine/Content/Internationalization/icudt64l/lang/en_SL.res" 905
"../../../Engine/Content/Internationalization/icudt64l/region/en_SL.res" 906
"../../../Engine/Content/Internationalization/icudt64l/lang/en_SS.res" 907
"../../../Engine/Content/Internationalization/icudt64l/region/en_SS.res" 908
"../../../Engine/Content/Internationalization/icudt64l/lang/en_SX.res" 909
"../../../Engine/Content/Internationalization/icudt64l/region/en_SX.res" 910
"../../../Engine/Content/Internationalization/icudt64l/lang/en_SZ.res" 911
"../../../Engine/Content/Internationalization/icudt64l/region/en_SZ.res" 912
"../../../Engine/Content/Internationalization/icudt64l/lang/en_TC.res" 913
"../../../Engine/Content/Internationalization/icudt64l/region/en_TC.res" 914
"../../../Engine/Content/Internationalization/icudt64l/lang/en_TK.res" 915
"../../../Engine/Content/Internationalization/icudt64l/region/en_TK.res" 916
"../../../Engine/Content/Internationalization/icudt64l/lang/en_TO.res" 917
"../../../Engine/Content/Internationalization/icudt64l/region/en_TO.res" 918
"../../../Engine/Content/Internationalization/icudt64l/lang/en_TT.res" 919
"../../../Engine/Content/Internationalization/icudt64l/region/en_TT.res" 920
"../../../Engine/Content/Internationalization/icudt64l/lang/en_TV.res" 921
"../../../Engine/Content/Internationalization/icudt64l/region/en_TV.res" 922
"../../../Engine/Content/Internationalization/icudt64l/lang/en_TZ.res" 923
"../../../Engine/Content/Internationalization/icudt64l/region/en_TZ.res" 924
"../../../Engine/Content/Internationalization/icudt64l/lang/en_UG.res" 925
"../../../Engine/Content/Internationalization/icudt64l/region/en_UG.res" 926
"../../../Engine/Content/Internationalization/icudt64l/lang/en_VC.res" 927
"../../../Engine/Content/Internationalization/icudt64l/region/en_VC.res" 928
"../../../Engine/Content/Internationalization/icudt64l/lang/en_VG.res" 929
"../../../Engine/Content/Internationalization/icudt64l/region/en_VG.res" 930
"../../../Engine/Content/Internationalization/icudt64l/lang/en_VU.res" 931
"../../../Engine/Content/Internationalization/icudt64l/region/en_VU.res" 932
"../../../Engine/Content/Internationalization/icudt64l/lang/en_WS.res" 933
"../../../Engine/Content/Internationalization/icudt64l/region/en_WS.res" 934
"../../../Engine/Content/Internationalization/icudt64l/lang/en_ZA.res" 935
"../../../Engine/Content/Internationalization/icudt64l/region/en_ZA.res" 936
"../../../Engine/Content/Internationalization/icudt64l/lang/en_ZM.res" 937
"../../../Engine/Content/Internationalization/icudt64l/region/en_ZM.res" 938
"../../../Engine/Content/Internationalization/icudt64l/lang/en_ZW.res" 939
"../../../Engine/Content/Internationalization/icudt64l/region/en_ZW.res" 940
"../../../Engine/Content/Internationalization/icudt64l/lang/eo.res" 941
"../../../Engine/Content/Internationalization/icudt64l/region/eo.res" 942
"../../../Engine/Content/Internationalization/icudt64l/lang/es.res" 943
"../../../Engine/Content/Internationalization/icudt64l/lang/es_419.res" 944
"../../../Engine/Content/Internationalization/icudt64l/region/es_419.res" 945
"../../../Engine/Content/Internationalization/icudt64l/region/es.res" 946
"../../../Engine/Content/Internationalization/icudt64l/lang/es_AR.res" 947
"../../../Engine/Content/Internationalization/icudt64l/region/es_AR.res" 948
"../../../Engine/Content/Internationalization/icudt64l/lang/es_BO.res" 949
"../../../Engine/Content/Internationalization/icudt64l/region/es_BO.res" 950
"../../../Engine/Content/Internationalization/icudt64l/lang/es_BR.res" 951
"../../../Engine/Content/Internationalization/icudt64l/region/es_BR.res" 952
"../../../Engine/Content/Internationalization/icudt64l/lang/es_BZ.res" 953
"../../../Engine/Content/Internationalization/icudt64l/region/es_BZ.res" 954
"../../../Engine/Content/Internationalization/icudt64l/lang/es_CL.res" 955
"../../../Engine/Content/Internationalization/icudt64l/region/es_CL.res" 956
"../../../Engine/Content/Internationalization/icudt64l/lang/es_CO.res" 957
"../../../Engine/Content/Internationalization/icudt64l/region/es_CO.res" 958
"../../../Engine/Content/Internationalization/icudt64l/lang/es_CR.res" 959
"../../../Engine/Content/Internationalization/icudt64l/region/es_CR.res" 960
"../../../Engine/Content/Internationalization/icudt64l/lang/es_CU.res" 961
"../../../Engine/Content/Internationalization/icudt64l/region/es_CU.res" 962
"../../../Engine/Content/Internationalization/icudt64l/lang/es_DO.res" 963
"../../../Engine/Content/Internationalization/icudt64l/region/es_DO.res" 964
"../../../Engine/Content/Internationalization/icudt64l/lang/es_EC.res" 965
"../../../Engine/Content/Internationalization/icudt64l/region/es_EC.res" 966
"../../../Engine/Content/Internationalization/icudt64l/lang/es_GT.res" 967
"../../../Engine/Content/Internationalization/icudt64l/region/es_GT.res" 968
"../../../Engine/Content/Internationalization/icudt64l/lang/es_HN.res" 969
"../../../Engine/Content/Internationalization/icudt64l/region/es_HN.res" 970
"../../../Engine/Content/Internationalization/icudt64l/lang/es_MX.res" 971
"../../../Engine/Content/Internationalization/icudt64l/region/es_MX.res" 972
"../../../Engine/Content/Internationalization/icudt64l/lang/es_NI.res" 973
"../../../Engine/Content/Internationalization/icudt64l/region/es_NI.res" 974
"../../../Engine/Content/Internationalization/icudt64l/lang/es_PA.res" 975
"../../../Engine/Content/Internationalization/icudt64l/region/es_PA.res" 976
"../../../Engine/Content/Internationalization/icudt64l/lang/es_PE.res" 977
"../../../Engine/Content/Internationalization/icudt64l/region/es_PE.res" 978
"../../../Engine/Content/Internationalization/icudt64l/lang/es_PR.res" 979
"../../../Engine/Content/Internationalization/icudt64l/region/es_PR.res" 980
"../../../Engine/Content/Internationalization/icudt64l/lang/es_PY.res" 981
"../../../Engine/Content/Internationalization/icudt64l/region/es_PY.res" 982
"../../../Engine/Content/Internationalization/icudt64l/lang/es_SV.res" 983
"../../../Engine/Content/Internationalization/icudt64l/region/es_SV.res" 984
"../../../Engine/Content/Internationalization/icudt64l/lang/es_US.res" 985
"../../../Engine/Content/Internationalization/icudt64l/region/es_US.res" 986
"../../../Engine/Content/Internationalization/icudt64l/lang/es_UY.res" 987
"../../../Engine/Content/Internationalization/icudt64l/region/es_UY.res" 988
"../../../Engine/Content/Internationalization/icudt64l/lang/es_VE.res" 989
"../../../Engine/Content/Internationalization/icudt64l/region/es_VE.res" 990
"../../../Engine/Content/Internationalization/icudt64l/lang/et.res" 991
"../../../Engine/Content/Internationalization/icudt64l/region/et.res" 992
"../../../Engine/Content/Internationalization/icudt64l/lang/eu.res" 993
"../../../Engine/Content/Internationalization/icudt64l/region/eu.res" 994
"../../../Engine/Content/Internationalization/icudt64l/lang/ewo.res" 995
"../../../Engine/Content/Internationalization/icudt64l/region/ewo.res" 996
"../../../Engine/Content/Internationalization/icudt64l/lang/fa.res" 997
"../../../Engine/Content/Internationalization/icudt64l/lang/fa_AF.res" 998
"../../../Engine/Content/Internationalization/icudt64l/region/fa_AF.res" 999
"../../../Engine/Content/Internationalization/icudt64l/region/fa.res" 1000
"../../../Engine/Content/Internationalization/icudt64l/lang/ff.res" 1001
"../../../Engine/Content/Internationalization/icudt64l/lang/ff_Latn.res" 1002
"../../../Engine/Content/Internationalization/icudt64l/region/ff.res" 1003
"../../../Engine/Content/Internationalization/icudt64l/region/ff_Latn.res" 1004
"../../../Engine/Content/Internationalization/icudt64l/lang/ff_CM.res" 1005
"../../../Engine/Content/Internationalization/icudt64l/lang/ff_Latn_CM.res" 1006
"../../../Engine/Content/Internationalization/icudt64l/region/ff_CM.res" 1007
"../../../Engine/Content/Internationalization/icudt64l/region/ff_Latn_CM.res" 1008
"../../../Engine/Content/Internationalization/icudt64l/lang/ff_GN.res" 1009
"../../../Engine/Content/Internationalization/icudt64l/lang/ff_Latn_GN.res" 1010
"../../../Engine/Content/Internationalization/icudt64l/region/ff_GN.res" 1011
"../../../Engine/Content/Internationalization/icudt64l/region/ff_Latn_GN.res" 1012
"../../../Engine/Content/Internationalization/icudt64l/lang/ff_MR.res" 1013
"../../../Engine/Content/Internationalization/icudt64l/lang/ff_Latn_MR.res" 1014
"../../../Engine/Content/Internationalization/icudt64l/region/ff_MR.res" 1015
"../../../Engine/Content/Internationalization/icudt64l/region/ff_Latn_MR.res" 1016
"../../../Engine/Content/Internationalization/icudt64l/lang/ff_SN.res" 1017
"../../../Engine/Content/Internationalization/icudt64l/lang/ff_Latn_SN.res" 1018
"../../../Engine/Content/Internationalization/icudt64l/region/ff_SN.res" 1019
"../../../Engine/Content/Internationalization/icudt64l/region/ff_Latn_SN.res" 1020
"../../../Engine/Content/Internationalization/icudt64l/lang/fi.res" 1021
"../../../Engine/Content/Internationalization/icudt64l/region/fi.res" 1022
"../../../Engine/Content/Internationalization/icudt64l/lang/fil.res" 1023
"../../../Engine/Content/Internationalization/icudt64l/lang/fil_PH.res" 1024
"../../../Engine/Content/Internationalization/icudt64l/region/fil_PH.res" 1025
"../../../Engine/Content/Internationalization/icudt64l/region/fil.res" 1026
"../../../Engine/Content/Internationalization/icudt64l/lang/fo.res" 1027
"../../../Engine/Content/Internationalization/icudt64l/region/fo.res" 1028
"../../../Engine/Content/Internationalization/icudt64l/lang/fr.res" 1029
"../../../Engine/Content/Internationalization/icudt64l/lang/fr_BE.res" 1030
"../../../Engine/Content/Internationalization/icudt64l/region/fr_BE.res" 1031
"../../../Engine/Content/Internationalization/icudt64l/region/fr.res" 1032
"../../../Engine/Content/Internationalization/icudt64l/lang/fr_CA.res" 1033
"../../../Engine/Content/Internationalization/icudt64l/region/fr_CA.res" 1034
"../../../Engine/Content/Internationalization/icudt64l/lang/fr_CH.res" 1035
"../../../Engine/Content/Internationalization/icudt64l/lang/fur.res" 1036
"../../../Engine/Content/Internationalization/icudt64l/region/fur.res" 1037
"../../../Engine/Content/Internationalization/icudt64l/lang/fy.res" 1038
"../../../Engine/Content/Internationalization/icudt64l/region/fy.res" 1039
"../../../Engine/Content/Internationalization/icudt64l/lang/ga.res" 1040
"../../../Engine/Content/Internationalization/icudt64l/region/ga.res" 1041
"../../../Engine/Content/Internationalization/icudt64l/lang/gd.res" 1042
"../../../Engine/Content/Internationalization/icudt64l/region/gd.res" 1043
"../../../Engine/Content/Internationalization/icudt64l/lang/gl.res" 1044
"../../../Engine/Content/Internationalization/icudt64l/region/gl.res" 1045
"../../../Engine/Content/Internationalization/icudt64l/lang/gsw.res" 1046
"../../../Engine/Content/Internationalization/icudt64l/region/gsw.res" 1047
"../../../Engine/Content/Internationalization/icudt64l/lang/gu.res" 1048
"../../../Engine/Content/Internationalization/icudt64l/region/gu.res" 1049
"../../../Engine/Content/Internationalization/icudt64l/lang/guz.res" 1050
"../../../Engine/Content/Internationalization/icudt64l/region/guz.res" 1051
"../../../Engine/Content/Internationalization/icudt64l/lang/gv.res" 1052
"../../../Engine/Content/Internationalization/icudt64l/region/gv.res" 1053
"../../../Engine/Content/Internationalization/icudt64l/lang/ha.res" 1054
"../../../Engine/Content/Internationalization/icudt64l/region/ha.res" 1055
"../../../Engine/Content/Internationalization/icudt64l/lang/ha_NE.res" 1056
"../../../Engine/Content/Internationalization/icudt64l/region/ha_NE.res" 1057
"../../../Engine/Content/Internationalization/icudt64l/lang/haw.res" 1058
"../../../Engine/Content/Internationalization/icudt64l/region/haw.res" 1059
"../../../Engine/Content/Internationalization/icudt64l/lang/he.res" 1060
"../../../Engine/Content/Internationalization/icudt64l/lang/he_IL.res" 1061
"../../../Engine/Content/Internationalization/icudt64l/region/he_IL.res" 1062
"../../../Engine/Content/Internationalization/icudt64l/region/he.res" 1063
"../../../Engine/Content/Internationalization/icudt64l/lang/hi.res" 1064
"../../../Engine/Content/Internationalization/icudt64l/region/hi.res" 1065
"../../../Engine/Content/Internationalization/icudt64l/lang/hr.res" 1066
"../../../Engine/Content/Internationalization/icudt64l/region/hr.res" 1067
"../../../Engine/Content/Internationalization/icudt64l/lang/hsb.res" 1068
"../../../Engine/Content/Internationalization/icudt64l/region/hsb.res" 1069
"../../../Engine/Content/Internationalization/icudt64l/lang/hu.res" 1070
"../../../Engine/Content/Internationalization/icudt64l/region/hu.res" 1071
"../../../Engine/Content/Internationalization/icudt64l/lang/hy.res" 1072
"../../../Engine/Content/Internationalization/icudt64l/region/hy.res" 1073
"../../../Engine/Content/Internationalization/icudt64l/lang/ia.res" 1074
"../../../Engine/Content/Internationalization/icudt64l/region/ia.res" 1075
"../../../Engine/Content/Internationalization/icudt64l/lang/id.res" 1076
"../../../Engine/Content/Internationalization/icudt64l/lang/id_ID.res" 1077
"../../../Engine/Content/Internationalization/icudt64l/region/id_ID.res" 1078
"../../../Engine/Content/Internationalization/icudt64l/region/id.res" 1079
"../../../Engine/Content/Internationalization/icudt64l/lang/ig.res" 1080
"../../../Engine/Content/Internationalization/icudt64l/region/ig.res" 1081
"../../../Engine/Content/Internationalization/icudt64l/lang/ii.res" 1082
"../../../Engine/Content/Internationalization/icudt64l/region/ii.res" 1083
"../../../Engine/Content/Internationalization/icudt64l/lang/is.res" 1084
"../../../Engine/Content/Internationalization/icudt64l/region/is.res" 1085
"../../../Engine/Content/Internationalization/icudt64l/lang/it.res" 1086
"../../../Engine/Content/Internationalization/icudt64l/region/it.res" 1087
"../../../Engine/Content/Internationalization/icudt64l/lang/ja.res" 1088
"../../../Engine/Content/Internationalization/icudt64l/lang/ja_JP.res" 1089
"../../../Engine/Content/Internationalization/icudt64l/region/ja_JP.res" 1090
"../../../Engine/Content/Internationalization/icudt64l/region/ja.res" 1091
"../../../Engine/Content/Internationalization/icudt64l/lang/jgo.res" 1092
"../../../Engine/Content/Internationalization/icudt64l/region/jgo.res" 1093
"../../../Engine/Content/Internationalization/icudt64l/lang/jmc.res" 1094
"../../../Engine/Content/Internationalization/icudt64l/region/jmc.res" 1095
"../../../Engine/Content/Internationalization/icudt64l/lang/jv.res" 1096
"../../../Engine/Content/Internationalization/icudt64l/region/jv.res" 1097
"../../../Engine/Content/Internationalization/icudt64l/lang/ka.res" 1098
"../../../Engine/Content/Internationalization/icudt64l/region/ka.res" 1099
"../../../Engine/Content/Internationalization/icudt64l/lang/kab.res" 1100
"../../../Engine/Content/Internationalization/icudt64l/region/kab.res" 1101
"../../../Engine/Content/Internationalization/icudt64l/lang/kam.res" 1102
"../../../Engine/Content/Internationalization/icudt64l/region/kam.res" 1103
"../../../Engine/Content/Internationalization/icudt64l/lang/kde.res" 1104
"../../../Engine/Content/Internationalization/icudt64l/region/kde.res" 1105
"../../../Engine/Content/Internationalization/icudt64l/lang/kea.res" 1106
"../../../Engine/Content/Internationalization/icudt64l/region/kea.res" 1107
"../../../Engine/Content/Internationalization/icudt64l/lang/khq.res" 1108
"../../../Engine/Content/Internationalization/icudt64l/region/khq.res" 1109
"../../../Engine/Content/Internationalization/icudt64l/lang/ki.res" 1110
"../../../Engine/Content/Internationalization/icudt64l/region/ki.res" 1111
"../../../Engine/Content/Internationalization/icudt64l/lang/kk.res" 1112
"../../../Engine/Content/Internationalization/icudt64l/region/kk.res" 1113
"../../../Engine/Content/Internationalization/icudt64l/lang/kkj.res" 1114
"../../../Engine/Content/Internationalization/icudt64l/region/kkj.res" 1115
"../../../Engine/Content/Internationalization/icudt64l/lang/kl.res" 1116
"../../../Engine/Content/Internationalization/icudt64l/region/kl.res" 1117
"../../../Engine/Content/Internationalization/icudt64l/lang/kln.res" 1118
"../../../Engine/Content/Internationalization/icudt64l/region/kln.res" 1119
"../../../Engine/Content/Internationalization/icudt64l/lang/km.res" 1120
"../../../Engine/Content/Internationalization/icudt64l/region/km.res" 1121
"../../../Engine/Content/Internationalization/icudt64l/lang/kn.res" 1122
"../../../Engine/Content/Internationalization/icudt64l/region/kn.res" 1123
"../../../Engine/Content/Internationalization/icudt64l/lang/ko.res" 1124
"../../../Engine/Content/Internationalization/icudt64l/region/ko_KP.res" 1125
"../../../Engine/Content/Internationalization/icudt64l/region/ko.res" 1126
"../../../Engine/Content/Internationalization/icudt64l/lang/kok.res" 1127
"../../../Engine/Content/Internationalization/icudt64l/region/kok.res" 1128
"../../../Engine/Content/Internationalization/icudt64l/lang/ks.res" 1129
"../../../Engine/Content/Internationalization/icudt64l/region/ks.res" 1130
"../../../Engine/Content/Internationalization/icudt64l/lang/ksb.res" 1131
"../../../Engine/Content/Internationalization/icudt64l/region/ksb.res" 1132
"../../../Engine/Content/Internationalization/icudt64l/lang/ksf.res" 1133
"../../../Engine/Content/Internationalization/icudt64l/region/ksf.res" 1134
"../../../Engine/Content/Internationalization/icudt64l/lang/ksh.res" 1135
"../../../Engine/Content/Internationalization/icudt64l/region/ksh.res" 1136
"../../../Engine/Content/Internationalization/icudt64l/lang/ku.res" 1137
"../../../Engine/Content/Internationalization/icudt64l/region/ku.res" 1138
"../../../Engine/Content/Internationalization/icudt64l/lang/kw.res" 1139
"../../../Engine/Content/Internationalization/icudt64l/region/kw.res" 1140
"../../../Engine/Content/Internationalization/icudt64l/lang/ky.res" 1141
"../../../Engine/Content/Internationalization/icudt64l/region/ky.res" 1142
"../../../Engine/Content/Internationalization/icudt64l/lang/lag.res" 1143
"../../../Engine/Content/Internationalization/icudt64l/region/lag.res" 1144
"../../../Engine/Content/Internationalization/icudt64l/lang/lb.res" 1145
"../../../Engine/Content/Internationalization/icudt64l/region/lb.res" 1146
"../../../Engine/Content/Internationalization/icudt64l/lang/lg.res" 1147
"../../../Engine/Content/Internationalization/icudt64l/region/lg.res" 1148
"../../../Engine/Content/Internationalization/icudt64l/lang/lkt.res" 1149
"../../../Engine/Content/Internationalization/icudt64l/region/lkt.res" 1150
"../../../Engine/Content/Internationalization/icudt64l/lang/ln.res" 1151
"../../../Engine/Content/Internationalization/icudt64l/region/ln.res" 1152
"../../../Engine/Content/Internationalization/icudt64l/lang/lo.res" 1153
"../../../Engine/Content/Internationalization/icudt64l/region/lo.res" 1154
"../../../Engine/Content/Internationalization/icudt64l/lang/lrc.res" 1155
"../../../Engine/Content/Internationalization/icudt64l/region/lrc.res" 1156
"../../../Engine/Content/Internationalization/icudt64l/lang/lt.res" 1157
"../../../Engine/Content/Internationalization/icudt64l/region/lt.res" 1158
"../../../Engine/Content/Internationalization/icudt64l/lang/lu.res" 1159
"../../../Engine/Content/Internationalization/icudt64l/region/lu.res" 1160
"../../../Engine/Content/Internationalization/icudt64l/lang/luo.res" 1161
"../../../Engine/Content/Internationalization/icudt64l/region/luo.res" 1162
"../../../Engine/Content/Internationalization/icudt64l/lang/luy.res" 1163
"../../../Engine/Content/Internationalization/icudt64l/region/luy.res" 1164
"../../../Engine/Content/Internationalization/icudt64l/lang/lv.res" 1165
"../../../Engine/Content/Internationalization/icudt64l/region/lv.res" 1166
"../../../Engine/Content/Internationalization/icudt64l/lang/mas.res" 1167
"../../../Engine/Content/Internationalization/icudt64l/region/mas.res" 1168
"../../../Engine/Content/Internationalization/icudt64l/lang/mer.res" 1169
"../../../Engine/Content/Internationalization/icudt64l/region/mer.res" 1170
"../../../Engine/Content/Internationalization/icudt64l/lang/mfe.res" 1171
"../../../Engine/Content/Internationalization/icudt64l/region/mfe.res" 1172
"../../../Engine/Content/Internationalization/icudt64l/lang/mg.res" 1173
"../../../Engine/Content/Internationalization/icudt64l/region/mg.res" 1174
"../../../Engine/Content/Internationalization/icudt64l/lang/mgh.res" 1175
"../../../Engine/Content/Internationalization/icudt64l/region/mgh.res" 1176
"../../../Engine/Content/Internationalization/icudt64l/lang/mgo.res" 1177
"../../../Engine/Content/Internationalization/icudt64l/region/mgo.res" 1178
"../../../Engine/Content/Internationalization/icudt64l/lang/mi.res" 1179
"../../../Engine/Content/Internationalization/icudt64l/region/mi.res" 1180
"../../../Engine/Content/Internationalization/icudt64l/lang/mk.res" 1181
"../../../Engine/Content/Internationalization/icudt64l/region/mk.res" 1182
"../../../Engine/Content/Internationalization/icudt64l/lang/ml.res" 1183
"../../../Engine/Content/Internationalization/icudt64l/region/ml.res" 1184
"../../../Engine/Content/Internationalization/icudt64l/lang/mn.res" 1185
"../../../Engine/Content/Internationalization/icudt64l/region/mn.res" 1186
"../../../Engine/Content/Internationalization/icudt64l/lang/mr.res" 1187
"../../../Engine/Content/Internationalization/icudt64l/region/mr.res" 1188
"../../../Engine/Content/Internationalization/icudt64l/lang/ms.res" 1189
"../../../Engine/Content/Internationalization/icudt64l/region/ms.res" 1190
"../../../Engine/Content/Internationalization/icudt64l/lang/mt.res" 1191
"../../../Engine/Content/Internationalization/icudt64l/region/mt.res" 1192
"../../../Engine/Content/Internationalization/icudt64l/lang/mua.res" 1193
"../../../Engine/Content/Internationalization/icudt64l/region/mua.res" 1194
"../../../Engine/Content/Internationalization/icudt64l/lang/my.res" 1195
"../../../Engine/Content/Internationalization/icudt64l/region/my.res" 1196
"../../../Engine/Content/Internationalization/icudt64l/lang/mzn.res" 1197
"../../../Engine/Content/Internationalization/icudt64l/region/mzn.res" 1198
"../../../Engine/Content/Internationalization/icudt64l/lang/naq.res" 1199
"../../../Engine/Content/Internationalization/icudt64l/region/naq.res" 1200
"../../../Engine/Content/Internationalization/icudt64l/lang/nb.res" 1201
"../../../Engine/Content/Internationalization/icudt64l/lang/nb_NO.res" 1202
"../../../Engine/Content/Internationalization/icudt64l/region/nb_NO.res" 1203
"../../../Engine/Content/Internationalization/icudt64l/region/nb.res" 1204
"../../../Engine/Content/Internationalization/icudt64l/lang/nd.res" 1205
"../../../Engine/Content/Internationalization/icudt64l/region/nd.res" 1206
"../../../Engine/Content/Internationalization/icudt64l/lang/nds.res" 1207
"../../../Engine/Content/Internationalization/icudt64l/region/nds.res" 1208
"../../../Engine/Content/Internationalization/icudt64l/lang/ne.res" 1209
"../../../Engine/Content/Internationalization/icudt64l/region/ne.res" 1210
"../../../Engine/Content/Internationalization/icudt64l/lang/nl.res" 1211
"../../../Engine/Content/Internationalization/icudt64l/region/nl.res" 1212
"../../../Engine/Content/Internationalization/icudt64l/lang/nmg.res" 1213
"../../../Engine/Content/Internationalization/icudt64l/region/nmg.res" 1214
"../../../Engine/Content/Internationalization/icudt64l/lang/nn.res" 1215
"../../../Engine/Content/Internationalization/icudt64l/lang/nn_NO.res" 1216
"../../../Engine/Content/Internationalization/icudt64l/region/nn_NO.res" 1217
"../../../Engine/Content/Internationalization/icudt64l/region/nn.res" 1218
"../../../Engine/Content/Internationalization/icudt64l/lang/nnh.res" 1219
"../../../Engine/Content/Internationalization/icudt64l/region/nnh.res" 1220
"../../../Engine/Content/Internationalization/icudt64l/lang/nus.res" 1221
"../../../Engine/Content/Internationalization/icudt64l/region/nus.res" 1222
"../../../Engine/Content/Internationalization/icudt64l/lang/nyn.res" 1223
"../../../Engine/Content/Internationalization/icudt64l/region/nyn.res" 1224
"../../../Engine/Content/Internationalization/icudt64l/lang/om.res" 1225
"../../../Engine/Content/Internationalization/icudt64l/region/om.res" 1226
"../../../Engine/Content/Internationalization/icudt64l/lang/or.res" 1227
"../../../Engine/Content/Internationalization/icudt64l/region/or.res" 1228
"../../../Engine/Content/Internationalization/icudt64l/lang/os.res" 1229
"../../../Engine/Content/Internationalization/icudt64l/region/os.res" 1230
"../../../Engine/Content/Internationalization/icudt64l/lang/pa.res" 1231
"../../../Engine/Content/Internationalization/icudt64l/lang/pa_Arab.res" 1232
"../../../Engine/Content/Internationalization/icudt64l/lang/pa_PK.res" 1233
"../../../Engine/Content/Internationalization/icudt64l/lang/pa_Arab_PK.res" 1234
"../../../Engine/Content/Internationalization/icudt64l/region/pa_PK.res" 1235
"../../../Engine/Content/Internationalization/icudt64l/region/pa_Arab_PK.res" 1236
"../../../Engine/Content/Internationalization/icudt64l/region/pa_Arab.res" 1237
"../../../Engine/Content/Internationalization/icudt64l/lang/pa_Guru.res" 1238
"../../../Engine/Content/Internationalization/icudt64l/lang/pa_IN.res" 1239
"../../../Engine/Content/Internationalization/icudt64l/lang/pa_Guru_IN.res" 1240
"../../../Engine/Content/Internationalization/icudt64l/region/pa_IN.res" 1241
"../../../Engine/Content/Internationalization/icudt64l/region/pa_Guru_IN.res" 1242
"../../../Engine/Content/Internationalization/icudt64l/region/pa_Guru.res" 1243
"../../../Engine/Content/Internationalization/icudt64l/region/pa.res" 1244
"../../../Engine/Content/Internationalization/icudt64l/lang/pl.res" 1245
"../../../Engine/Content/Internationalization/icudt64l/region/pl.res" 1246
"../../../Engine/Content/Internationalization/icudt64l/lang/ps.res" 1247
"../../../Engine/Content/Internationalization/icudt64l/region/ps.res" 1248
"../../../Engine/Content/Internationalization/icudt64l/lang/ps_PK.res" 1249
"../../../Engine/Content/Internationalization/icudt64l/region/ps_PK.res" 1250
"../../../Engine/Content/Internationalization/icudt64l/lang/pt.res" 1251
"../../../Engine/Content/Internationalization/icudt64l/lang/pt_AO.res" 1252
"../../../Engine/Content/Internationalization/icudt64l/lang/pt_PT.res" 1253
"../../../Engine/Content/Internationalization/icudt64l/region/pt_AO.res" 1254
"../../../Engine/Content/Internationalization/icudt64l/region/pt_PT.res" 1255
"../../../Engine/Content/Internationalization/icudt64l/region/pt.res" 1256
"../../../Engine/Content/Internationalization/icudt64l/lang/pt_CH.res" 1257
"../../../Engine/Content/Internationalization/icudt64l/region/pt_CH.res" 1258
"../../../Engine/Content/Internationalization/icudt64l/lang/pt_CV.res" 1259
"../../../Engine/Content/Internationalization/icudt64l/region/pt_CV.res" 1260
"../../../Engine/Content/Internationalization/icudt64l/lang/pt_GQ.res" 1261
"../../../Engine/Content/Internationalization/icudt64l/region/pt_GQ.res" 1262
"../../../Engine/Content/Internationalization/icudt64l/lang/pt_GW.res" 1263
"../../../Engine/Content/Internationalization/icudt64l/region/pt_GW.res" 1264
"../../../Engine/Content/Internationalization/icudt64l/lang/pt_LU.res" 1265
"../../../Engine/Content/Internationalization/icudt64l/region/pt_LU.res" 1266
"../../../Engine/Content/Internationalization/icudt64l/lang/pt_MO.res" 1267
"../../../Engine/Content/Internationalization/icudt64l/region/pt_MO.res" 1268
"../../../Engine/Content/Internationalization/icudt64l/lang/pt_MZ.res" 1269
"../../../Engine/Content/Internationalization/icudt64l/region/pt_MZ.res" 1270
"../../../Engine/Content/Internationalization/icudt64l/lang/pt_ST.res" 1271
"../../../Engine/Content/Internationalization/icudt64l/region/pt_ST.res" 1272
"../../../Engine/Content/Internationalization/icudt64l/lang/pt_TL.res" 1273
"../../../Engine/Content/Internationalization/icudt64l/region/pt_TL.res" 1274
"../../../Engine/Content/Internationalization/icudt64l/lang/qu.res" 1275
"../../../Engine/Content/Internationalization/icudt64l/region/qu.res" 1276
"../../../Engine/Content/Internationalization/icudt64l/lang/rm.res" 1277
"../../../Engine/Content/Internationalization/icudt64l/region/rm.res" 1278
"../../../Engine/Content/Internationalization/icudt64l/lang/rn.res" 1279
"../../../Engine/Content/Internationalization/icudt64l/region/rn.res" 1280
"../../../Engine/Content/Internationalization/icudt64l/lang/ro.res" 1281
"../../../Engine/Content/Internationalization/icudt64l/lang/ro_MD.res" 1282
"../../../Engine/Content/Internationalization/icudt64l/region/ro_MD.res" 1283
"../../../Engine/Content/Internationalization/icudt64l/region/ro.res" 1284
"../../../Engine/Content/Internationalization/icudt64l/lang/rof.res" 1285
"../../../Engine/Content/Internationalization/icudt64l/region/rof.res" 1286
"../../../Engine/Content/Internationalization/icudt64l/lang/ru.res" 1287
"../../../Engine/Content/Internationalization/icudt64l/region/ru.res" 1288
"../../../Engine/Content/Internationalization/icudt64l/region/ru_UA.res" 1289
"../../../Engine/Content/Internationalization/icudt64l/lang/rw.res" 1290
"../../../Engine/Content/Internationalization/icudt64l/region/rw.res" 1291
"../../../Engine/Content/Internationalization/icudt64l/lang/rwk.res" 1292
"../../../Engine/Content/Internationalization/icudt64l/region/rwk.res" 1293
"../../../Engine/Content/Internationalization/icudt64l/lang/sah.res" 1294
"../../../Engine/Content/Internationalization/icudt64l/region/sah.res" 1295
"../../../Engine/Content/Internationalization/icudt64l/lang/saq.res" 1296
"../../../Engine/Content/Internationalization/icudt64l/region/saq.res" 1297
"../../../Engine/Content/Internationalization/icudt64l/lang/sbp.res" 1298
"../../../Engine/Content/Internationalization/icudt64l/region/sbp.res" 1299
"../../../Engine/Content/Internationalization/icudt64l/lang/sd.res" 1300
"../../../Engine/Content/Internationalization/icudt64l/region/sd.res" 1301
"../../../Engine/Content/Internationalization/icudt64l/lang/se.res" 1302
"../../../Engine/Content/Internationalization/icudt64l/lang/se_FI.res" 1303
"../../../Engine/Content/Internationalization/icudt64l/region/se_FI.res" 1304
"../../../Engine/Content/Internationalization/icudt64l/region/se.res" 1305
"../../../Engine/Content/Internationalization/icudt64l/lang/seh.res" 1306
"../../../Engine/Content/Internationalization/icudt64l/region/seh.res" 1307
"../../../Engine/Content/Internationalization/icudt64l/lang/ses.res" 1308
"../../../Engine/Content/Internationalization/icudt64l/region/ses.res" 1309
"../../../Engine/Content/Internationalization/icudt64l/lang/sg.res" 1310
"../../../Engine/Content/Internationalization/icudt64l/region/sg.res" 1311
"../../../Engine/Content/Internationalization/icudt64l/lang/shi.res" 1312
"../../../Engine/Content/Internationalization/icudt64l/lang/shi_Latn.res" 1313
"../../../Engine/Content/Internationalization/icudt64l/lang/shi_MA.res" 1314
"../../../Engine/Content/Internationalization/icudt64l/lang/shi_Tfng_MA.res" 1315
"../../../Engine/Content/Internationalization/icudt64l/lang/shi_Tfng.res" 1316
"../../../Engine/Content/Internationalization/icudt64l/region/shi_MA.res" 1317
"../../../Engine/Content/Internationalization/icudt64l/region/shi_Tfng_MA.res" 1318
"../../../Engine/Content/Internationalization/icudt64l/region/shi_Tfng.res" 1319
"../../../Engine/Content/Internationalization/icudt64l/region/shi.res" 1320
"../../../Engine/Content/Internationalization/icudt64l/region/shi_Latn.res" 1321
"../../../Engine/Content/Internationalization/icudt64l/lang/si.res" 1322
"../../../Engine/Content/Internationalization/icudt64l/region/si.res" 1323
"../../../Engine/Content/Internationalization/icudt64l/lang/sk.res" 1324
"../../../Engine/Content/Internationalization/icudt64l/region/sk.res" 1325
"../../../Engine/Content/Internationalization/icudt64l/lang/sl.res" 1326
"../../../Engine/Content/Internationalization/icudt64l/region/sl.res" 1327
"../../../Engine/Content/Internationalization/icudt64l/lang/smn.res" 1328
"../../../Engine/Content/Internationalization/icudt64l/region/smn.res" 1329
"../../../Engine/Content/Internationalization/icudt64l/lang/sn.res" 1330
"../../../Engine/Content/Internationalization/icudt64l/region/sn.res" 1331
"../../../Engine/Content/Internationalization/icudt64l/lang/so.res" 1332
"../../../Engine/Content/Internationalization/icudt64l/region/so.res" 1333
"../../../Engine/Content/Internationalization/icudt64l/lang/sq.res" 1334
"../../../Engine/Content/Internationalization/icudt64l/region/sq.res" 1335
"../../../Engine/Content/Internationalization/icudt64l/lang/sr.res" 1336
"../../../Engine/Content/Internationalization/icudt64l/lang/sr_Cyrl.res" 1337
"../../../Engine/Content/Internationalization/icudt64l/lang/sr_BA.res" 1338
"../../../Engine/Content/Internationalization/icudt64l/lang/sr_Cyrl_BA.res" 1339
"../../../Engine/Content/Internationalization/icudt64l/region/sr_BA.res" 1340
"../../../Engine/Content/Internationalization/icudt64l/region/sr_Cyrl_BA.res" 1341
"../../../Engine/Content/Internationalization/icudt64l/region/sr_Cyrl.res" 1342
"../../../Engine/Content/Internationalization/icudt64l/region/sr.res" 1343
"../../../Engine/Content/Internationalization/icudt64l/lang/sr_ME.res" 1344
"../../../Engine/Content/Internationalization/icudt64l/lang/sr_Latn_ME.res" 1345
"../../../Engine/Content/Internationalization/icudt64l/lang/sr_Latn.res" 1346
"../../../Engine/Content/Internationalization/icudt64l/region/sr_ME.res" 1347
"../../../Engine/Content/Internationalization/icudt64l/region/sr_Latn_ME.res" 1348
"../../../Engine/Content/Internationalization/icudt64l/region/sr_Latn.res" 1349
"../../../Engine/Content/Internationalization/icudt64l/lang/sr_Cyrl_ME.res" 1350
"../../../Engine/Content/Internationalization/icudt64l/region/sr_Cyrl_ME.res" 1351
"../../../Engine/Content/Internationalization/icudt64l/lang/sr_RS.res" 1352
"../../../Engine/Content/Internationalization/icudt64l/lang/sr_Cyrl_RS.res" 1353
"../../../Engine/Content/Internationalization/icudt64l/region/sr_RS.res" 1354
"../../../Engine/Content/Internationalization/icudt64l/region/sr_Cyrl_RS.res" 1355
"../../../Engine/Content/Internationalization/icudt64l/lang/sr_XK.res" 1356
"../../../Engine/Content/Internationalization/icudt64l/lang/sr_Cyrl_XK.res" 1357
"../../../Engine/Content/Internationalization/icudt64l/region/sr_XK.res" 1358
"../../../Engine/Content/Internationalization/icudt64l/region/sr_Cyrl_XK.res" 1359
"../../../Engine/Content/Internationalization/icudt64l/lang/sr_Latn_BA.res" 1360
"../../../Engine/Content/Internationalization/icudt64l/region/sr_Latn_BA.res" 1361
"../../../Engine/Content/Internationalization/icudt64l/lang/sr_Latn_RS.res" 1362
"../../../Engine/Content/Internationalization/icudt64l/region/sr_Latn_RS.res" 1363
"../../../Engine/Content/Internationalization/icudt64l/lang/sr_Latn_XK.res" 1364
"../../../Engine/Content/Internationalization/icudt64l/region/sr_Latn_XK.res" 1365
"../../../Engine/Content/Internationalization/icudt64l/lang/sv.res" 1366
"../../../Engine/Content/Internationalization/icudt64l/region/sv.res" 1367
"../../../Engine/Content/Internationalization/icudt64l/lang/sv_FI.res" 1368
"../../../Engine/Content/Internationalization/icudt64l/lang/sw.res" 1369
"../../../Engine/Content/Internationalization/icudt64l/lang/sw_CD.res" 1370
"../../../Engine/Content/Internationalization/icudt64l/region/sw_CD.res" 1371
"../../../Engine/Content/Internationalization/icudt64l/region/sw.res" 1372
"../../../Engine/Content/Internationalization/icudt64l/lang/sw_KE.res" 1373
"../../../Engine/Content/Internationalization/icudt64l/region/sw_KE.res" 1374
"../../../Engine/Content/Internationalization/icudt64l/lang/ta.res" 1375
"../../../Engine/Content/Internationalization/icudt64l/region/ta.res" 1376
"../../../Engine/Content/Internationalization/icudt64l/lang/te.res" 1377
"../../../Engine/Content/Internationalization/icudt64l/region/te.res" 1378
"../../../Engine/Content/Internationalization/icudt64l/lang/teo.res" 1379
"../../../Engine/Content/Internationalization/icudt64l/region/teo.res" 1380
"../../../Engine/Content/Internationalization/icudt64l/lang/tg.res" 1381
"../../../Engine/Content/Internationalization/icudt64l/region/tg.res" 1382
"../../../Engine/Content/Internationalization/icudt64l/lang/th.res" 1383
"../../../Engine/Content/Internationalization/icudt64l/lang/th_TH.res" 1384
"../../../Engine/Content/Internationalization/icudt64l/region/th_TH.res" 1385
"../../../Engine/Content/Internationalization/icudt64l/region/th.res" 1386
"../../../Engine/Content/Internationalization/icudt64l/lang/ti.res" 1387
"../../../Engine/Content/Internationalization/icudt64l/region/ti.res" 1388
"../../../Engine/Content/Internationalization/icudt64l/lang/tk.res" 1389
"../../../Engine/Content/Internationalization/icudt64l/region/tk.res" 1390
"../../../Engine/Content/Internationalization/icudt64l/lang/to.res" 1391
"../../../Engine/Content/Internationalization/icudt64l/region/to.res" 1392
"../../../Engine/Content/Internationalization/icudt64l/lang/tr.res" 1393
"../../../Engine/Content/Internationalization/icudt64l/region/tr.res" 1394
"../../../Engine/Content/Internationalization/icudt64l/lang/tt.res" 1395
"../../../Engine/Content/Internationalization/icudt64l/region/tt.res" 1396
"../../../Engine/Content/Internationalization/icudt64l/lang/twq.res" 1397
"../../../Engine/Content/Internationalization/icudt64l/region/twq.res" 1398
"../../../Engine/Content/Internationalization/icudt64l/lang/tzm.res" 1399
"../../../Engine/Content/Internationalization/icudt64l/region/tzm.res" 1400
"../../../Engine/Content/Internationalization/icudt64l/lang/ug.res" 1401
"../../../Engine/Content/Internationalization/icudt64l/region/ug.res" 1402
"../../../Engine/Content/Internationalization/icudt64l/lang/uk.res" 1403
"../../../Engine/Content/Internationalization/icudt64l/region/uk.res" 1404
"../../../Engine/Content/Internationalization/icudt64l/lang/ur.res" 1405
"../../../Engine/Content/Internationalization/icudt64l/lang/ur_IN.res" 1406
"../../../Engine/Content/Internationalization/icudt64l/region/ur_IN.res" 1407
"../../../Engine/Content/Internationalization/icudt64l/region/ur.res" 1408
"../../../Engine/Content/Internationalization/icudt64l/lang/uz.res" 1409
"../../../Engine/Content/Internationalization/icudt64l/lang/uz_Arab.res" 1410
"../../../Engine/Content/Internationalization/icudt64l/lang/uz_AF.res" 1411
"../../../Engine/Content/Internationalization/icudt64l/lang/uz_Arab_AF.res" 1412
"../../../Engine/Content/Internationalization/icudt64l/region/uz_AF.res" 1413
"../../../Engine/Content/Internationalization/icudt64l/region/uz_Arab_AF.res" 1414
"../../../Engine/Content/Internationalization/icudt64l/region/uz_Arab.res" 1415
"../../../Engine/Content/Internationalization/icudt64l/lang/uz_Cyrl.res" 1416
"../../../Engine/Content/Internationalization/icudt64l/lang/uz_UZ.res" 1417
"../../../Engine/Content/Internationalization/icudt64l/lang/uz_Latn_UZ.res" 1418
"../../../Engine/Content/Internationalization/icudt64l/lang/uz_Latn.res" 1419
"../../../Engine/Content/Internationalization/icudt64l/region/uz_UZ.res" 1420
"../../../Engine/Content/Internationalization/icudt64l/region/uz_Latn_UZ.res" 1421
"../../../Engine/Content/Internationalization/icudt64l/region/uz_Latn.res" 1422
"../../../Engine/Content/Internationalization/icudt64l/region/uz.res" 1423
"../../../Engine/Content/Internationalization/icudt64l/region/uz_Cyrl.res" 1424
"../../../Engine/Content/Internationalization/icudt64l/lang/vai.res" 1425
"../../../Engine/Content/Internationalization/icudt64l/lang/vai_Latn.res" 1426
"../../../Engine/Content/Internationalization/icudt64l/lang/vai_LR.res" 1427
"../../../Engine/Content/Internationalization/icudt64l/lang/vai_Vaii_LR.res" 1428
"../../../Engine/Content/Internationalization/icudt64l/lang/vai_Vaii.res" 1429
"../../../Engine/Content/Internationalization/icudt64l/region/vai_LR.res" 1430
"../../../Engine/Content/Internationalization/icudt64l/region/vai_Vaii_LR.res" 1431
"../../../Engine/Content/Internationalization/icudt64l/region/vai_Vaii.res" 1432
"../../../Engine/Content/Internationalization/icudt64l/region/vai.res" 1433
"../../../Engine/Content/Internationalization/icudt64l/region/vai_Latn.res" 1434
"../../../Engine/Content/Internationalization/icudt64l/lang/vi.res" 1435
"../../../Engine/Content/Internationalization/icudt64l/region/vi.res" 1436
"../../../Engine/Content/Internationalization/icudt64l/lang/vun.res" 1437
"../../../Engine/Content/Internationalization/icudt64l/region/vun.res" 1438
"../../../Engine/Content/Internationalization/icudt64l/lang/wae.res" 1439
"../../../Engine/Content/Internationalization/icudt64l/region/wae.res" 1440
"../../../Engine/Content/Internationalization/icudt64l/lang/wo.res" 1441
"../../../Engine/Content/Internationalization/icudt64l/region/wo.res" 1442
"../../../Engine/Content/Internationalization/icudt64l/lang/xh.res" 1443
"../../../Engine/Content/Internationalization/icudt64l/region/xh.res" 1444
"../../../Engine/Content/Internationalization/icudt64l/lang/xog.res" 1445
"../../../Engine/Content/Internationalization/icudt64l/region/xog.res" 1446
"../../../Engine/Content/Internationalization/icudt64l/lang/yav.res" 1447
"../../../Engine/Content/Internationalization/icudt64l/region/yav.res" 1448
"../../../Engine/Content/Internationalization/icudt64l/lang/yi.res" 1449
"../../../Engine/Content/Internationalization/icudt64l/region/yi.res" 1450
"../../../Engine/Content/Internationalization/icudt64l/lang/yo.res" 1451
"../../../Engine/Content/Internationalization/icudt64l/lang/yo_BJ.res" 1452
"../../../Engine/Content/Internationalization/icudt64l/region/yo_BJ.res" 1453
"../../../Engine/Content/Internationalization/icudt64l/region/yo.res" 1454
"../../../Engine/Content/Internationalization/icudt64l/lang/yue.res" 1455
"../../../Engine/Content/Internationalization/icudt64l/lang/yue_Hans.res" 1456
"../../../Engine/Content/Internationalization/icudt64l/lang/yue_CN.res" 1457
"../../../Engine/Content/Internationalization/icudt64l/lang/yue_Hans_CN.res" 1458
"../../../Engine/Content/Internationalization/icudt64l/region/yue_CN.res" 1459
"../../../Engine/Content/Internationalization/icudt64l/region/yue_Hans_CN.res" 1460
"../../../Engine/Content/Internationalization/icudt64l/region/yue_Hans.res" 1461
"../../../Engine/Content/Internationalization/icudt64l/lang/yue_Hant.res" 1462
"../../../Engine/Content/Internationalization/icudt64l/lang/yue_HK.res" 1463
"../../../Engine/Content/Internationalization/icudt64l/lang/yue_Hant_HK.res" 1464
"../../../Engine/Content/Internationalization/icudt64l/region/yue_HK.res" 1465
"../../../Engine/Content/Internationalization/icudt64l/region/yue_Hant_HK.res" 1466
"../../../Engine/Content/Internationalization/icudt64l/region/yue_Hant.res" 1467
"../../../Engine/Content/Internationalization/icudt64l/region/yue.res" 1468
"../../../Engine/Content/Internationalization/icudt64l/lang/zgh.res" 1469
"../../../Engine/Content/Internationalization/icudt64l/region/zgh.res" 1470
"../../../Engine/Content/Internationalization/icudt64l/lang/zh_HK.res" 1471
"../../../Engine/Content/Internationalization/icudt64l/lang/zh_Hant_HK.res" 1472
"../../../Engine/Content/Internationalization/icudt64l/lang/zh_Hant.res" 1473
"../../../Engine/Content/Internationalization/icudt64l/region/zh_HK.res" 1474
"../../../Engine/Content/Internationalization/icudt64l/region/zh_Hant_HK.res" 1475
"../../../Engine/Content/Internationalization/icudt64l/region/zh_Hant.res" 1476
"../../../Engine/Content/Internationalization/icudt64l/lang/zh_MO.res" 1477
"../../../Engine/Content/Internationalization/icudt64l/lang/zh_Hant_MO.res" 1478
"../../../Engine/Content/Internationalization/icudt64l/region/zh_MO.res" 1479
"../../../Engine/Content/Internationalization/icudt64l/region/zh_Hant_MO.res" 1480
"../../../Engine/Content/Internationalization/icudt64l/lang/zh_SG.res" 1481
"../../../Engine/Content/Internationalization/icudt64l/lang/zh_Hans_SG.res" 1482
"../../../Engine/Content/Internationalization/icudt64l/region/zh_SG.res" 1483
"../../../Engine/Content/Internationalization/icudt64l/region/zh_Hans_SG.res" 1484
"../../../Engine/Content/Internationalization/icudt64l/lang/zh_TW.res" 1485
"../../../Engine/Content/Internationalization/icudt64l/lang/zh_Hant_TW.res" 1486
"../../../Engine/Content/Internationalization/icudt64l/region/zh_TW.res" 1487
"../../../Engine/Content/Internationalization/icudt64l/region/zh_Hant_TW.res" 1488
"../../../Engine/Content/Internationalization/icudt64l/lang/zu.res" 1489
"../../../Engine/Content/Internationalization/icudt64l/region/zu.res" 1490
"../../../Engine/Content/Internationalization/icudt64l/lang/no.res" 1491
"../../../Engine/Content/Internationalization/icudt64l/lang/tl.res" 1492
"../../../Engine/Plugins/FX/Niagara/Shaders/Private/NiagaraSpriteVertexFactory.ush" 1493
"../../../Engine/Shaders/Private/VertexFactoryCommon.ush" 1494
"../../../Engine/Shaders/Private/Common.ush" 1495
"../../../Engine/Shaders/Public/Platform.ush" 1496
"../../../Engine/Shaders/Public/FP16Math.ush" 1497
"../../../Engine/Shaders/Public/Platform/D3D/D3DCommon.ush" 1498
"../../../Engine/Shaders/Public/ShaderVersion.ush" 1499
"../../../Engine/Shaders/Private/CommonViewUniformBuffer.ush" 1500
"../../../Engine/Shaders/Private/InstancedStereo.ush" 1501
"../../../Engine/Shaders/Private/Definitions.usf" 1502
"../../../Engine/Shaders/Private/FastMath.ush" 1503
"../../../Engine/Shaders/Private/Random.ush" 1504
"../../../Engine/Shaders/Private/ParticleVertexFactoryCommon.ush" 1505
"../../../Engine/Plugins/FX/Niagara/Shaders/Private/NiagaraVFParticleAccess.usf" 1506
"../../../Engine/Plugins/FX/Niagara/Shaders/Private/NiagaraRibbonVertexFactory.ush" 1507
"../../../Engine/Plugins/FX/Niagara/Shaders/Private/NiagaraMeshVertexFactory.ush" 1508
"../../../Engine/Plugins/FX/Niagara/Shaders/Private/NiagaraCommon.ush" 1509
"../../../Engine/Shaders/Private/RayTracing/RayTracingCommon.ush" 1510
"../../../Engine/Shaders/Private/ShadingCommon.ush" 1511
"../../../Engine/Shaders/Shared/RayTracingDefinitions.h" 1512
"../../../Engine/Shaders/Private/RayTracing/RayTracingHitGroupCommon.ush" 1513
"../../../Engine/Shaders/Shared/RayTracingBuiltInResources.h" 1514
"../../../Engine/Shaders/Private/VectorFieldVisualizationVertexFactory.ush" 1515
"../../../Engine/Shaders/Private/ParticleSpriteVertexFactory.ush" 1516
"../../../Engine/Shaders/Private/ParticleGPUSpriteVertexFactory.ush" 1517
"../../../Engine/Shaders/Private/ParticleBeamTrailVertexFactory.ush" 1518
"../../../Engine/Shaders/Private/MeshParticleVertexFactory.ush" 1519
"../../../Engine/Shaders/Private/LocalVertexFactory.ush" 1520
"../../../Engine/Shaders/Private/LocalVertexFactoryCommon.ush" 1521
"../../../Engine/Shaders/Private/LightmapData.ush" 1522
"../../../Engine/Shaders/Private/GpuSkinCommon.ush" 1523
"../../../Engine/Shaders/Private/GpuSkinVertexFactory.ush" 1524
"../../../Engine/Shaders/Private/GeometryCacheVertexFactory.ush" 1525
"../../../Engine/Shaders/Private/LandscapeVertexFactory.ush" 1526
"../../../Engine/Plugins/FX/Niagara/Shaders/Private/NiagaraSortKeyGen.usf" 1527
"../../../Engine/Plugins/FX/Niagara/Shaders/Private/NiagaraGPURayTracingTransforms.usf" 1528
"../../../Engine/Plugins/FX/Niagara/Shaders/Private/NiagaraDrawIndirectArgsGen.usf" 1529
"../../../Engine/Plugins/FX/Niagara/Shaders/Private/NiagaraFillIntBuffer.usf" 1530
"../../../Engine/Plugins/FX/Niagara/Shaders/Private/NiagaraComputeFreeIDs.usf" 1531
"../../../Engine/Plugins/FX/Niagara/Shaders/Private/NiagaraInitFreeIDBuffer.usf" 1532
"../../../Engine/Plugins/FX/Niagara/Shaders/Private/NiagaraEmitterInstanceShader.usf" 1533
"../../../Engine/Plugins/FX/Niagara/Shaders/Private/NiagaraShaderVersion.ush" 1534
"../../../Engine/Shaders/Private/GlobalDistanceFieldShared.ush" 1535
"../../../Engine/Shaders/Private/SceneTexturesCommon.ush" 1536
"../../../Engine/Plugins/FX/Niagara/Shaders/Private/NiagaraPhysicsCommon.ush" 1537
"../../../Engine/Plugins/FX/Niagara/Shaders/Private/NiagaraDebugDraw.usf" 1538
"../../../Engine/Plugins/FX/Niagara/Shaders/Private/NiagaraDebugDraw.ush" 1539
"../../../Engine/Plugins/FX/Niagara/Shaders/Private/NiagaraVisualizeTexture.usf" 1540
"../../../Engine/Plugins/FX/Niagara/Shaders/Private/NiagaraBatchedElements.usf" 1541
"../../../Engine/Shaders/Private/GammaCorrectionCommon.ush" 1542
"../../../Engine/Plugins/Media/WmfMedia/Shaders/Private/MediaHardwareVideoDecoding.usf" 1543
"../../../Engine/Shaders/Private/ColorUtils.ush" 1544
"../../../Engine/Plugins/Media/ImgMedia/Shaders/Private/ExrSwizzler.usf" 1545
"../../../Engine/Shaders/Private/SlateElementPixelShader.usf" 1546
"../../../Engine/Shaders/Private/SlateShaderCommon.ush" 1547
"../../../Engine/Shaders/Private/MaterialTemplate.ush" 1548
"../../../Engine/Shaders/Private/EyeAdaptationCommon.ush" 1549
"../../../Engine/Shaders/Private/SobolRandom.ush" 1550
"../../../Engine/Shaders/Private/MonteCarlo.ush" 1551
"../../../Engine/Shaders/Private/DepthOfFieldCommon.ush" 1552
"../../../Engine/Shaders/Private/CircleDOFCommon.ush" 1553
"../../../Engine/Shaders/Private/PhysicsFieldSampler.ush" 1554
"../../../Engine/Shaders/Private/PhysicsFieldShared.ush" 1555
"../../../Engine/Shaders/Private/SceneData.ush" 1556
"../../../Engine/Shaders/Private/HairShadingCommon.ush" 1557
"../../../Engine/Shaders/Private/HairStrands/HairCardsAttributeCommon.ush" 1558
"../../../Engine/Shaders/Private/HairStrands/HairStrandsVertexFactoryCommon.ush" 1559
"../../../Engine/Shaders/Private/HairStrands/HairStrandsAttributeCommon.ush" 1560
"../../../Engine/Shaders/Private/SpeedTreeCommon.ush" 1561
"../../../Engine/Shaders/Private/VirtualTextureCommon.ush" 1562
"../../../Engine/Shaders/Private/MinMaterialTexCoords.ush" 1563
"../../../Engine/Shaders/Private/AtmosphereCommon.ush" 1564
"../../../Engine/Shaders/Private/SkyAtmosphereCommon.ush" 1565
"../../../Engine/Shaders/Private/SingleLayerWaterCommon.ush" 1566
"../../../Engine/Shaders/Private/PaniniProjection.ush" 1567
"../../../Engine/Shaders/Private/DeferredShadingCommon.ush" 1568
"../../../Engine/Shaders/Private/LightAccumulator.ush" 1569
"../../../Engine/Shaders/Private/CompositeUIPixelShader.usf" 1570
"../../../Engine/Shaders/Private/TonemapCommon.ush" 1571
"../../../Engine/Shaders/Private/ACES.ush" 1572
"../../../Engine/Shaders/Private/SlateMaskingShader.usf" 1573
"../../../Engine/Shaders/Private/SlatePostProcessColorDeficiencyPixelShader.usf" 1574
"../../../Engine/Shaders/Private/ColorSpace.ush" 1575
"../../../Engine/Shaders/Private/SlatePostProcessPixelShader.usf" 1576
"../../../Engine/Shaders/Private/SlateVertexShader.usf" 1577
"../../../Engine/Shaders/Private/TranslucentLightingShaders.usf" 1578
"../../../Engine/Shaders/Private/SHCommon.ush" 1579
"../../../Engine/Shaders/Private/ShadowProjectionCommon.ush" 1580
"../../../Engine/Shaders/Private/CubemapCommon.ush" 1581
"../../../Engine/Shaders/Private/VectorFieldCompositeShaders.usf" 1582
"../../../Engine/Shaders/Private/UpdateTextureShaders.usf" 1583
"../../../Engine/Shaders/Private/StereoLayerShader.usf" 1584
"../../../Engine/Shaders/Private/MorphTargets.usf" 1585
"../../../Engine/Shaders/Private/SimpleElementColorChannelMaskPixelShader.usf" 1586
"../../../Engine/Shaders/Private/SimpleElementHitProxyPixelShader.usf" 1587
"../../../Engine/Shaders/Private/SimpleElementPixelShader.usf" 1588
"../../../Engine/Shaders/Private/IESLightProfilesCommon.ush" 1589
"../../../Engine/Shaders/Private/SimpleElementVertexShader.usf" 1590
"../../../Engine/Shaders/Private/ScreenPixelShaderOES.usf" 1591
"../../../Engine/Shaders/Private/ScreenVertexShader.usf" 1592
"../../../Engine/Shaders/Private/ScreenPixelShader.usf" 1593
"../../../Engine/Shaders/Private/VolumetricLightmapStreaming.usf" 1594
"../../../Engine/Shaders/Private/PhysicsFieldReset.usf" 1595
"../../../Engine/Shaders/Private/PhysicsFieldBuilder.usf" 1596
"../../../Engine/Shaders/Private/ParticleSortKeyGen.usf" 1597
"../../../Engine/Shaders/Private/ParticleBoundsShader.usf" 1598
"../../../Engine/Shaders/Private/ParticleSimVisualizeShader.usf" 1599
"../../../Engine/Shaders/Private/ParticleInjectionShader.usf" 1600
"../../../Engine/Shaders/Private/ParticleSimulationShader.usf" 1601
"../../../Engine/Shaders/Private/ParticleCurveInjectionShader.usf" 1602
"../../../Engine/Shaders/Private/CopyUIntBuffer.usf" 1603
"../../../Engine/Shaders/Private/RadixSortShaders.usf" 1604
"../../../Engine/Shaders/Private/RecomputeTangentsPerVertexPass.usf" 1605
"../../../Engine/Shaders/Private/RecomputeTangentsCommon.ush" 1606
"../../../Engine/Shaders/Private/RecomputeTangentsPerTrianglePass.usf" 1607
"../../../Engine/Shaders/Private/GpuSkinCacheComputeShader.usf" 1608
"../../../Engine/Shaders/Private/DistanceFieldDownsampling.usf" 1609
"../../../Engine/Shaders/Private/HeightFieldAtlasManagement.usf" 1610
"../../../Engine/Shaders/Private/LandscapePhysicalMaterial.usf" 1611
"../../../Engine/Shaders/Private/LandscapeGrassWeight.usf" 1612
"../../../Engine/Shaders/Private/LandscapeLayersCS.usf" 1613
"../../../Engine/Shaders/Private/LandscapeLayersPS.usf" 1614
"../../../Engine/Shaders/Private/LandscapeLayersVS.usf" 1615
"../../../Engine/Shaders/Private/WideCustomResolveShaders.usf" 1616
"../../../Engine/Shaders/Private/WideCustomResolve_Wide.ush" 1617
"../../../Engine/Shaders/Private/WideCustomResolve_Wider.ush" 1618
"../../../Engine/Shaders/Private/WideCustomResolve_Widest.ush" 1619
"../../../Engine/Shaders/Private/PageTableUpdate.usf" 1620
"../../../Engine/Shaders/Private/VirtualTextureCompress.usf" 1621
"../../../Engine/Shaders/Private/BCCompressionCommon.ush" 1622
"../../../Engine/Shaders/Private/ETCCompressionCommon.ush" 1623
"../../../Engine/Shaders/Private/VirtualTextureMaterial.usf" 1624
"../../../Engine/Shaders/Private/PixelShaderOutputCommon.ush" 1625
"../../../Engine/Shaders/Private/VolumetricRenderTarget.usf" 1626
"../../../Engine/Shaders/Private/SceneTextureParameters.ush" 1627
"../../../Engine/Shaders/Private/VolumetricFogVoxelization.usf" 1628
"../../../Engine/Shaders/Private/VolumetricCloudMaterialPixelCommon.ush" 1629
"../../../Engine/Shaders/Private/VolumetricFogLightFunction.usf" 1630
"../../../Engine/Shaders/Private/LightFunctionCommon.ush" 1631
"../../../Engine/Shaders/Private/VolumetricFog.usf" 1632
"../../../Engine/Shaders/Private/DeferredLightingCommon.ush" 1633
"../../../Engine/Shaders/Private/DynamicLightingCommon.ush" 1634
"../../../Engine/Shaders/Private/CapsuleLightIntegrate.ush" 1635
"../../../Engine/Shaders/Private/ShadingModels.ush" 1636
"../../../Engine/Shaders/Private/BRDF.ush" 1637
"../../../Engine/Shaders/Private/CapsuleLight.ush" 1638
"../../../Engine/Shaders/Private/RectLight.ush" 1639
"../../../Engine/Shaders/Private/TransmissionCommon.ush" 1640
"../../../Engine/Shaders/Private/SubsurfaceProfileCommon.ush" 1641
"../../../Engine/Shaders/Private/BurleyNormalizedSSSCommon.ush" 1642
"../../../Engine/Shaders/Private/HairBsdf.ush" 1643
"../../../Engine/Shaders/Private/CapsuleLightSampling.ush" 1644
"../../../Engine/Shaders/Private/RectLightIntegrate.ush" 1645
"../../../Engine/Shaders/Private/LightGridCommon.ush" 1646
"../../../Engine/Shaders/Private/HeightFogCommon.ush" 1647
"../../../Engine/Shaders/Private/DistanceFieldAOShared.ush" 1648
"../../../Engine/Shaders/Private/VolumeLightingCommon.ush" 1649
"../../../Engine/Shaders/Private/ShadowFilteringCommon.ush" 1650
"../../../Engine/Shaders/Private/PixelQuadMessagePassing.ush" 1651
"../../../Engine/Shaders/Private/VolumeLightingCommonSampling.ush" 1652
"../../../Engine/Shaders/Private/VolumetricLightmapShared.ush" 1653
"../../../Engine/Shaders/Private/ForwardShadowingCommon.ush" 1654
"../../../Engine/Shaders/Private/ParticipatingMediaCommon.ush" 1655
"../../../Engine/Shaders/Private/VolumetricCloudCommon.ush" 1656
"../../../Engine/Shaders/Private/VolumetricCloud.usf" 1657
"../../../Engine/Shaders/Private/ReflectionEnvironmentShared.ush" 1658
"../../../Engine/Shaders/Private/ShaderDrawDebug.ush" 1659
"../../../Engine/Shaders/Private/VisualizeVolumetricLightmap.usf" 1660
"../../../Engine/Shaders/Private/ViewMode/LODColorationPixelShader.usf" 1661
"../../../Engine/Shaders/Private/DebugViewModeCommon.ush" 1662
"../../../Engine/Shaders/Private/VelocityShader.usf" 1663
"../../../Engine/Shaders/Private/VelocityCommon.ush" 1664
"../../../Engine/Shaders/Private/Tessellation.ush" 1665
"../../../Engine/Shaders/Private/FlatTessellation.ush" 1666
"../../../Engine/Shaders/Private/PNTriangles.ush" 1667
"../../../Engine/Shaders/Private/VariableRateShading.usf" 1668
"../../../Engine/Shaders/Private/TranslucencyUpsampling.usf" 1669
"../../../Engine/Shaders/Private/SeparateTranslucency.ush" 1670
"../../../Engine/Shaders/Private/TranslucentLightInjectionShaders.usf" 1671
"../../../Engine/Shaders/Private/TranslucentShadowDepthShaders.usf" 1672
"../../../Engine/Shaders/Private/ShadowDepthCommon.ush" 1673
"../../../Engine/Shaders/Private/TiledDeferredLightShaders.usf" 1674
"../../../Engine/Shaders/Private/RayTracing/RayTracingTest.usf" 1675
"../../../Engine/Shaders/Private/SkyAtmosphere.usf" 1676
"../../../Engine/Shaders/Private/MiniFontCommon.ush" 1677
"../../../Engine/Shaders/Private/SingleLayerWaterComposite.usf" 1678
"../../../Engine/Shaders/Private/ReflectionEnvironmentComposite.ush" 1679
"../../../Engine/Shaders/Private/ShadowProjectionPixelShader.usf" 1680
"../../../Engine/Shaders/Private/ShadowPercentageCloserFiltering.ush" 1681
"../../../Engine/Shaders/Private/TransmissionThickness.ush" 1682
"../../../Engine/Shaders/Private/HairStrands/HairStrandsVisibilityCommon.ush" 1683
"../../../Engine/Shaders/Private/HairStrands/HairStrandsVisibilityCommonStruct.ush" 1684
"../../../Engine/Shaders/Private/ShadowProjectionVertexShader.usf" 1685
"../../../Engine/Shaders/Private/CopyShadowMaps.usf" 1686
"../../../Engine/Shaders/Private/ShadowDepthPixelShader.usf" 1687
"../../../Engine/Shaders/Private/LPVListEntry.ush" 1688
"../../../Engine/Shaders/Private/LPVWriteVplCommon.ush" 1689
"../../../Engine/Shaders/Private/LPVWriteCommon.ush" 1690
"../../../Engine/Shaders/Private/LPVCommon.ush" 1691
"../../../Engine/Shaders/Private/ShadowDepthVertexShader.usf" 1692
"../../../Engine/Shaders/Private/ShaderPrintDraw.usf" 1693
"../../../Engine/Shaders/Private/ShaderPrintCommon.ush" 1694
"../../../Engine/Shaders/Private/ShaderComplexityAccumulatePixelShader.usf" 1695
"../../../Engine/Shaders/Private/QuadOverdraw.ush" 1696
"../../../Engine/Shaders/Private/SSRT/SSRTDiffuseIndirect.usf" 1697
"../../../Engine/Shaders/Private/SSRT/SSRTRayCast.ush" 1698
"../../../Engine/Shaders/Private/SSRT/SSRTTileClassificationBuffer.ush" 1699
"../../../Engine/Shaders/Private/SSRT/SSRTReflections.usf" 1700
"../../../Engine/Shaders/Private/ScreenSpaceDenoise/SSDPublic.ush" 1701
"../../../Engine/Shaders/Private/SSRT/SSRTTileClassification.usf" 1702
"../../../Engine/Shaders/Private/SSRT/SSRTPrevFrameReduction.usf" 1703
"../../../Engine/Shaders/Private/ScreenSpaceDenoise/SSDComposeHarmonics.usf" 1704
"../../../Engine/Shaders/Private/ScreenSpaceDenoise/SSDDefinitions.ush" 1705
"../../../Engine/Shaders/Private/ScreenSpaceDenoise/SSDPublicHarmonics.ush" 1706
"../../../Engine/Shaders/Private/LightShaderParameters.ush" 1707
"../../../Engine/Shaders/Private/ScreenSpaceDenoise/SSDSignalFramework.ush" 1708
"../../../Engine/Shaders/Private/ScreenSpaceDenoise/SSDCommon.ush" 1709
"../../../Engine/Shaders/Private/SphericalGaussian.ush" 1710
"../../../Engine/Shaders/Public/WaveBroadcastIntrinsics.ush" 1711
"../../../Engine/Shaders/Private/ScreenSpaceDenoise/SSDMetadata.ush" 1712
"../../../Engine/Shaders/Private/ScreenSpaceDenoise/SSDSignalCore.ush" 1713
"../../../Engine/Shaders/Private/QuasiRandom.ush" 1714
"../../../Engine/Shaders/Private/BlueNoise.ush" 1715
"../../../Engine/Shaders/Private/Halton.ush" 1716
"../../../Engine/Shaders/Private/MortonCode.ush" 1717
"../../../Engine/Shaders/Private/ScreenSpaceDenoise/SSDSignalArray.ush" 1718
"../../../Engine/Shaders/Private/ScreenSpaceDenoise/SSDSignalBufferEncoding.ush" 1719
"../../../Engine/Shaders/Private/ScreenSpaceDenoise/SSDPublicBufferEncoding.ush" 1720
"../../../Engine/Shaders/Private/ScreenSpaceDenoise/SSDTemporalAccumulation.usf" 1721
"../../../Engine/Shaders/Private/ScreenSpaceDenoise/SSDSpatialKernel.ush" 1722
"../../../Engine/Shaders/Private/ScreenSpaceDenoise/SSDSignalAccumulatorArray.ush" 1723
"../../../Engine/Shaders/Private/ScreenSpaceDenoise/SSDSignalAccumulator.ush" 1724
"../../../Engine/Shaders/Private/ScreenSpaceDenoise/SSDSignalCompression.ush" 1725
"../../../Engine/Shaders/Private/TextureSampling.ush" 1726
"../../../Engine/Shaders/Private/ScreenSpaceDenoise/SSDSpatialAccumulation.usf" 1727
"../../../Engine/Shaders/Private/ScreenSpaceDenoise/SSDInjest.usf" 1728
"../../../Engine/Shaders/Private/ScreenSpaceDenoise/SSDCompressMetadata.usf" 1729
"../../../Engine/Shaders/Private/DownsampleDepthPixelShader.usf" 1730
"../../../Engine/Shaders/Private/ScreenPass.usf" 1731
"../../../Engine/Shaders/Private/HZB.usf" 1732
"../../../Engine/Shaders/Private/ReductionCommon.ush" 1733
"../../../Engine/Shaders/Private/HZBOcclusion.usf" 1734
"../../../Engine/Shaders/Private/OcclusionQueryPixelShader.usf" 1735
"../../../Engine/Shaders/Private/OcclusionQueryVertexShader.usf" 1736
"../../../Engine/Shaders/Private/HitProxyPixelShader.usf" 1737
"../../../Engine/Shaders/Private/HitProxyVertexShader.usf" 1738
"../../../Engine/Shaders/Private/ODSCapture.usf" 1739
"../../../Engine/Shaders/Private/SceneCapturePixelShader.usf" 1740
"../../../Engine/Shaders/Private/RequiredTextureResolutionPixelShader.usf" 1741
"../../../Engine/Shaders/Private/RTWriteMaskDecode.usf" 1742
"../../../Engine/Shaders/Private/ReflectionEnvironmentShaders.usf" 1743
"../../../Engine/Shaders/Private/SkyLightingShared.ush" 1744
"../../../Engine/Shaders/Private/RayTracing/VisualizeSkyLightMipTreePS.usf" 1745
"../../../Engine/Shaders/Private/RayTracing/MipTreeCommon.ush" 1746
"../../../Engine/Shaders/Private/RayTracing/CompositeSkyLightPS.usf" 1747
"../../../Engine/Shaders/Private/RayTracing/GenerateSkyLightVisibilityRaysCS.usf" 1748
"../../../Engine/Shaders/Private/RayTracing/RayTracingSkyLightCommon.ush" 1749
"../../../Engine/Shaders/Private/RayTracing/SkyLightVisibilityRaysData.ush" 1750
"../../../Engine/Shaders/Private/PathTracing/Utilities/PathTracingRandomSequence.ush" 1751
"../../../Engine/Shaders/Private/Raytracing/RaytracingSkylightRGS.usf" 1752
"../../../Engine/Shaders/Private/HairStrands/HairStrandsVoxelPageCommonStruct.ush" 1753
"../../../Engine/Shaders/Private/HairStrands/HairStrandsRaytracing.ush" 1754
"../../../Engine/Shaders/Private/HairStrands/HairStrandsVoxelPageCommon.ush" 1755
"../../../Engine/Shaders/Private/HairStrands/HairStrandsVoxelPageTraversal.ush" 1756
"../../../Engine/Shaders/Private/Raytracing/RayTracingSkyLightEvaluation.ush" 1757
"../../../Engine/Shaders/Private/Raytracing/RayTracingDeferredShadingCommon.ush" 1758
"../../../Engine/Shaders/Private/RayTracing/RayTracingOcclusionRGS.usf" 1759
"../../../Engine/Shaders/Private/RayTracing/RayTracingDirectionalLight.ush" 1760
"../../../Engine/Shaders/Private/RayTracing/RayTracingRectLight.ush" 1761
"../../../Engine/Shaders/Private/RayTracing/RayTracingSphereLight.ush" 1762
"../../../Engine/Shaders/Private/RayTracing/RayTracingSpotLight.ush" 1763
"../../../Engine/Shaders/Private/RayTracing/RayTracingDiskLight.ush" 1764
"../../../Engine/Shaders/Private/RayTracing/RayTracingPointLight.ush" 1765
"../../../Engine/Shaders/Private/RayTracing/SplitImaginaryReflectionGBufferCS.usf" 1766
"../../../Engine/Shaders/Private/RayTracing/RayTracingReflectionsCommon.ush" 1767
"../../../Engine/Shaders/Private/RayTracing/RayTracingReflections.usf" 1768
"../../../Engine/Shaders/Private/RayTracing/RayTracingLightingCommon.ush" 1769
"../../../Engine/Shaders/Private/RayTracing/RayTracingLightCullingCommon.ush" 1770
"../../../Engine/Shaders/Private/RayTracing/RayTracingReflectionEnvironment.ush" 1771
"../../../Engine/Shaders/Private/RayTracing/RayTracingPrimaryRays.usf" 1772
"../../../Engine/Shaders/Private/RayTracing/RayTracingMaterialDefaultHitShaders.usf" 1773
"../../../Engine/Shaders/Private/RayTracing/RayTracingMaterialHitShaders.usf" 1774
"../../../Engine/Shaders/Private/LightmapCommon.ush" 1775
"../../../Engine/Shaders/Private/PathTracing/Material/PathTracingFresnel.ush" 1776
"../../../Engine/Shaders/Private/PathTracing/Material/PathTracingThinGlass.ush" 1777
"../../../Engine/Shaders/Private/PathTracing/Material/PathTracingMaterialCommon.ush" 1778
"../../../Engine/Shaders/Private/PathTracing/PathTracingCommon.ush" 1779
"../../../Engine/Shaders/Private/PathTracing/PathTracingDefinitions.ush" 1780
"../../../Engine/Shaders/Private/PathTracing/Material/PathTracingGlossy.ush" 1781
"../../../Engine/Shaders/Private/RayTracing/RayTracingLightingMS.usf" 1782
"../../../Engine/Shaders/Private/RayTracing/GenerateCulledLightListCS.usf" 1783
"../../../Engine/Shaders/Private/RayTracing/RayTracingFinalGatherRGS.usf" 1784
"../../../Engine/Shaders/Private/RayTracing/RayTracingGatherPoints.ush" 1785
"../../../Engine/Shaders/Private/PathTracing/Light/PathTracingLightSampling.ush" 1786
"../../../Engine/Shaders/Private/PathTracing/Light/PathTracingLightCommon.ush" 1787
"../../../Engine/Shaders/Shared/RayTracingTypes.h" 1788
"../../../Engine/Shaders/Shared/PathTracingDefinitions.h" 1789
"../../../Engine/Shaders/Private/PathTracing/Light/PathTracingDirectionalLight.ush" 1790
"../../../Engine/Shaders/Private/PathTracing/Light/PathTracingPointLight.ush" 1791
"../../../Engine/Shaders/Private/PathTracing/Light/PathTracingCapsuleLight.ush" 1792
"../../../Engine/Shaders/Private/PathTracing/Light/PathTracingRectLight.ush" 1793
"../../../Engine/Shaders/Private/PathTracing/Light/PathTracingSkyLight.ush" 1794
"../../../Engine/Shaders/Private/PathTracing/Light/PathTracingSpotLight.ush" 1795
"../../../Engine/Shaders/Private/PathTracing/Material/PathTracingMaterialSampling.ush" 1796
"../../../Engine/Shaders/Private/PathTracing/Material/PathTracingLambert.ush" 1797
"../../../Engine/Shaders/Private/PathTracing/Material/PathTracingRadianceProbe.ush" 1798
"../../../Engine/Shaders/Private/PathTracing/Material/FirstBounceRayGuidingCommon.ush" 1799
"../../../Engine/Shaders/Private/PathTracing/Material/PathTracingSpecularReflection.ush" 1800
"../../../Engine/Shaders/Private/PathTracing/Material/PathTracingSpecularTransmission.ush" 1801
"../../../Engine/Shaders/Private/PathTracing/Material/PathTracingSolidGlass.ush" 1802
"../../../Engine/Shaders/Private/PathTracing/Material/PathTracingDefaultLit.ush" 1803
"../../../Engine/Shaders/Private/PathTracing/Material/PathTracingClearCoat.ush" 1804
"../../../Engine/Shaders/Private/PathTracing/Material/PathTracingTwoSidedFoliage.ush" 1805
"../../../Engine/Shaders/Private/PathTracing/Material/PathTracingCloth.ush" 1806
"../../../Engine/Shaders/Private/PathTracing/Material/PathTracingSubsurfaceProfile.ush" 1807
"../../../Engine/Shaders/Private/RayTracing/RayTracingCreateGatherPointsRGS.usf" 1808
"../../../Engine/Shaders/Private/RayTracing/RayTracingGlobalIlluminationRGS.usf" 1809
"../../../Engine/Shaders/Private/RayTracing/RayTracingDynamicMesh.usf" 1810
"../../../Engine/Shaders/Private/RayTracing/RayTracingDeferredReflections.usf" 1811
"../../../Engine/Shaders/Private/RayTracing/RayTracingDeferredMaterials.ush" 1812
"../../../Engine/Shaders/Shared/ThirdParty/AMD/ags_shader_intrinsics_dx12.h" 1813
"../../../Engine/Shaders/Private/RayTracing/RayTracingDeferredReflections.ush" 1814
"../../../Engine/Shaders/Private/RayTracing/RayTracingReflectionResolve.usf" 1815
"../../../Engine/Shaders/Private/RayTracing/RayTracingReflectionsGenerateRaysCS.usf" 1816
"../../../Engine/Shaders/Private/RayTracing/MaterialSort.usf" 1817
"../../../Engine/Shaders/Private/RayTracing/RayTracingDeferredMaterials.usf" 1818
"../../../Engine/Shaders/Private/RayTracing/RayTracingDebug.usf" 1819
"../../../Engine/Shaders/Shared/RayTracingDebugDefinitions.h" 1820
"../../../Engine/Shaders/Private/RayTracing/RayTracingBarycentrics.usf" 1821
"../../../Engine/Shaders/Private/RayTracing/RayTracingAmbientOcclusionRGS.usf" 1822
"../../../Engine/Shaders/Private/PrimitiveDistanceAccuracyPixelShader.usf" 1823
"../../../Engine/Shaders/Private/VisualizeShadingModels.usf" 1824
"../../../Engine/Shaders/Private/PostProcessCommon.ush" 1825
"../../../Engine/Shaders/Private/TemporalAA/TAAUpdateHistory.usf" 1826
"../../../Engine/Shaders/Private/TemporalAA/TAACommon.ush" 1827
"../../../Engine/Shaders/Private/TemporalAA/TAADilateRejection.usf" 1828
"../../../Engine/Shaders/Private/TemporalAA/TAACompareHistory.usf" 1829
"../../../Engine/Shaders/Private/TemporalAA/TAAFilterFrequencies.usf" 1830
"../../../Engine/Shaders/Private/TemporalAA/TAADecimateHistory.usf" 1831
"../../../Engine/Shaders/Private/TemporalAA/TAADilateVelocity.usf" 1832
"../../../Engine/Shaders/Private/TemporalAA/TAAClearPrevTextures.usf" 1833
"../../../Engine/Shaders/Private/TemporalAA/TAAStandalone.usf" 1834
"../../../Engine/Shaders/Private/FilterPixelShader.usf" 1835
"../../../Engine/Shaders/Private/ScreenPass.ush" 1836
"../../../Engine/Shaders/Private/FilterVertexShader.usf" 1837
"../../../Engine/Shaders/Private/PostProcessVisualizeHDR.usf" 1838
"../../../Engine/Shaders/Private/PostProcessHistogramCommon.ush" 1839
"../../../Engine/Shaders/Private/ShaderComplexityApplyPixelShader.usf" 1840
"../../../Engine/Shaders/Private/PostProcessVisualizeBuffer.usf" 1841
"../../../Engine/Shaders/Private/PostProcessUpscale.usf" 1842
"../../../Engine/Shaders/Private/PostProcessTonemap.usf" 1843
"../../../Engine/Shaders/Private/PostProcessTestImage.usf" 1844
"../../../Engine/Shaders/Private/PostProcessSubsurface.usf" 1845
"../../../Engine/Shaders/Private/SeparableSSS.ush" 1846
"../../../Engine/Shaders/Private/SubsurfaceBurleyNormalized.ush" 1847
"../../../Engine/Shaders/Private/PostProcessSelectionOutline.usf" 1848
"../../../Engine/Shaders/Private/PostProcessPixelProjectedReflectionMobile.usf" 1849
"../../../Engine/Shaders/Private/PostProcessNoiseBlur.usf" 1850
"../../../Engine/Shaders/Private/PostProcessMotionBlur.usf" 1851
"../../../Engine/Shaders/Private/PostProcessVelocityFlatten.usf" 1852
"../../../Engine/Shaders/Private/PostProcessMobile.usf" 1853
"../../../Engine/Shaders/Private/PostProcessMitchellNetravali.usf" 1854
"../../../Engine/Shaders/Private/PostProcessMaterialShaders.usf" 1855
"../../../Engine/Shaders/Private/PostProcessLensFlares.usf" 1856
"../../../Engine/Shaders/Private/ComposeSeparateTranslucency.usf" 1857
"../../../Engine/Shaders/Private/PostProcessHMD.usf" 1858
"../../../Engine/Shaders/Private/PostProcessHistogramReduce.usf" 1859
"../../../Engine/Shaders/Private/PostProcessHistogram.usf" 1860
"../../../Engine/Shaders/Private/PostProcessGBufferHints.usf" 1861
"../../../Engine/Shaders/Private/PostProcessFFTBloom.usf" 1862
"../../../Engine/Shaders/Private/PostProcessEyeAdaptation.usf" 1863
"../../../Engine/Shaders/Private/PostProcessDownsample.usf" 1864
"../../../Engine/Shaders/Private/PostProcessDOF.usf" 1865
"../../../Engine/Shaders/Private/PostProcessDeviceEncodingOnly.usf" 1866
"../../../Engine/Shaders/Private/PostProcessCompositeEditorPrimitives.usf" 1867
"../../../Engine/Shaders/Private/PostProcessCombineLUTs.usf" 1868
"../../../Engine/Shaders/Private/PostProcessVisualizeDOF.usf" 1869
"../../../Engine/Shaders/Private/PostProcessBloom.usf" 1870
"../../../Engine/Shaders/Private/PostProcessAmbientOcclusionMobile.usf" 1871
"../../../Engine/Shaders/Private/PostProcessAmbientOcclusionCommon.ush" 1872
"../../../Engine/Shaders/Private/FXAAShader.usf" 1873
"../../../Engine/Shaders/Private/Fxaa3_11.ush" 1874
"../../../Engine/Shaders/Private/DiaphragmDOF/DOFRecombine.usf" 1875
"../../../Engine/Shaders/Private/DiaphragmDOF/DOFCommon.ush" 1876
"../../../Engine/Shaders/Private/DiaphragmDOF/DOFHybridScatterPixelShader.usf" 1877
"../../../Engine/Shaders/Private/DiaphragmDOF/DOFHybridScatterCommon.ush" 1878
"../../../Engine/Shaders/Private/DiaphragmDOF/DOFHybridScatterVertexShader.usf" 1879
"../../../Engine/Shaders/Private/DiaphragmDOF/DOFPostfiltering.usf" 1880
"../../../Engine/Shaders/Private/DiaphragmDOF/DOFGatherTileSuggest.ush" 1881
"../../../Engine/Shaders/Private/DiaphragmDOF/DOFCocTileCommon.ush" 1882
"../../../Engine/Shaders/Private/DiaphragmDOF/DOFGatherPass.usf" 1883
"../../../Engine/Shaders/Private/DiaphragmDOF/DOFGatherCommon.ush" 1884
"../../../Engine/Shaders/Private/DiaphragmDOF/DOFGatherAccumulator.ush" 1885
"../../../Engine/Shaders/Private/DiaphragmDOF/DOFGatherKernel.ush" 1886
"../../../Engine/Shaders/Private/DiaphragmDOF/DOFBokehLUT.usf" 1887
"../../../Engine/Shaders/Private/DiaphragmDOF/DOFHybridScatterCompilation.usf" 1888
"../../../Engine/Shaders/Private/DiaphragmDOF/DOFReduce.usf" 1889
"../../../Engine/Shaders/Private/DiaphragmDOF/DOFDownsample.ush" 1890
"../../../Engine/Shaders/Private/DiaphragmDOF/DOFHybridScatterCompilation.ush" 1891
"../../../Engine/Shaders/Private/DiaphragmDOF/DOFDownsample.usf" 1892
"../../../Engine/Shaders/Private/DiaphragmDOF/DOFCocTileDilate.usf" 1893
"../../../Engine/Shaders/Private/DiaphragmDOF/DOFCocTileFlatten.usf" 1894
"../../../Engine/Shaders/Private/DiaphragmDOF/DOFSetup.usf" 1895
"../../../Engine/Shaders/Private/PlanarReflectionShaders.usf" 1896
"../../../Engine/Shaders/Private/PlanarReflectionShared.ush" 1897
"../../../Engine/Shaders/Private/PathTracing/PathTracingCompositingPixelShader.usf" 1898
"../../../Engine/Shaders/Private/PathTracing/PathTracingIESAtlas.usf" 1899
"../../../Engine/Shaders/Private/PathTracing/PathTracing.usf" 1900
"../../../Engine/Shaders/Private/PathTracing/Light/PathTracingLightGrid.ush" 1901
"../../../Engine/Shaders/Private/PathTracing/PathTracingCamera.ush" 1902
"../../../Engine/Shaders/Private/PathTracing/Sensor/PathTracingPinholeCamera.ush" 1903
"../../../Engine/Shaders/Private/PathTracing/PathTracingBuildLightGrid.usf" 1904
"../../../Engine/Shaders/Private/PathTracing/PathTracingSkylightMISCompensation.usf" 1905
"../../../Engine/Shaders/Private/PathTracing/PathTracingSkylightPrepare.usf" 1906
"../../../Engine/Shaders/Private/MobileSceneCapture.usf" 1907
"../../../Engine/Shaders/Private/DistortApplyScreenPS.usf" 1908
"../../../Engine/Shaders/Private/MobileDeferredShading.usf" 1909
"../../../Engine/Shaders/Private/MobileShadingModels.ush" 1910
"../../../Engine/Shaders/Private/MobileGGX.ush" 1911
"../../../Engine/Shaders/Private/MobileBasePassPixelShader.usf" 1912
"../../../Engine/Shaders/Private/MobileBasePassCommon.ush" 1913
"../../../Engine/Shaders/Private/SingleLayerWaterShading.ush" 1914
"../../../Engine/Shaders/Private/DistortionCommon.ush" 1915
"../../../Engine/Shaders/Private/MobileBasePassVertexShader.usf" 1916
"../../../Engine/Shaders/Private/MeshTexCoordSizeAccuracyPixelShader.usf" 1917
"../../../Engine/Shaders/Private/MaterialTexCoordScalesPixelShader.usf" 1918
"../../../Engine/Shaders/Private/LightShaftShader.usf" 1919
"../../../Engine/Shaders/Private/StationaryLightOverlapShaders.usf" 1920
"../../../Engine/Shaders/Private/DeferredLightPixelShaders.usf" 1921
"../../../Engine/Shaders/Private/HairStrands/HairStrandsCommon.ush" 1922
"../../../Engine/Shaders/Private/HairStrands/HairStrandsDeepTransmittanceCommon.ush" 1923
"../../../Engine/Shaders/Private/HairStrands/HairStrandsDeepTransmittanceDualScattering.ush" 1924
"../../../Engine/Shaders/Private/DeferredLightVertexShaders.usf" 1925
"../../../Engine/Shaders/Private/LPVVisualise.usf" 1926
"../../../Engine/Shaders/Private/LPVGeometryVolumeCommon.ush" 1927
"../../../Engine/Shaders/Private/LPVDirectLightInject.usf" 1928
"../../../Engine/Shaders/Private/LPVPropagate.usf" 1929
"../../../Engine/Shaders/Private/LPVPacking.ush" 1930
"../../../Engine/Shaders/Private/LPVBuildGeometryVolume.usf" 1931
"../../../Engine/Shaders/Private/LPVDirectionalOcclusion.usf" 1932
"../../../Engine/Shaders/Private/LPVInject_AccumulateVplLists.usf" 1933
"../../../Engine/Shaders/Private/LPVInject_GenerateVplLists.usf" 1934
"../../../Engine/Shaders/Private/LPVClearLists.usf" 1935
"../../../Engine/Shaders/Private/LPVClear.usf" 1936
"../../../Engine/Shaders/Private/LightMapDensityShader.usf" 1937
"../../../Engine/Shaders/Private/LightGridInjection.usf" 1938
"../../../Engine/Shaders/Private/LightFunctionPixelShader.usf" 1939
"../../../Engine/Shaders/Private/LightFunctionVertexShader.usf" 1940
"../../../Engine/Shaders/Private/ReflectionEnvironmentPixelShader.usf" 1941
"../../../Engine/Shaders/Private/AmbientCubemapComposite.usf" 1942
"../../../Engine/Shaders/Private/DiffuseIndirectComposite.usf" 1943
"../../../Engine/Shaders/Private/HeightfieldLighting.usf" 1944
"../../../Engine/Shaders/Private/DistanceFieldLightingShared.ush" 1945
"../../../Engine/Shaders/Private/DistanceFieldShadowingShared.ush" 1946
"../../../Engine/Shaders/Private/HeightfieldLightingShared.ush" 1947
"../../../Engine/Shaders/Private/HdrCustomResolveShaders.usf" 1948
"../../../Engine/Shaders/Private/HairStrands/HairStrandsVoxelMip.usf" 1949
"../../../Engine/Shaders/Private/HairStrands/HairStrandsVoxelRasterCompute.usf" 1950
"../../../Engine/Shaders/Private/HairStrands/HairStrandsVoxelPageAllocation.usf" 1951
"../../../Engine/Shaders/Private/Matrices.ush" 1952
"../../../Engine/Shaders/Private/HairStrands/HairStrandsAABBCommon.ush" 1953
"../../../Engine/Shaders/Private/HairStrands/HairStrandsVoxelOpaque.usf" 1954
"../../../Engine/Shaders/Private/HairStrands/HairStrandsVisibilityRasterCompute.usf" 1955
"../../../Engine/Shaders/Shared/ThirdParty/NVIDIA/nvHLSLExtns.h" 1956
"../../../Engine/Shaders/Shared/ThirdParty/NVIDIA/nvHLSLExtnsInternal.h" 1957
"../../../Engine/Shaders/Shared/ThirdParty/NVIDIA/nvShaderExtnEnums.h" 1958
"../../../Engine/Shaders/Shared/ThirdParty/AMD/ags_shader_intrinsics_dx11.h" 1959
"../../../Engine/Shaders/Private/HairStrands/HairStrandsCoverage.usf" 1960
"../../../Engine/Shaders/Private/HairStrands/HairStrandsVisibilityDepthPS.usf" 1961
"../../../Engine/Shaders/Private/HairStrands/HairStrandsVisibilityTransmittanceDepthPS.usf" 1962
"../../../Engine/Shaders/Private/HairStrands/HairStrandsVisibilityFillOpaqueDepthPS.usf" 1963
"../../../Engine/Shaders/Private/HairStrands/HairStrandsVisibilityTile.usf" 1964
"../../../Engine/Shaders/Private/HairStrands/HairStrandsVisibilityCompactionComputeRaster.usf" 1965
"../../../Engine/Shaders/Private/HairStrands/HairStrandsVisibilityCompaction.usf" 1966
"../../../Engine/Shaders/Private/HairStrands/HairStrandsVisibilityCopyIndirectArg.usf" 1967
"../../../Engine/Shaders/Private/HairStrands/HairStrandsVisibilityClearPS.usf" 1968
"../../../Engine/Shaders/Private/HairStrands/HairStrandsVisibilityPS.usf" 1969
"../../../Engine/Shaders/Private/HairStrands/HairStrandsVisibilityVS.usf" 1970
"../../../Engine/Shaders/Private/HairStrands/HairStrandsLightChannelMask.usf" 1971
"../../../Engine/Shaders/Private/HairStrands/HairStrandsVelocity.usf" 1972
"../../../Engine/Shaders/Private/HairStrands/HairStrandsVisibilityComputeSampleCoverage.usf" 1973
"../../../Engine/Shaders/Private/HairStrands/HairStrandsMaterialPS.usf" 1974
"../../../Engine/Shaders/Private/HairStrands/HairStrandsMaterialCommon.ush" 1975
"../../../Engine/Shaders/Private/HairStrands/HairStrandsMaterialVS.usf" 1976
"../../../Engine/Shaders/Private/HairStrands/HairStrandsMaterialGBufferPS.usf" 1977
"../../../Engine/Shaders/Private/HairStrands/HairStrandsGBufferCommon.ush" 1978
"../../../Engine/Shaders/Private/HairStrands/HairStrandsMaterialGBufferVS.usf" 1979
"../../../Engine/Shaders/Private/HairStrands/HairStrandsLightSample.usf" 1980
"../../../Engine/Shaders/Private/HairStrands/HairStrandsDeepShadowMask.usf" 1981
"../../../Engine/Shaders/Private/HairStrands/HairStrandsDeepShadowCommonStruct.ush" 1982
"../../../Engine/Shaders/Private/HairStrands/HairStrandsDebugCommon.ush" 1983
"../../../Engine/Shaders/Private/HairStrands/HairStrandsDeepShadowCommon.ush" 1984
"../../../Engine/Shaders/Private/HairStrands/HairStrandsDeepTransmittanceMask.usf" 1985
"../../../Engine/Shaders/Private/HairStrands/HairScatter.usf" 1986
"../../../Engine/Shaders/Private/HairStrands/HairScatterCompose.usf" 1987
"../../../Engine/Shaders/Private/HairStrands/HairStrandsDeepShadowPS.usf" 1988
"../../../Engine/Shaders/Private/HairStrands/HairStrandsDeepShadowVS.usf" 1989
"../../../Engine/Shaders/Private/HairStrands/HairStrandsLUT.usf" 1990
"../../../Engine/Shaders/Private/HairStrands/HairStrandsEnvironmentLighting.usf" 1991
"../../../Engine/Shaders/Private/HairStrands/HairStrandsEnvironmentLightingCommon.ush" 1992
"../../../Engine/Shaders/Private/HairStrands/HairStrandsDebugCommonStruct.ush" 1993
"../../../Engine/Shaders/Private/HairStrands/HairStrandsEnvironmentAO.usf" 1994
"../../../Engine/Shaders/Private/HairStrands/HairStrandsDeepShadowAllocation.usf" 1995
"../../../Engine/Shaders/Private/HairStrands/HairStrandsVoxelDepthInjection.usf" 1996
"../../../Engine/Shaders/Private/HairStrands/HairStrandsClusterCulling.usf" 1997
"../../../Engine/Shaders/Private/HairStrands/HairStrandsClusterCommon.ush" 1998
"../../../Engine/Shaders/Private/HairStrands/HairStrandsVisibilityPPLLDebug.usf" 1999
"../../../Engine/Shaders/Private/HairStrands/HairStrandsBsdfPlot.usf" 2000
"../../../Engine/Shaders/Private/HairStrands/HairStrandsVoxelPageRayMarching.usf" 2001
"../../../Engine/Shaders/Private/HairStrands/HairStrandsDeepShadowDebug.usf" 2002
"../../../Engine/Shaders/Private/HairStrands/HairStrandsDebug.usf" 2003
"../../../Engine/Shaders/Private/HairStrands/HairStrandsDebugPrint.usf" 2004
"../../../Engine/Shaders/Private/HairStrands/HairStrandsGBufferWrite.usf" 2005
"../../../Engine/Shaders/Private/HairStrands/HairStrandsVisibilityComposeSubPixelPS.usf" 2006
"../../../Engine/Shaders/Private/HairStrands/HairStrandsAABB.usf" 2007
"../../../Engine/Shaders/Private/GPUFastFourierTransform.usf" 2008
"../../../Engine/Shaders/Private/GPUFastFourierTransform2DCore.ush" 2009
"../../../Engine/Shaders/Private/GPUFastFourierTransformCore.ush" 2010
"../../../Engine/Shaders/Private/ShaderDrawDebug.usf" 2011
"../../../Engine/Shaders/Private/GPUBenchmark.usf" 2012
"../../../Engine/Shaders/Private/GlobalDistanceField.usf" 2013
"../../../Engine/Shaders/Private/GammaCorrection.usf" 2014
"../../../Engine/Shaders/Private/HeightFogPixelShader.usf" 2015
"../../../Engine/Shaders/Private/HeightFogVertexShader.usf" 2016
"../../../Engine/Shaders/Private/DistortAccumulatePS.usf" 2017
"../../../Engine/Shaders/Private/DistortAccumulateVS.usf" 2018
"../../../Engine/Shaders/Private/DistanceFieldVisualization.usf" 2019
"../../../Engine/Shaders/Private/DistanceFieldShadowing.usf" 2020
"../../../Engine/Shaders/Private/DistanceFieldScreenGridLighting.usf" 2021
"../../../Engine/Shaders/Private/DistanceFieldObjectCulling.usf" 2022
"../../../Engine/Shaders/Private/DistanceFieldLightingPost.usf" 2023
"../../../Engine/Shaders/Private/DitheredTransitionStencil.usf" 2024
"../../../Engine/Shaders/Private/DepthOnlyPixelShader.usf" 2025
"../../../Engine/Shaders/Private/DepthOnlyVertexShader.usf" 2026
"../../../Engine/Shaders/Private/PositionOnlyDepthVertexShader.usf" 2027
"../../../Engine/Shaders/Private/DeferredDecal.usf" 2028
"../../../Engine/Shaders/Private/DecalCommon.ush" 2029
"../../../Engine/Shaders/Private/DBufferDecalShared.ush" 2030
"../../../Engine/Shaders/Private/DebugViewModeVertexShader.usf" 2031
"../../../Engine/Shaders/Private/PostProcessPassThrough.usf" 2032
"../../../Engine/Shaders/Private/MeshDecals.usf" 2033
"../../../Engine/Shaders/Private/PostProcessLpvIndirect.usf" 2034
"../../../Engine/Shaders/Private/LPVFinalPass.ush" 2035
"../../../Engine/Shaders/Private/PostProcessAmbientOcclusion.usf" 2036
"../../../Engine/Shaders/Private/ClusteredDeferredShadingPixelShader.usf" 2037
"../../../Engine/Shaders/Private/CapsuleShadowShaders.usf" 2038
"../../../Engine/Shaders/Private/BasePassPixelShader.usf" 2039
"../../../Engine/Shaders/Private/BasePassCommon.ush" 2040
"../../../Engine/Shaders/Private/ShadingModelsMaterial.ush" 2041
"../../../Engine/Shaders/Private/ThinTranslucentCommon.ush" 2042
"../../../Engine/Shaders/Private/ForwardLightingCommon.ush" 2043
"../../../Engine/Shaders/Private/BasePassTessellationShaders.usf" 2044
"../../../Engine/Shaders/Private/BasePassVertexCommon.ush" 2045
"../../../Engine/Shaders/Private/BasePassVertexShader.usf" 2046
"../../../Engine/Shaders/Private/AtmospherePrecomputeInscatter.usf" 2047
"../../../Engine/Shaders/Private/AtmospherePrecomputeCommon.ush" 2048
"../../../Engine/Shaders/Private/AtmospherePrecompute.usf" 2049
"../../../Engine/Shaders/Private/AtmosphericFogShader.usf" 2050
"../../../Engine/Shaders/Private/AnisotropyPassShader.usf" 2051
"../../../Engine/Shaders/Private/SimpleElementVolumeTexturePreviewPixelShader.usf" 2052
"../../../Engine/Shaders/Private/SimpleElementTexture2DPreviewPixelShader.usf" 2053
"../../../Engine/Shaders/Private/SimpleElementNormalMapPixelShader.usf" 2054
"../../../Engine/Shaders/Private/meshpaintdilatepixelshader.usf" 2055
"../../../Engine/Shaders/Private/meshpaintdilatevertexshader.usf" 2056
"../../../Engine/Shaders/Private/MeshPaintPixelShader.usf" 2057
"../../../Engine/Shaders/Private/MeshPaintVertexShader.usf" 2058
"../../../Engine/Shaders/Private/Tools/VisualizeTexture.usf" 2059
"../../../Engine/Shaders/Private/ByteBuffer.usf" 2060
"../../../Engine/Shaders/Private/ResolveVertexShader.usf" 2061
"../../../Engine/Shaders/Private/ResolvePixelShader.usf" 2062
"../../../Engine/Shaders/Private/Tools/ClearUAV.usf" 2063
"../../../Engine/Shaders/Private/ClearReplacementShaders.usf" 2064
"../../../Engine/Shaders/Private/Raytracing/RayTracingInstanceCopy.usf" 2065
"../../../Engine/Shaders/Private/RenderGraphUtilities.usf" 2066
"../../../Engine/Shaders/Private/OneColorShader.usf" 2067
"../../../Engine/Shaders/Private/OculusShaders.usf" 2068
"../../../Engine/Shaders/Private/MediaShaders.usf" 2069
"../../../Engine/Shaders/Private/NullPixelShader.usf" 2070
"../../../Engine/Shaders/Private/ComputeGenerateMips.usf" 2071
"../../../Engine/Shaders/Private/CopyTextureShaders.usf" 2072
"../../../Engine/Shaders/Private/Tools/FullscreenVertexShader.usf" 2073
"../../../Engine/Shaders/Private/RayTracing/RayTracingBuiltInShaders.usf" 2074
"C:/Users/23589/AppData/Local/UnrealEngine/4.27/DerivedDataCache/Boot.ddc" 2075
"../../../Engine/DerivedDataCache/Compressed.ddp" 2076
"../../../../../../TPSDuel/DerivedDataCache/TestData/0/TestData_4kb.dat" 2077
"../../../../../../TPSDuel/DerivedDataCache/TestData/1/TestData_4kb.dat" 2078
"../../../../../../TPSDuel/DerivedDataCache/TestData/0/TestData_8kb.dat" 2079
"../../../../../../TPSDuel/DerivedDataCache/TestData/1/TestData_8kb.dat" 2080
"../../../../../../TPSDuel/DerivedDataCache/TestData/0/TestData_16kb.dat" 2081
"../../../../../../TPSDuel/DerivedDataCache/TestData/1/TestData_16kb.dat" 2082
"../../../../../../TPSDuel/DerivedDataCache/TestData/0/TestData_64kb.dat" 2083
"../../../../../../TPSDuel/DerivedDataCache/TestData/1/TestData_64kb.dat" 2084
"../../../../../../TPSDuel/DerivedDataCache/TestData/0/TestData_128kb.dat" 2085
"../../../../../../TPSDuel/DerivedDataCache/TestData/1/TestData_128kb.dat" 2086
"../../../../../../TPSDuel/DerivedDataCache/TestData/0/TestData_256kb.dat" 2087
"../../../../../../TPSDuel/DerivedDataCache/TestData/1/TestData_256kb.dat" 2088
"../../../Engine/Content/EditorResources/S_Actor.uasset" 2089
"../../../Engine/Content/EngineResources/WhiteSquareTexture.uasset" 2090
"../../../Engine/Content/EngineResources/GradientTexture0.uasset" 2091
"../../../Engine/Content/EngineResources/Black.uasset" 2092
"../../../Engine/Content/EngineMeshes/Sphere.uasset" 2093
"../../../Engine/Content/EditorMaterials/MatineeGroups/MAT_Groups_Float.uasset" 2094
"../../../Engine/Content/EditorMaterials/MatineeGroups/MAT_Groups_Anim.uasset" 2095
"../../../Engine/Content/EditorMaterials/MatineeGroups/MAT_Groups_AudioMaster.uasset" 2096
"../../../Engine/Content/EditorMaterials/MatineeGroups/MAT_ColorTrack.uasset" 2097
"../../../Engine/Content/EditorMaterials/MatineeGroups/MAT_Groups_Fade.uasset" 2098
"../../../Engine/Content/EditorMaterials/MatineeGroups/MAT_Groups_Director.uasset" 2099
"../../../Engine/Content/EditorMaterials/MatineeGroups/MAT_Groups_Event.uasset" 2100
"../../../Engine/Content/EditorMaterials/MatineeGroups/MAT_Groups_Move.uasset" 2101
"../../../Engine/Content/EditorMaterials/MatineeGroups/MAT_Groups_Slomo.uasset" 2102
"../../../Engine/Content/EditorMaterials/MatineeGroups/MAT_Groups_Sound.uasset" 2103
"../../../Engine/Content/EditorMaterials/MAT_Groups_Toggle.uasset" 2104
"../../../Engine/Content/EditorMaterials/MatineeGroups/MAT_Groups_Vector.uasset" 2105
"../../../Engine/Content/EditorMaterials/MAT_Groups_Visibility.uasset" 2106
"../../../Engine/Content/EngineResources/DefaultTexture.uasset" 2107
"../../../Engine/Content/EngineResources/DefaultTextureCube.uasset" 2108
"../../../Engine/Content/EngineResources/DefaultVolumeTexture.uasset" 2109
"../../../Engine/Content/EngineResources/DefaultVolumeTexture2D.uasset" 2110
"../../../Engine/Content/EngineFonts/RobotoDistanceField.uasset" 2111
"../../../Engine/Content/EngineMaterials/DefaultTextMaterialOpaque.uasset" 2112
"../../../Engine/Content/Functions/Engine_MaterialFunctions01/Shading/PowerToRoughness.uasset" 2113
"../../../Engine/Content/Functions/Engine_MaterialFunctions01/Shading/ConvertFromDiffSpec.uasset" 2114
"../../../Engine/Content/EngineMaterials/WorldGridMaterial.uasset" 2115
"../../../Engine/Content/Functions/Engine_MaterialFunctions01/Opacity/CameraDepthFade.uasset" 2116
"../../../Engine/Content/EngineMaterials/T_Default_Material_Grid_M.uasset" 2117
"../../../Engine/Content/EngineMaterials/T_Default_Material_Grid_N.uasset" 2118
"../../../Engine/Content/EngineMaterials/DefaultDeferredDecalMaterial.uasset" 2119
"../../../Engine/Content/EngineMaterials/DefaultDiffuse.uasset" 2120
"../../../Engine/Content/EngineMaterials/DefaultLightFunctionMaterial.uasset" 2121
"../../../Engine/Content/EngineMaterials/DefaultPostProcessMaterial.uasset" 2122
"../../../Engine/Content/Functions/Engine_MaterialFunctions02/Utility/BreakOutFloat2Components.uasset" 2123
"../../../Engine/Content/EditorResources/S_Trigger.uasset" 2124
"../../../Engine/Content/EngineSky/VolumetricClouds/m_SimpleVolumetricCloud_Inst.uasset" 2125
"../../../Engine/Content/EngineSky/VolumetricClouds/m_SimpleVolumetricCloud.uasset" 2126
"../../../Engine/Content/Functions/Engine_MaterialFunctions02/Utility/MakeFloat2.uasset" 2127
"../../../Engine/Content/EngineSky/VolumetricClouds/CloudGradientTexture.uasset" 2128
"../../../Engine/Content/EngineSky/VolumetricClouds/CloudWeatherTexture.uasset" 2129
"../../../Engine/Content/EngineSky/VolumetricClouds/T_VolumeNoiseErosion32.uasset" 2130
"../../../Engine/Content/EngineSky/VolumetricClouds/T_NoiseErosion.uasset" 2131
"../../../Engine/Content/EngineSky/VolumetricClouds/T_VolumeNoiseShape64.uasset" 2132
"../../../Engine/Content/EngineSky/VolumetricClouds/T_NoiseShape64.uasset" 2133
"../../../Engine/Content/EngineMaterials/BaseFlattenMaterial.uasset" 2134
"../../../Engine/Content/EngineMaterials/BaseFlattenDiffuseMap.uasset" 2135
"../../../Engine/Content/EngineMaterials/BaseFlattenEmissiveMap.uasset" 2136
"../../../Engine/Content/EngineMaterials/BaseFlattenGrayscaleMap.uasset" 2137
"../../../Engine/Content/EngineMaterials/BaseFlattenNormalMap.uasset" 2138
"../../../Engine/Content/EngineDamageTypes/DmgTypeBP_Environmental.uasset" 2139
"../../../Engine/Content/VREditor/TransformGizmo/SM_Sequencer_Key.uasset" 2140
"../../../Engine/Content/VREditor/TransformGizmo/Main.uasset" 2141
"../../../Engine/Content/VREditor/TransformGizmo/Xray.uasset" 2142
"../../../Engine/Content/EngineMaterials/Widget3DPassThrough_Translucent.uasset" 2143
"../../../Engine/Content/EngineMaterials/Widget3DPassThrough.uasset" 2144
"../../../Engine/Config/TVOS/TVOSEngine.ini" 2145
"../../../../../../TPSDuel/DerivedDataCache/6/6/8/MATSM_0BA69734E4FD45E082FA4560DBE25454_PCD3D_SM5_8__BC5N_NOCCBN_NOIRIS_DEV_NOS__F13BBEABBD478202F600182C1C5095028A715A34.udd" 2146
"../../../Engine/Content/EngineMaterials/Widget3DPassThrough_Translucent_OneSided.uasset" 2147
"../../../../../../TPSDuel/DerivedDataCache/0/9/5/MATSM_0BA69734E4FD45E082FA4560DBE25454_PCD3D_SM5_8__BC5N_NOCCBN_NOIRIS_DEV_NOS__B6DACB6C3586620A633B6550F492AB9E3D410814.udd" 2148
"../../../Engine/Content/EngineMaterials/Widget3DPassThrough_Opaque.uasset" 2149
"../../../../../../TPSDuel/DerivedDataCache/3/0/0/MATSM_0BA69734E4FD45E082FA4560DBE25454_PCD3D_SM5_8__BC5N_NOCCBN_NOIRIS_DEV_NOS__F5713B81FEE4AA52037A19F2F8D5A33B87E5DF9C.udd" 2150
"../../../Engine/Content/EngineMaterials/Widget3DPassThrough_Opaque_OneSided.uasset" 2151
"../../../../../../TPSDuel/DerivedDataCache/9/9/5/MATSM_0BA69734E4FD45E082FA4560DBE25454_PCD3D_SM5_8__BC5N_NOCCBN_NOIRIS_DEV_NOS__0E050BC8FDBFD6693BC833926F09A5A9B2328701.udd" 2152
"../../../Engine/Content/EngineMaterials/Widget3DPassThrough_Masked.uasset" 2153
"../../../../../../TPSDuel/DerivedDataCache/2/4/9/MATSM_0BA69734E4FD45E082FA4560DBE25454_PCD3D_SM5_8__BC5N_NOCCBN_NOIRIS_DEV_NOS__9C09845A379E0F6CF7FAF8794A9C100D82D39D4E.udd" 2154
"../../../Engine/Content/EngineMaterials/Widget3DPassThrough_Masked_OneSided.uasset" 2155
"../../../../../../TPSDuel/DerivedDataCache/0/9/2/MATSM_0BA69734E4FD45E082FA4560DBE25454_PCD3D_SM5_8__BC5N_NOCCBN_NOIRIS_DEV_NOS__C6EA3DA82D41F3C40996C859B8B800AA135E92A9.udd" 2156
"../../../Engine/Content/VREditor/TransformGizmo/PlaneTranslationHandle.uasset" 2157
"../../../Engine/Content/VREditor/TransformGizmo/TransformGizmoMaterial.uasset" 2158
"../../../Engine/Content/VREditor/LaserPointer/VR_LaserPower_01.uasset" 2159
"../../../Engine/Content/VREditor/TransformGizmo/TranslucentTransformGizmoMaterial.uasset" 2160
"../../../Engine/Content/VREditor/TransformGizmo/BoundingBoxCorner.uasset" 2161
"../../../Engine/Content/VREditor/TransformGizmo/BoundingBoxEdge.uasset" 2162
"../../../Engine/Content/EditorMeshes/Camera/SM_CraneRig_Base.uasset" 2163
"../../../Engine/Content/EditorMaterials/Camera/MI_CineMat_Rig.uasset" 2164
"../../../Engine/Content/EditorMaterials/Camera/CineMat.uasset" 2165
"../../../Engine/Content/EditorMeshes/Camera/SM_CraneRig_Arm.uasset" 2166
"../../../Engine/Content/EditorMeshes/Camera/SM_CraneRig_Mount.uasset" 2167
"../../../Engine/Content/EditorMeshes/Camera/SM_CraneRig_Body.uasset" 2168
"../../../Engine/Content/EditorMeshes/Camera/SM_RailRig_Track.uasset" 2169
"../../../Engine/Content/EditorMeshes/Camera/SM_RailRig_Mount.uasset" 2170
"../../../Engine/Content/ArtTools/RenderToTexture/Meshes/S_1_Unit_Plane.uasset" 2171
"../../../Engine/Content/EngineDebugMaterials/M_SimpleUnlitTranslucent.uasset" 2172
"../../../Engine/Content/EngineFonts/Roboto.uasset" 2173
"../../../Engine/Content/EngineFonts/Faces/DroidSansFallback.uasset" 2174
"../../../Engine/Content/EngineFonts/Faces/RobotoBold.uasset" 2175
"../../../Engine/Content/EngineFonts/Faces/RobotoBoldItalic.uasset" 2176
"../../../Engine/Content/EngineFonts/Faces/RobotoItalic.uasset" 2177
"../../../Engine/Content/EngineFonts/Faces/RobotoLight.uasset" 2178
"../../../Engine/Content/EngineFonts/Faces/RobotoRegular.uasset" 2179
"../../../Engine/Content/EditorMaterials/ParticleSystems/PSysThumbnail_NoImage.uasset" 2180
"../../../Engine/Content/EditorMaterials/ParticleSystems/PSysThumbnail_OOD.uasset" 2181
"../../../Engine/Content/Maps/Templates/Thumbnails/Default.uasset" 2182
"../../../Engine/Content/Maps/Templates/Thumbnails/TimeOfDay.uasset" 2183
"../../../Engine/Content/Maps/Templates/Thumbnails/VR-Basic.uasset" 2184
"../../../Engine/Content/EditorLandscapeResources/DataLayer.uasset" 2185
"../../../Engine/Content/VREditor/TransformGizmo/SM_Sequencer_Node.uasset" 2186
"../../../Engine/Content/Internationalization/icudt64l/coll/ucadata.icu" 2187
"../../../Engine/Content/Internationalization/icudt64l/coll/zh_Hans.res" 2188
"../../../Engine/Content/Internationalization/icudt64l/coll/zh.res" 2189
"../../../Engine/Content/Internationalization/icudt64l/coll/root.res" 2190
"../../../Engine/Content/Tutorial/ContentIntroCurve.uasset" 2191
"../../Plugins/2D/Paper2D/Content/MaskedUnlitSpriteMaterial.uasset" 2192
"../../Plugins/2D/Paper2D/Content/DefaultSpriteMaterial.uasset" 2193
"../../Plugins/2D/Paper2D/Content/PlaceholderTextures/DummySpriteTexture.uasset" 2194
"../../Plugins/2D/Paper2D/Content/OpaqueUnlitSpriteMaterial.uasset" 2195
"../../../../../../TPSDuel/DerivedDataCache/7/0/5/MATSM_0BA69734E4FD45E082FA4560DBE25454_PCD3D_SM5_8__BC5N_NOCCBN_NOIRIS_DEV_NOS__0C4D74E67617E63DB34DB6B488B6856B10922EC7.udd" 2196
"../../Plugins/2D/Paper2D/Content/DefaultPaperTerrainMaterial.uasset" 2197
"../../Plugins/2D/Paper2D/Content/DummySprite.uasset" 2198
"../../Plugins/Lumin/MagicLeapPassableWorld/Content/MagicLeapARPinInfoActor.uasset" 2199
"../../../Engine/Content/ArtTools/RenderToTexture/Materials/Debug/M_Emissive_Color.uasset" 2200
"../../../Engine/Content/BasicShapes/Cylinder.uasset" 2201
"../../../Engine/Content/EngineMaterials/DefaultMaterial.uasset" 2202
"../../../Engine/Content/EngineDebugMaterials/VertexColorMaterial.uasset" 2203
"../../../Engine/Content/EngineDebugMaterials/WireframeMaterial.uasset" 2204
"../../../Engine/Content/EngineMeshes/Cylinder.uasset" 2205
"../../../Engine/Content/BasicShapes/Cube.uasset" 2206
"../../../Engine/Content/BasicShapes/Sphere.uasset" 2207
"../../Plugins/Editor/SpeedTreeImporter/Content/SpeedTree9/SpeedTreeMaster.uasset" 2208
"../../../Engine/Content/Functions/Engine_MaterialFunctions02/ObjectLocalBounds.uasset" 2209
"../../../Engine/Content/Functions/Engine_MaterialFunctions02/SafeNormalize.uasset" 2210
"../../../Engine/Content/Functions/Engine_MaterialFunctions02/Utility/BreakOutFloat3Components.uasset" 2211
"../../../Engine/Content/Functions/Engine_MaterialFunctions02/Utility/VectorLength.uasset" 2212
"../../../Engine/Content/Functions/Engine_MaterialFunctions02/UVs/BoundingBoxBased_0-1_UVW.uasset" 2213
"../../../Engine/Content/Functions/Engine_MaterialFunctions02/WorldPositionOffset/ObjectScale.uasset" 2214
"../../Plugins/Editor/SpeedTreeImporter/Content/SpeedTree9/SpeedTreeBranchMotion.uasset" 2215
"../../Plugins/Editor/SpeedTreeImporter/Content/SpeedTree9/SpeedTreeWindMotion.uasset" 2216
"../../Plugins/Editor/SpeedTreeImporter/Content/SpeedTree9/game_wind_noise.uasset" 2217
"../../Plugins/Editor/SpeedTreeImporter/Content/SpeedTree9/UnpackDirection.uasset" 2218
"../../Plugins/Editor/SpeedTreeImporter/Content/SpeedTree9/UnpackInteger3.uasset" 2219
"../../Plugins/Editor/SpeedTreeImporter/Content/SpeedTree9/SpeedTreeCameraFacing.uasset" 2220
"../../Plugins/Editor/SpeedTreeImporter/Content/SpeedTree9/SpeedTreeWind.uasset" 2221
"../../Plugins/Editor/SpeedTreeImporter/Content/SpeedTree9/Empty.uasset" 2222
"../../Plugins/Editor/SpeedTreeImporter/Content/SpeedTree9/EmptyNormal.uasset" 2223
"../../Plugins/Editor/SpeedTreeImporter/Content/SpeedTree9/SpeedTreeBillboardMaster.uasset" 2224
"../../Plugins/Editor/SpeedTreeImporter/Content/SpeedTree9/SpeedTreeBillboard.uasset" 2225
"../../../Engine/Content/EditorResources/S_Solver.uasset" 2226
"../../../Engine/Content/EditorResources/S_Note.uasset" 2227
"../../../Engine/Content/EngineDebugMaterials/VolumeToRender.uasset" 2228
"../../../Engine/Content/EngineDebugMaterials/M_VolumeRenderSphereTracePP.uasset" 2229
"../../../Engine/Content/Functions/Engine_MaterialFunctions02/Utility/CameraDirectionVector.uasset" 2230
"../../../Engine/Content/EngineMaterials/RemoveSurfaceMaterial.uasset" 2231
"../../../Engine/Content/EngineDebugMaterials/DebugMeshMaterial.uasset" 2232
"../../../Engine/Content/EngineMaterials/EmissiveMeshMaterial.uasset" 2233
"../../../Engine/Content/EngineMaterials/DefaultWhiteGrid_Low.uasset" 2234
"../../../Engine/Content/EngineMaterials/M_InvalidLightmapSettings.uasset" 2235
"../../../Engine/Content/EngineMaterials/InvalidLightmapSettings.uasset" 2236
"../../../Engine/Content/EngineMaterials/GizmoMaterial.uasset" 2237
"../../../Engine/Content/EngineMaterials/PhAT_JointLimitMaterial.uasset" 2238
"../../../Engine/Content/Functions/Engine_MaterialFunctions02/WorldPositionOffset/CameraOffset.uasset" 2239
"../../../Engine/Content/EngineMaterials/Good64x64TilingNoiseHighFreq.uasset" 2240
"../../../Engine/Content/EngineMaterials/DefaultBokeh.uasset" 2241
"../../../Engine/Content/EngineMaterials/DefaultBloomKernel.uasset" 2242
"../../../Engine/Content/EngineMaterials/PreintegratedSkinBRDF.uasset" 2243
"../../../Engine/Content/EngineMaterials/MiniFont.uasset" 2244
"../../../Engine/Content/EngineMaterials/WeightMapPlaceholderTexture.uasset" 2245
"../../../Engine/Content/EngineMaterials/DefaultWhiteGrid.uasset" 2246
"../../../Engine/Content/EngineMaterials/BlueNoise.uasset" 2247
"../../../Engine/Content/EngineMaterials/DefaultPhysicalMaterial.uasset" 2248
"../../../../../../TPSDuel/Intermediate/AssetRegistryCache/311563bb.bin" 2249
"../../../../../../TPSDuel/Intermediate/AssetRegistryCache/c90e3f55.bin" 2250
"../../../Engine/Content/BasicShapes/Cone.uasset" 2251
"../../../Engine/Content/BasicShapes/Plane.uasset" 2252
"../../../Engine/Content/EditorLandscapeResources/DefaultAlphaTexture.uasset" 2253
"../../../Engine/Content/EditorResources/S_Terrain.uasset" 2254
"../../../Engine/Content/EditorResources/SequenceRecorder/Countdown.uasset" 2255
"../../../Engine/Content/EditorResources/SequenceRecorder/RecordingIndicator.uasset" 2256
"../../../../../../TPSDuel/Intermediate/AssetRegistryCache/62da9da6.bin" 2257
"D:/TPSDuel/Saved/Cooked/WindowsNoEditor/TPSDuel/Metadata/CookedIniVersion.txt" 2258
"../../../../../../TPSDuel/DerivedDataCache/5/3/7/GSM_FA8C9A216A2C4639A783EB2DF8CE267E_PCD3D_SM5_8__BC5N_NOCCBN_NOIRIS_DEV_NOSL___9E974DCBC6563EE30A0BC18BB39C8516347E5EDD.udd" 2259
"../../../../../../TPSDuel/DerivedDataCache/9/3/6/GSM_FA8C9A216A2C4639A783EB2DF8CE267E_PCD3D_SM5_8__BC5N_NOCCBN_NOIRIS_DEV_NOSL___AAA1CF16858434B8B6CCBFE155FFC0067B26FE0F.udd" 2260
"../../../../../../TPSDuel/DerivedDataCache/8/2/6/GSM_FA8C9A216A2C4639A783EB2DF8CE267E_PCD3D_SM5_8__BC5N_NOCCBN_NOIRIS_DEV_NOSL___19083757F2931804901BE14945C993EBC80DBB94.udd" 2261
"../../../../../../TPSDuel/DerivedDataCache/4/0/0/GSM_FA8C9A216A2C4639A783EB2DF8CE267E_PCD3D_SM5_8__BC5N_NOCCBN_NOIRIS_DEV_NOSL___11C3D1587D5DD86F05A4FC0E63901BD1F8670778.udd" 2262
"../../../../../../TPSDuel/DerivedDataCache/5/1/0/GSM_FA8C9A216A2C4639A783EB2DF8CE267E_PCD3D_SM5_8__BC5N_NOCCBN_NOIRIS_DEV_NOSL___BFFCD47796AF874A0A27738237382051D6B409E1.udd" 2263
"../../../../../../TPSDuel/DerivedDataCache/7/1/3/GSM_FA8C9A216A2C4639A783EB2DF8CE267E_PCD3D_SM5_8__BC5N_NOCCBN_NOIRIS_DEV_NOSL___778264BF6A20A63E38DA0AA87CCD84D6B83826C1.udd" 2264
"../../../../../../TPSDuel/DerivedDataCache/1/8/7/GSM_FA8C9A216A2C4639A783EB2DF8CE267E_PCD3D_SM5_8__BC5N_NOCCBN_NOIRIS_DEV_NOSL___5FAC4D1A2D6017CD14840599C23FD5F1A16BD37A.udd" 2265
"../../../../../../TPSDuel/DerivedDataCache/2/9/9/GSM_FA8C9A216A2C4639A783EB2DF8CE267E_PCD3D_SM5_8__BC5N_NOCCBN_NOIRIS_DEV_NOSL___C6D16BAD33103683F7C54124F4DA26E2CBA2BCBB.udd" 2266
"../../../../../../TPSDuel/DerivedDataCache/4/5/3/GSM_FA8C9A216A2C4639A783EB2DF8CE267E_PCD3D_SM5_8__BC5N_NOCCBN_NOIRIS_DEV_NOSL___1632AA3858C714C27D16340360E19688A4549886.udd" 2267
"../../../../../../TPSDuel/DerivedDataCache/5/2/0/GSM_FA8C9A216A2C4639A783EB2DF8CE267E_PCD3D_SM5_8__BC5N_NOCCBN_NOIRIS_DEV_NOSL___6A9C4F29E2CDEA3AEB55DDE491B4F60CD72A8207.udd" 2268
"../../../../../../TPSDuel/DerivedDataCache/4/4/3/GSM_FA8C9A216A2C4639A783EB2DF8CE267E_PCD3D_SM5_8__BC5N_NOCCBN_NOIRIS_DEV_NOSL___A501A8DE4996C5FF72EFF9A2821633F56891847A.udd" 2269
"../../../../../../TPSDuel/DerivedDataCache/6/2/3/GSM_FA8C9A216A2C4639A783EB2DF8CE267E_PCD3D_SM5_8__BC5N_NOCCBN_NOIRIS_DEV_NOSL___FB94FB692E5151E16641063455ABAB1EFEC9265A.udd" 2270
"../../../../../../TPSDuel/DerivedDataCache/2/7/3/GSM_FA8C9A216A2C4639A783EB2DF8CE267E_PCD3D_SM5_8__BC5N_NOCCBN_NOIRIS_DEV_NOSL___FA5F5FEAD321C5AC801166755C27C003F34E0521.udd" 2271
"../../../../../../TPSDuel/DerivedDataCache/4/9/1/GSM_FA8C9A216A2C4639A783EB2DF8CE267E_PCD3D_SM5_8__BC5N_NOCCBN_NOIRIS_DEV_NOSL___87B08366CCE96904B5695307939F5372961B0AD7.udd" 2272
"../../../../../../TPSDuel/DerivedDataCache/1/5/3/GSM_FA8C9A216A2C4639A783EB2DF8CE267E_PCD3D_SM5_8__BC5N_NOCCBN_NOIRIS_DEV_NOSL___19908E06B321548D08A6792A3ADF0F8258096CAD.udd" 2273
"../../../../../../TPSDuel/DerivedDataCache/0/3/3/GSM_FA8C9A216A2C4639A783EB2DF8CE267E_PCD3D_SM5_8__BC5N_NOCCBN_NOIRIS_DEV_NOSL___3615B287B59D01021CC42E4AC9D69089807560D4.udd" 2274
"../../../../../../TPSDuel/DerivedDataCache/2/0/3/GSM_FA8C9A216A2C4639A783EB2DF8CE267E_PCD3D_SM5_8__BC5N_NOCCBN_NOIRIS_DEV_NOSL___DDD606C5F0901DE7413D338845295F9BB7A439AC.udd" 2275
"../../../../../../TPSDuel/DerivedDataCache/4/2/7/GSM_FA8C9A216A2C4639A783EB2DF8CE267E_PCD3D_SM5_8__BC5N_NOCCBN_NOIRIS_DEV_NOSL___5FB1531E14DEBCE55530F2E014DF70456AC3D9FC.udd" 2276
"../../../../../../TPSDuel/DerivedDataCache/0/1/7/GSM_FA8C9A216A2C4639A783EB2DF8CE267E_PCD3D_SM5_8__BC5N_NOCCBN_NOIRIS_DEV_NOSL___363BDC5313FFF4AB9A3E721F36F668EDDD42369B.udd" 2277
"../../../../../../TPSDuel/DerivedDataCache/5/2/5/GSM_FA8C9A216A2C4639A783EB2DF8CE267E_PCD3D_SM5_8__BC5N_NOCCBN_NOIRIS_DEV_NOSL___EDB727D9BD1580F0C48C68EC66F2F52DAAB4F5D9.udd" 2278
"../../../../../../TPSDuel/DerivedDataCache/4/2/6/GSM_FA8C9A216A2C4639A783EB2DF8CE267E_PCD3D_SM5_8__BC5N_NOCCBN_NOIRIS_DEV_NOSL___D6FA6250CA866C00BF9530CB9071594E849B7B6E.udd" 2279
"../../../../../../TPSDuel/DerivedDataCache/2/1/4/GSM_FA8C9A216A2C4639A783EB2DF8CE267E_PCD3D_SM5_8__BC5N_NOCCBN_NOIRIS_DEV_NOSL___F03337E0C2C66BB9FB9F9ECE7FB68C5D06E43288.udd" 2280
"../../../../../../TPSDuel/DerivedDataCache/2/3/5/GSM_FA8C9A216A2C4639A783EB2DF8CE267E_PCD3D_SM5_8__BC5N_NOCCBN_NOIRIS_DEV_NOSL___A7580741F6E1E837CD435B38A4AFB508CD572560.udd" 2281
"../../../../../../TPSDuel/DerivedDataCache/3/3/4/GSM_FA8C9A216A2C4639A783EB2DF8CE267E_PCD3D_SM5_8__BC5N_NOCCBN_NOIRIS_DEV_NOSL___8CE1F2D1E92A0FD4948B34E5348AF5F73587D657.udd" 2282
"../../../../../../TPSDuel/DerivedDataCache/7/0/5/GSM_FA8C9A216A2C4639A783EB2DF8CE267E_PCD3D_SM5_8__BC5N_NOCCBN_NOIRIS_DEV_NOSL___90C2A0A565E31513DB79B88B5EB2583C38A36E7B.udd" 2283
"../../../../../../TPSDuel/DerivedDataCache/2/5/0/GSM_FA8C9A216A2C4639A783EB2DF8CE267E_PCD3D_SM5_8__BC5N_NOCCBN_NOIRIS_DEV_NOSL___359DA895E27794A12E17C27E2C785B3C8B89C4B6.udd" 2284
"../../../../../../TPSDuel/DerivedDataCache/2/0/3/GSM_FA8C9A216A2C4639A783EB2DF8CE267E_PCD3D_SM5_8__BC5N_NOCCBN_NOIRIS_DEV_NOSL___C186A3E78802756ABEF0BE6F8D37E2017B5E8532.udd" 2285
"../../../../../../TPSDuel/DerivedDataCache/8/8/3/GSM_FA8C9A216A2C4639A783EB2DF8CE267E_PCD3D_SM5_8__BC5N_NOCCBN_NOIRIS_DEV_NOSL___F238EE6DBF434EC5ED5A033A46D8B5DA918AFC0D.udd" 2286
"../../../../../../TPSDuel/DerivedDataCache/0/8/3/GSM_FA8C9A216A2C4639A783EB2DF8CE267E_PCD3D_SM5_8__BC5N_NOCCBN_NOIRIS_DEV_NOSL___46D77C0A1151D20FC9B0A433E4B906B5A8AF5CE6.udd" 2287
"../../../../../../TPSDuel/DerivedDataCache/5/3/4/GSM_FA8C9A216A2C4639A783EB2DF8CE267E_PCD3D_SM5_8__BC5N_NOCCBN_NOIRIS_DEV_NOSL___BA834C32478EDD65710B49EC1F2C227216E02288.udd" 2288
"../../../../../../TPSDuel/DerivedDataCache/0/9/9/GSM_FA8C9A216A2C4639A783EB2DF8CE267E_PCD3D_SM5_8__BC5N_NOCCBN_NOIRIS_DEV_NOSL___D0F75170DABEF3CB952A48F82997D206567EDC6E.udd" 2289
"../../../../../../TPSDuel/DerivedDataCache/9/2/7/GSM_FA8C9A216A2C4639A783EB2DF8CE267E_PCD3D_SM5_8__BC5N_NOCCBN_NOIRIS_DEV_NOSL___61F913DC34DA1A5BFFA5A9D83291AD921ECCEE95.udd" 2290
"../../../../../../TPSDuel/DerivedDataCache/0/9/7/GSM_FA8C9A216A2C4639A783EB2DF8CE267E_PCD3D_SM5_8__BC5N_NOCCBN_NOIRIS_DEV_NOSL___805AFB8ACA4951E031D4044C273979F94FDF174F.udd" 2291
"../../../../../../TPSDuel/DerivedDataCache/6/7/0/GSM_FA8C9A216A2C4639A783EB2DF8CE267E_PCD3D_SM5_8__BC5N_NOCCBN_NOIRIS_DEV_NOSL___869B772FF7D85073371AB45F96F91062CB6FCA81.udd" 2292
"../../../../../../TPSDuel/DerivedDataCache/5/2/1/GSM_FA8C9A216A2C4639A783EB2DF8CE267E_PCD3D_SM5_8__BC5N_NOCCBN_NOIRIS_DEV_NOSL___60A76498E728094B69AF9E985725E3CCA809B1E0.udd" 2293
"../../../../../../TPSDuel/DerivedDataCache/4/2/4/GSM_FA8C9A216A2C4639A783EB2DF8CE267E_PCD3D_SM5_8__BC5N_NOCCBN_NOIRIS_DEV_NOSL___DAD4CFC077B7D8ED7F2FD1E50081ABD3B0B3A82C.udd" 2294
"../../../../../../TPSDuel/DerivedDataCache/9/9/5/GSM_FA8C9A216A2C4639A783EB2DF8CE267E_PCD3D_SM5_8__BC5N_NOCCBN_NOIRIS_DEV_NOSL___2506075DABBF68B085C3BA21CF7264CA046255DC.udd" 2295
"../../../../../../TPSDuel/DerivedDataCache/8/4/8/GSM_FA8C9A216A2C4639A783EB2DF8CE267E_PCD3D_SM5_8__BC5N_NOCCBN_NOIRIS_DEV_NOSL___BE7F9D4F7CBC87ADD2C54A6CFAF5FB5F0B444B8A.udd" 2296
"../../../../../../TPSDuel/DerivedDataCache/6/5/2/GSM_FA8C9A216A2C4639A783EB2DF8CE267E_PCD3D_SM5_8__BC5N_NOCCBN_NOIRIS_DEV_NOSL___B3FB9BE985D937C0577D1E22009DB174DF3BC53F.udd" 2297
"../../../../../../TPSDuel/DerivedDataCache/6/7/3/GSM_FA8C9A216A2C4639A783EB2DF8CE267E_PCD3D_SM5_8__BC5N_NOCCBN_NOIRIS_DEV_NOSL___EA69AA7BB7D65A63A5584CD62F720FAA60B2D567.udd" 2298
"../../../../../../TPSDuel/DerivedDataCache/5/9/7/GSM_FA8C9A216A2C4639A783EB2DF8CE267E_PCD3D_SM5_8__BC5N_NOCCBN_NOIRIS_DEV_NOSL___97D9BE232541C721B9A85FB230843FFC4EC7D6E0.udd" 2299
"../../../../../../TPSDuel/DerivedDataCache/8/7/7/GSM_FA8C9A216A2C4639A783EB2DF8CE267E_PCD3D_SM5_8__BC5N_NOCCBN_NOIRIS_DEV_NOSL___B7527336D02B4F2F1ED3D09CA33FBCE575742C0A.udd" 2300
"../../../../../../TPSDuel/DerivedDataCache/5/1/1/GSM_FA8C9A216A2C4639A783EB2DF8CE267E_PCD3D_SM5_8__BC5N_NOCCBN_NOIRIS_DEV_NOSL___839E5108EBBD57EA5B4CD84E7A7145F5F9C570C7.udd" 2301
"../../../../../../TPSDuel/DerivedDataCache/3/7/9/GSM_FA8C9A216A2C4639A783EB2DF8CE267E_PCD3D_SM5_8__BC5N_NOCCBN_NOIRIS_DEV_NOSL___059536CF0450562F3BE4393F207658EF37212C9A.udd" 2302
"../../../../../../TPSDuel/DerivedDataCache/6/9/3/GSM_FA8C9A216A2C4639A783EB2DF8CE267E_PCD3D_SM5_8__BC5N_NOCCBN_NOIRIS_DEV_NOSL___96CAD9F658224A6C3115C546F2293F3ABE963C90.udd" 2303
"../../../../../../TPSDuel/DerivedDataCache/3/6/6/GSM_FA8C9A216A2C4639A783EB2DF8CE267E_PCD3D_SM5_8__BC5N_NOCCBN_NOIRIS_DEV_NOSL___0BFB11B9E6995874981C226F8F078C6D77742352.udd" 2304
"../../../../../../TPSDuel/DerivedDataCache/0/3/2/GSM_FA8C9A216A2C4639A783EB2DF8CE267E_PCD3D_SM5_8__BC5N_NOCCBN_NOIRIS_DEV_NOSL___9B0D8105AB8116A79619DEE4AD65D6EB816C7FDF.udd" 2305
"../../../../../../TPSDuel/DerivedDataCache/6/0/9/GSM_FA8C9A216A2C4639A783EB2DF8CE267E_PCD3D_SM5_8__BC5N_NOCCBN_NOIRIS_DEV_NOSL___112F5329D4E132A03822BE1B3AD49610F6039DE9.udd" 2306
"../../../../../../TPSDuel/DerivedDataCache/7/2/7/GSM_FA8C9A216A2C4639A783EB2DF8CE267E_PCD3D_SM5_8__BC5N_NOCCBN_NOIRIS_DEV_NOSL___ECBA8CA62A9565E594B13F1E10CCAD7F8C828A46.udd" 2307
"../../../../../../TPSDuel/DerivedDataCache/9/7/8/GSM_FA8C9A216A2C4639A783EB2DF8CE267E_PCD3D_SM5_8__BC5N_NOCCBN_NOIRIS_DEV_NOSL___AB8FAF45AFB9C81BF8B5392C35A89F4B48B827CA.udd" 2308
"../../../../../../TPSDuel/DerivedDataCache/6/2/2/GSM_FA8C9A216A2C4639A783EB2DF8CE267E_PCD3D_SM5_8__BC5N_NOCCBN_NOIRIS_DEV_NOSL___8BAE9A4ECFB2D6E74BE711E313A0FE45A165CC6E.udd" 2309
"../../../../../../TPSDuel/DerivedDataCache/9/6/3/GSM_FA8C9A216A2C4639A783EB2DF8CE267E_PCD3D_SM5_8__BC5N_NOCCBN_NOIRIS_DEV_NOSL___E757619796B3F6FEE4373ACC24AA2B0D846633D2.udd" 2310
"../../../../../../TPSDuel/DerivedDataCache/1/9/2/GSM_FA8C9A216A2C4639A783EB2DF8CE267E_PCD3D_SM5_8__BC5N_NOCCBN_NOIRIS_DEV_NOSL___E03D58B6872C1BB77E0E68D6C229C65EC83A8B0C.udd" 2311
"../../../../../../TPSDuel/DerivedDataCache/7/6/5/GSM_FA8C9A216A2C4639A783EB2DF8CE267E_PCD3D_SM5_8__BC5N_NOCCBN_NOIRIS_DEV_NOSL___D0E4D60D85AB2B78C1CA11284391F0CD0A8290A1.udd" 2312
"../../../../../../TPSDuel/DerivedDataCache/2/8/3/GSM_FA8C9A216A2C4639A783EB2DF8CE267E_PCD3D_SM5_8__BC5N_NOCCBN_NOIRIS_DEV_NOSL___EC4A6E962F73A227E8E488DAD69CDEB6B7C455A3.udd" 2313
"../../../../../../TPSDuel/DerivedDataCache/1/9/0/GSM_FA8C9A216A2C4639A783EB2DF8CE267E_PCD3D_SM5_8__BC5N_NOCCBN_NOIRIS_DEV_NOSL___9E44998318F9CCFB703D5FABBDE938C901A37755.udd" 2314
"../../../../../../TPSDuel/DerivedDataCache/9/2/9/GSM_FA8C9A216A2C4639A783EB2DF8CE267E_PCD3D_SM5_8__BC5N_NOCCBN_NOIRIS_DEV_NOSL___BE486BE090D9B8B67F2C15A41949E73DE786D8E3.udd" 2315
"../../../../../../TPSDuel/DerivedDataCache/9/2/2/GSM_FA8C9A216A2C4639A783EB2DF8CE267E_PCD3D_SM5_8__BC5N_NOCCBN_NOIRIS_DEV_NOSL___97ECBF8665176E557DBF63B873061765DE7FE639.udd" 2316
"../../../../../../TPSDuel/DerivedDataCache/4/5/2/GSM_FA8C9A216A2C4639A783EB2DF8CE267E_PCD3D_SM5_8__BC5N_NOCCBN_NOIRIS_DEV_NOSL___8194AE0A726F4F558F8753B52B0BEF9FF8EA358C.udd" 2317
"../../../../../../TPSDuel/DerivedDataCache/7/1/9/GSM_FA8C9A216A2C4639A783EB2DF8CE267E_PCD3D_SM5_8__BC5N_NOCCBN_NOIRIS_DEV_NOSL___DB6DE77BBE545833DB05121252580DBB6FA5A746.udd" 2318
"../../../../../../TPSDuel/DerivedDataCache/4/2/5/GSM_FA8C9A216A2C4639A783EB2DF8CE267E_PCD3D_SM5_8__BC5N_NOCCBN_NOIRIS_DEV_NOSL___1BEA086851A5408629E7A4026E6A09D39D773811.udd" 2319
"../../../../../../TPSDuel/DerivedDataCache/0/7/6/GSM_FA8C9A216A2C4639A783EB2DF8CE267E_PCD3D_SM5_8__BC5N_NOCCBN_NOIRIS_DEV_NOSL___2D176CC159273D2E6158CA4C281BD54DE6C1DB59.udd" 2320
"../../../../../../TPSDuel/DerivedDataCache/6/9/8/GSM_FA8C9A216A2C4639A783EB2DF8CE267E_PCD3D_SM5_8__BC5N_NOCCBN_NOIRIS_DEV_NOSL___8F7A1F0AB50884E3B7D52783944C64F2DE0BB753.udd" 2321
"../../../../../../TPSDuel/DerivedDataCache/0/8/3/GSM_FA8C9A216A2C4639A783EB2DF8CE267E_PCD3D_SM5_8__BC5N_NOCCBN_NOIRIS_DEV_NOSL___C05DF98ECD754920151C538D47194A4C5B648968.udd" 2322
"../../../../../../TPSDuel/DerivedDataCache/6/9/6/GSM_FA8C9A216A2C4639A783EB2DF8CE267E_PCD3D_SM5_8__BC5N_NOCCBN_NOIRIS_DEV_NOSL___9B24644C36756152CA4E0C691E4BB9207F1227C0.udd" 2323
"../../../../../../TPSDuel/DerivedDataCache/3/3/1/GSM_FA8C9A216A2C4639A783EB2DF8CE267E_PCD3D_SM5_8__BC5N_NOCCBN_NOIRIS_DEV_NOSL___73AD3F4BCC8350D29127EABCFC271718D7BDBA0B.udd" 2324
"../../../../../../TPSDuel/DerivedDataCache/1/4/6/GSM_FA8C9A216A2C4639A783EB2DF8CE267E_PCD3D_SM5_8__BC5N_NOCCBN_NOIRIS_DEV_NOSL___2011235BDCD2452DF8FAE0330869C659479BA9C2.udd" 2325
"../../../../../../TPSDuel/DerivedDataCache/5/7/5/GSM_FA8C9A216A2C4639A783EB2DF8CE267E_PCD3D_SM5_8__BC5N_NOCCBN_NOIRIS_DEV_NOSL___36B8FFB9919BA059DB7DA394D75165501A687642.udd" 2326
"../../../../../../TPSDuel/DerivedDataCache/2/4/7/GSM_FA8C9A216A2C4639A783EB2DF8CE267E_PCD3D_SM5_8__BC5N_NOCCBN_NOIRIS_DEV_NOSL___E7CE3FF80349DE562961C849988C1358DEB4D61B.udd" 2327
"../../../../../../TPSDuel/DerivedDataCache/7/7/1/GSM_FA8C9A216A2C4639A783EB2DF8CE267E_PCD3D_SM5_8__BC5N_NOCCBN_NOIRIS_DEV_NOSL___9F7D4C551BFF10AAE97E7158D05C44E83C611937.udd" 2328
"../../../../../../TPSDuel/DerivedDataCache/4/2/5/GSM_FA8C9A216A2C4639A783EB2DF8CE267E_PCD3D_SM5_8__BC5N_NOCCBN_NOIRIS_DEV_NOSL___41EA3A6162EF87AFCF68B824CE809BBE9F9F9B99.udd" 2329
"../../../../../../TPSDuel/DerivedDataCache/6/0/7/GSM_FA8C9A216A2C4639A783EB2DF8CE267E_PCD3D_SM5_8__BC5N_NOCCBN_NOIRIS_DEV_NOSL___BD94D3588AA05ACB774A1B33C0013993766A51DD.udd" 2330
"../../../../../../TPSDuel/DerivedDataCache/4/6/3/GSM_FA8C9A216A2C4639A783EB2DF8CE267E_PCD3D_SM5_8__BC5N_NOCCBN_NOIRIS_DEV_NOSL___09085FB53CBFE7A9A6A44A15C903FFC50D8B675F.udd" 2331
"../../../../../../TPSDuel/DerivedDataCache/4/0/8/GSM_FA8C9A216A2C4639A783EB2DF8CE267E_PCD3D_SM5_8__BC5N_NOCCBN_NOIRIS_DEV_NOSL___02D33F492F961A368999B7D7D8C3919BC6F55E51.udd" 2332
"../../../../../../TPSDuel/DerivedDataCache/1/9/1/GSM_FA8C9A216A2C4639A783EB2DF8CE267E_PCD3D_SM5_8__BC5N_NOCCBN_NOIRIS_DEV_NOSL___E9AE5A57F04CFAE73DCC05E4A15C80903628060F.udd" 2333
"../../../../../../TPSDuel/DerivedDataCache/4/6/0/GSM_FA8C9A216A2C4639A783EB2DF8CE267E_PCD3D_SM5_8__BC5N_NOCCBN_NOIRIS_DEV_NOSL___913716A8100B1561C234AC6852C3E6ABB121EB8E.udd" 2334
"../../../../../../TPSDuel/DerivedDataCache/8/7/0/GSM_FA8C9A216A2C4639A783EB2DF8CE267E_PCD3D_SM5_8__BC5N_NOCCBN_NOIRIS_DEV_NOSL___212BF9BF0C5F1D5B0E3A3C65C981BD93E9BFF395.udd" 2335
"../../../../../../TPSDuel/DerivedDataCache/5/5/1/GSM_FA8C9A216A2C4639A783EB2DF8CE267E_PCD3D_SM5_8__BC5N_NOCCBN_NOIRIS_DEV_NOSL___08797A7C6E00B1F72B2BDF4C684BABDD26F78561.udd" 2336
"../../../../../../TPSDuel/DerivedDataCache/7/0/1/GSM_FA8C9A216A2C4639A783EB2DF8CE267E_PCD3D_SM5_8__BC5N_NOCCBN_NOIRIS_DEV_NOSL___8E15234FFD066224B42BC6EA98CAF084B34FA7C5.udd" 2337
"../../../../../../TPSDuel/DerivedDataCache/8/7/8/GSM_FA8C9A216A2C4639A783EB2DF8CE267E_PCD3D_SM5_8__BC5N_NOCCBN_NOIRIS_DEV_NOSL___7B3442A2F0142DEEB53ECF6429A022C10CC118B2.udd" 2338
"../../../../../../TPSDuel/DerivedDataCache/2/8/7/GSM_FA8C9A216A2C4639A783EB2DF8CE267E_PCD3D_SM5_8__BC5N_NOCCBN_NOIRIS_DEV_NOSL___50A834DB0A45BA8D44995A3314590AD6CB2A84D2.udd" 2339
"../../../../../../TPSDuel/DerivedDataCache/8/2/2/GSM_FA8C9A216A2C4639A783EB2DF8CE267E_PCD3D_SM5_8__BC5N_NOCCBN_NOIRIS_DEV_NOSL___87862C8007C7D6522635A719F37AA1DEB4E41E1D.udd" 2340
"../../../../../../TPSDuel/DerivedDataCache/5/8/2/GSM_FA8C9A216A2C4639A783EB2DF8CE267E_PCD3D_SM5_8__BC5N_NOCCBN_NOIRIS_DEV_NOSL___B669DF7B569F7DF922446A35ED63BCD9E92CE48A.udd" 2341
"../../../../../../TPSDuel/DerivedDataCache/7/7/1/GSM_FA8C9A216A2C4639A783EB2DF8CE267E_PCD3D_SM5_8__BC5N_NOCCBN_NOIRIS_DEV_NOSL___84B9E2DEEAA30C4FE5C9C7193B00FA50A6638C97.udd" 2342
"../../../../../../TPSDuel/DerivedDataCache/9/1/8/GSM_FA8C9A216A2C4639A783EB2DF8CE267E_PCD3D_SM5_8__BC5N_NOCCBN_NOIRIS_DEV_NOSL___509C0421D4B4B2E8898BAA125B51E35357DACF2C.udd" 2343
"../../../../../../TPSDuel/DerivedDataCache/4/5/6/GSM_FA8C9A216A2C4639A783EB2DF8CE267E_PCD3D_SM5_8__BC5N_NOCCBN_NOIRIS_DEV_NOSL___8244716A798163C188F919DB65004F63B1E2DFD0.udd" 2344
"../../../../../../TPSDuel/DerivedDataCache/2/4/3/GSM_FA8C9A216A2C4639A783EB2DF8CE267E_PCD3D_SM5_8__BC5N_NOCCBN_NOIRIS_DEV_NOSL___D816F726B56EFEFC41531B67FE415B3930AF253B.udd" 2345
"../../../../../../TPSDuel/DerivedDataCache/7/6/1/GSM_FA8C9A216A2C4639A783EB2DF8CE267E_PCD3D_SM5_8__BC5N_NOCCBN_NOIRIS_DEV_NOSL___2DBE8C8478BD0F05681936400730F34772A68C8F.udd" 2346
"../../../../../../TPSDuel/DerivedDataCache/8/3/6/GSM_FA8C9A216A2C4639A783EB2DF8CE267E_PCD3D_SM5_8__BC5N_NOCCBN_NOIRIS_DEV_NOSL___81B1B6A835DE641A005D899F1958BC0EFD8C85E7.udd" 2347
"../../../../../../TPSDuel/DerivedDataCache/3/6/1/GSM_FA8C9A216A2C4639A783EB2DF8CE267E_PCD3D_SM5_8__BC5N_NOCCBN_NOIRIS_DEV_NOSL___22CE935A0E0D7547A88BEA21938D67F33D2528A8.udd" 2348
"../../../../../../TPSDuel/DerivedDataCache/9/2/4/GSM_FA8C9A216A2C4639A783EB2DF8CE267E_PCD3D_SM5_8__BC5N_NOCCBN_NOIRIS_DEV_NOSL___1931789571C80DCA79FF78B8D44C8BB9729A6A72.udd" 2349
"../../../../../../TPSDuel/DerivedDataCache/6/7/4/GSM_FA8C9A216A2C4639A783EB2DF8CE267E_PCD3D_SM5_8__BC5N_NOCCBN_NOIRIS_DEV_NOSL___5FADC1DD5413E87966B1A164775D9C9B0ACEA0F3.udd" 2350
"../../../../../../TPSDuel/DerivedDataCache/8/3/3/GSM_FA8C9A216A2C4639A783EB2DF8CE267E_PCD3D_SM5_8__BC5N_NOCCBN_NOIRIS_DEV_NOSL___4BC8EED95AA3883CBD05840576FA85804868F2FF.udd" 2351
"../../../../../../TPSDuel/DerivedDataCache/1/2/6/GSM_FA8C9A216A2C4639A783EB2DF8CE267E_PCD3D_SM5_8__BC5N_NOCCBN_NOIRIS_DEV_NOSL___1B6D8AA3F4049D771DDBECCC9ECAFA48F0D41987.udd" 2352
"../../../../../../TPSDuel/DerivedDataCache/9/8/5/GSM_FA8C9A216A2C4639A783EB2DF8CE267E_PCD3D_SM5_8__BC5N_NOCCBN_NOIRIS_DEV_NOSL___3342BA5C0421F15DA3DD8AC5D1CD0FC6D9667E59.udd" 2353
"../../../../../../TPSDuel/DerivedDataCache/8/8/0/GSM_FA8C9A216A2C4639A783EB2DF8CE267E_PCD3D_SM5_8__BC5N_NOCCBN_NOIRIS_DEV_NOSL___0C7F4E191F816822CCF6CF9FBA77B300329FDB83.udd" 2354
"../../../../../../TPSDuel/DerivedDataCache/8/5/0/GSM_FA8C9A216A2C4639A783EB2DF8CE267E_PCD3D_SM5_8__BC5N_NOCCBN_NOIRIS_DEV_NOSL___12FAB3234B2B770A564C0C033C5F50F2DC6F9AAC.udd" 2355
"../../../../../../TPSDuel/DerivedDataCache/8/8/2/GSM_FA8C9A216A2C4639A783EB2DF8CE267E_PCD3D_SM5_8__BC5N_NOCCBN_NOIRIS_DEV_NOSL___AB53376F92871E61042279820CA8BA048FF32BC2.udd" 2356
"../../../../../../TPSDuel/DerivedDataCache/0/7/8/GSM_FA8C9A216A2C4639A783EB2DF8CE267E_PCD3D_SM5_8__BC5N_NOCCBN_NOIRIS_DEV_NOSL___0D00A6A74F45F52A214F8E0911671537B9871DE6.udd" 2357
"../../../../../../TPSDuel/DerivedDataCache/9/8/0/GSM_FA8C9A216A2C4639A783EB2DF8CE267E_PCD3D_SM5_8__BC5N_NOCCBN_NOIRIS_DEV_NOSL___0252C2CFCB84693A99EC8031FB1CDA1FA0BC837F.udd" 2358
"../../../../../../TPSDuel/DerivedDataCache/8/8/8/GSM_FA8C9A216A2C4639A783EB2DF8CE267E_PCD3D_SM5_8__BC5N_NOCCBN_NOIRIS_DEV_NOSL___48C1C13E833FA41677118F0EA2D9123514E28020.udd" 2359
"../../../../../../TPSDuel/DerivedDataCache/8/3/5/GSM_FA8C9A216A2C4639A783EB2DF8CE267E_PCD3D_SM5_8__BC5N_NOCCBN_NOIRIS_DEV_NOSL___4D5E11D139A52EC3BFD6E3C2BE6A852DA762D8C6.udd" 2360
"../../../../../../TPSDuel/DerivedDataCache/1/0/4/GSM_FA8C9A216A2C4639A783EB2DF8CE267E_PCD3D_SM5_8__BC5N_NOCCBN_NOIRIS_DEV_NOSL___4750AF58BF7850681123A39B3E0B0B040596D1CD.udd" 2361
"../../../../../../TPSDuel/DerivedDataCache/3/4/2/GSM_FA8C9A216A2C4639A783EB2DF8CE267E_PCD3D_SM5_8__BC5N_NOCCBN_NOIRIS_DEV_NOSL___BA00F5687CC3FD2EB2C5DF8FF801BE562E2B8D30.udd" 2362
"../../../../../../TPSDuel/DerivedDataCache/0/8/1/GSM_FA8C9A216A2C4639A783EB2DF8CE267E_PCD3D_SM5_8__BC5N_NOCCBN_NOIRIS_DEV_NOSL___2F8EAFC53B84E93ADE149A104776EC70FE5722C0.udd" 2363
"../../../../../../TPSDuel/DerivedDataCache/6/6/9/GSM_FA8C9A216A2C4639A783EB2DF8CE267E_PCD3D_SM5_8__BC5N_NOCCBN_NOIRIS_DEV_NOSL___9CEBEE9565FE15431F6B39C30783C6D0CCFDF146.udd" 2364
"../../../../../../TPSDuel/DerivedDataCache/2/6/3/GSM_FA8C9A216A2C4639A783EB2DF8CE267E_PCD3D_SM5_8__BC5N_NOCCBN_NOIRIS_DEV_NOSL___9367A8665AA391A78F2E484D315183AD439C14EB.udd" 2365
"../../../../../../TPSDuel/DerivedDataCache/8/2/3/GSM_FA8C9A216A2C4639A783EB2DF8CE267E_PCD3D_SM5_8__BC5N_NOCCBN_NOIRIS_DEV_NOSL___EC2A61345C16E68F510DED618A78519A7C7740C6.udd" 2366
"../../../../../../TPSDuel/DerivedDataCache/2/9/2/GSM_FA8C9A216A2C4639A783EB2DF8CE267E_PCD3D_SM5_8__BC5N_NOCCBN_NOIRIS_DEV_NOSL___FFA6E8AF7ACE2AE803F1BFF867B809D361CF6282.udd" 2367
"../../../../../../TPSDuel/DerivedDataCache/5/9/6/GSM_FA8C9A216A2C4639A783EB2DF8CE267E_PCD3D_SM5_8__BC5N_NOCCBN_NOIRIS_DEV_NOSL___F9711EE5992065240953BCE211D1101260B6A612.udd" 2368
"../../../../../../TPSDuel/DerivedDataCache/4/0/9/GSM_FA8C9A216A2C4639A783EB2DF8CE267E_PCD3D_SM5_8__BC5N_NOCCBN_NOIRIS_DEV_NOSL___689956E4A71A9C76ED030A0DF4D8310303E9B61B.udd" 2369
"../../../../../../TPSDuel/DerivedDataCache/7/5/3/GSM_FA8C9A216A2C4639A783EB2DF8CE267E_PCD3D_SM5_8__BC5N_NOCCBN_NOIRIS_DEV_NOSL___F2D7CFE906B724C323E123CBBFC43D9BCEFB9994.udd" 2370
"../../../../../../TPSDuel/DerivedDataCache/1/7/1/GSM_FA8C9A216A2C4639A783EB2DF8CE267E_PCD3D_SM5_8__BC5N_NOCCBN_NOIRIS_DEV_NOSL___C598714F079F0C36C14CFF3F59B0489AD7DD1D73.udd" 2371
"../../../../../../TPSDuel/DerivedDataCache/3/3/8/GSM_FA8C9A216A2C4639A783EB2DF8CE267E_PCD3D_SM5_8__BC5N_NOCCBN_NOIRIS_DEV_NOSL___E38FBC7459A63B5E6683A810D348FE08BE7749D4.udd" 2372
"../../../../../../TPSDuel/DerivedDataCache/2/1/1/GSM_FA8C9A216A2C4639A783EB2DF8CE267E_PCD3D_SM5_8__BC5N_NOCCBN_NOIRIS_DEV_NOSL___1DA0A67CAAA89770A8E980D00BB6437C5593DA60.udd" 2373
"../../../../../../TPSDuel/DerivedDataCache/6/8/4/GSM_FA8C9A216A2C4639A783EB2DF8CE267E_PCD3D_SM5_8__BC5N_NOCCBN_NOIRIS_DEV_NOSL___419BED4D49007B185803468E28A8D9168D376C2A.udd" 2374
"../../../../../../TPSDuel/DerivedDataCache/8/3/4/GSM_FA8C9A216A2C4639A783EB2DF8CE267E_PCD3D_SM5_8__BC5N_NOCCBN_NOIRIS_DEV_NOSL___25F9F403818E2060B4394D74EC580A64DDA98990.udd" 2375
"../../../../../../TPSDuel/DerivedDataCache/4/9/7/GSM_FA8C9A216A2C4639A783EB2DF8CE267E_PCD3D_SM5_8__BC5N_NOCCBN_NOIRIS_DEV_NOSL___6FBDCD2A4410773C5F1545AC8EFCA594180A202F.udd" 2376
"../../../../../../TPSDuel/DerivedDataCache/7/8/4/GSM_FA8C9A216A2C4639A783EB2DF8CE267E_PCD3D_SM5_8__BC5N_NOCCBN_NOIRIS_DEV_NOSL___9D6D25E7E72BDBCCD4DA53020152AC1026209836.udd" 2377
"../../../../../../TPSDuel/DerivedDataCache/2/5/9/GSM_FA8C9A216A2C4639A783EB2DF8CE267E_PCD3D_SM5_8__BC5N_NOCCBN_NOIRIS_DEV_NOSL___BD68D1A0DE1B64131ED934F6C67BE84FD16516C4.udd" 2378
"../../../../../../TPSDuel/DerivedDataCache/3/6/5/GSM_FA8C9A216A2C4639A783EB2DF8CE267E_PCD3D_SM5_8__BC5N_NOCCBN_NOIRIS_DEV_NOSL___BB54A44A1034FB3DF6D38371816A9DFD6225D024.udd" 2379
"../../../../../../TPSDuel/DerivedDataCache/4/5/2/GSM_FA8C9A216A2C4639A783EB2DF8CE267E_PCD3D_SM5_8__BC5N_NOCCBN_NOIRIS_DEV_NOSL___0CB5CB4C01F8D068FC0DF29B43D81CB51A009149.udd" 2380
"../../../../../../TPSDuel/DerivedDataCache/5/7/9/GSM_FA8C9A216A2C4639A783EB2DF8CE267E_PCD3D_SM5_8__BC5N_NOCCBN_NOIRIS_DEV_NOSL___7902101E7F45E834EEC8F924515E1C260E6F4C94.udd" 2381
"../../../../../../TPSDuel/DerivedDataCache/7/5/1/GSM_FA8C9A216A2C4639A783EB2DF8CE267E_PCD3D_SM5_8__BC5N_NOCCBN_NOIRIS_DEV_NOSL___02729DEC83E7D53D109435D256B7255815CE2500.udd" 2382
"../../../../../../TPSDuel/DerivedDataCache/8/9/8/GSM_FA8C9A216A2C4639A783EB2DF8CE267E_PCD3D_SM5_8__BC5N_NOCCBN_NOIRIS_DEV_NOSL___A875E542E63EBC3023FC0CCE14E3BEEC64DA7A44.udd" 2383
"../../../../../../TPSDuel/DerivedDataCache/8/9/4/GSM_FA8C9A216A2C4639A783EB2DF8CE267E_PCD3D_SM5_8__BC5N_NOCCBN_NOIRIS_DEV_NOSL___2A6B8EC5CFD24A86E4DB68AE2992333166ABABC8.udd" 2384
"../../../../../../TPSDuel/DerivedDataCache/6/2/2/GSM_FA8C9A216A2C4639A783EB2DF8CE267E_PCD3D_SM5_8__BC5N_NOCCBN_NOIRIS_DEV_NOSL___1E7CEA04CBBB4A4A387A7B0D31CE8D8B2A41D707.udd" 2385
"../../../../../../TPSDuel/DerivedDataCache/9/1/8/GSM_FA8C9A216A2C4639A783EB2DF8CE267E_PCD3D_SM5_8__BC5N_NOCCBN_NOIRIS_DEV_NOSL___B7C19D8F440B59147609FAA0813E74BA6B5DD1F8.udd" 2386
"../../../../../../TPSDuel/DerivedDataCache/5/5/6/GSM_FA8C9A216A2C4639A783EB2DF8CE267E_PCD3D_SM5_8__BC5N_NOCCBN_NOIRIS_DEV_NOSL___3894BE0C84515BCE889826DB6C6230C68A0524AF.udd" 2387
"../../../../../../TPSDuel/DerivedDataCache/7/1/2/GSM_FA8C9A216A2C4639A783EB2DF8CE267E_PCD3D_SM5_8__BC5N_NOCCBN_NOIRIS_DEV_NOSL___9692D033D340C09E8D1C7DF2ACDCE07D6D4AA1BA.udd" 2388
"../../../../../../TPSDuel/DerivedDataCache/0/2/2/GSM_FA8C9A216A2C4639A783EB2DF8CE267E_PCD3D_SM5_8__BC5N_NOCCBN_NOIRIS_DEV_NOSL___FBBCF36AE7C5350D5212B2AD7C47ACEA0AD5DFE7.udd" 2389
"../../../../../../TPSDuel/DerivedDataCache/0/2/4/GSM_FA8C9A216A2C4639A783EB2DF8CE267E_PCD3D_SM5_8__BC5N_NOCCBN_NOIRIS_DEV_NOSL___98147833A07288818052A41E3A99CFCC920C71A7.udd" 2390
"../../../../../../TPSDuel/DerivedDataCache/1/5/9/GSM_FA8C9A216A2C4639A783EB2DF8CE267E_PCD3D_SM5_8__BC5N_NOCCBN_NOIRIS_DEV_NOSL___99EC05A96C2345EF0965F2FB5F5B9B89B9915EFE.udd" 2391
"../../../../../../TPSDuel/DerivedDataCache/7/0/2/GSM_FA8C9A216A2C4639A783EB2DF8CE267E_PCD3D_SM5_8__BC5N_NOCCBN_NOIRIS_DEV_NOSL___9C9E7BC114337273A6342CE5E8C1F6DA941128B3.udd" 2392
"../../../../../../TPSDuel/DerivedDataCache/7/2/8/GSM_FA8C9A216A2C4639A783EB2DF8CE267E_PCD3D_SM5_8__BC5N_NOCCBN_NOIRIS_DEV_NOSL___F5D4526F6C78852D91025D410ABEB66EBF1357F8.udd" 2393
"../../../../../../TPSDuel/DerivedDataCache/0/4/0/GSM_FA8C9A216A2C4639A783EB2DF8CE267E_PCD3D_SM5_8__BC5N_NOCCBN_NOIRIS_DEV_NOSL___7E05AFF2145752EEDCF4BFF6E2DDB9DE683E40C0.udd" 2394
"../../../../../../TPSDuel/DerivedDataCache/2/3/9/GSM_FA8C9A216A2C4639A783EB2DF8CE267E_PCD3D_SM5_8__BC5N_NOCCBN_NOIRIS_DEV_NOSL___5989D36162046B76D370F8E03FD63CAD3E3A399E.udd" 2395
"../../../../../../TPSDuel/DerivedDataCache/8/0/1/GSM_FA8C9A216A2C4639A783EB2DF8CE267E_PCD3D_SM5_8__BC5N_NOCCBN_NOIRIS_DEV_NOSL___894E921111347C0572BDF82AE60F95CEA335EA4F.udd" 2396
"../../../../../../TPSDuel/DerivedDataCache/0/2/7/GSM_FA8C9A216A2C4639A783EB2DF8CE267E_PCD3D_SM5_8__BC5N_NOCCBN_NOIRIS_DEV_NOSL___E5813FF4AB7CB4DE1301F9518991DD6013CF1410.udd" 2397
"../../../../../../TPSDuel/DerivedDataCache/4/4/1/GSM_FA8C9A216A2C4639A783EB2DF8CE267E_PCD3D_SM5_8__BC5N_NOCCBN_NOIRIS_DEV_NOSL___99EC445E6739DB94020CEEEA8DD9BE8C36AB36B5.udd" 2398
"../../../../../../TPSDuel/DerivedDataCache/2/9/2/GSM_FA8C9A216A2C4639A783EB2DF8CE267E_PCD3D_SM5_8__BC5N_NOCCBN_NOIRIS_DEV_NOSL___14A9CF788F33FF5FF90B7EA0BA8BAD5BE23490B3.udd" 2399
"../../../../../../TPSDuel/DerivedDataCache/5/7/2/GSM_FA8C9A216A2C4639A783EB2DF8CE267E_PCD3D_SM5_8__BC5N_NOCCBN_NOIRIS_DEV_NOSL___B6437ED415E4FB3FFDFC8CB8934AA3026A87C320.udd" 2400
"../../../../../../TPSDuel/DerivedDataCache/2/0/5/GSM_FA8C9A216A2C4639A783EB2DF8CE267E_PCD3D_SM5_8__BC5N_NOCCBN_NOIRIS_DEV_NOSL___D01C981DF21FA9CCB5FB031F1D91990059E02EF9.udd" 2401
"../../../../../../TPSDuel/DerivedDataCache/7/7/5/GSM_FA8C9A216A2C4639A783EB2DF8CE267E_PCD3D_SM5_8__BC5N_NOCCBN_NOIRIS_DEV_NOSL___830972FE6D8C9F643C5335B1D76D100889340396.udd" 2402
"../../../../../../TPSDuel/DerivedDataCache/2/9/3/GSM_FA8C9A216A2C4639A783EB2DF8CE267E_PCD3D_SM5_8__BC5N_NOCCBN_NOIRIS_DEV_NOSL___FF41C4B6F0BFFE3821603451D27036909D9C90CB.udd" 2403
"../../../../../../TPSDuel/DerivedDataCache/3/8/3/GSM_FA8C9A216A2C4639A783EB2DF8CE267E_PCD3D_SM5_8__BC5N_NOCCBN_NOIRIS_DEV_NOSL___16B04A72127969D80BA9B416EA6C1D9F58100E60.udd" 2404
"../../../../../../TPSDuel/DerivedDataCache/7/9/7/GSM_FA8C9A216A2C4639A783EB2DF8CE267E_PCD3D_SM5_8__BC5N_NOCCBN_NOIRIS_DEV_NOSL___0BAB8E008E5A0B1D5F4F339126561A8A61BC29BF.udd" 2405
"../../../../../../TPSDuel/DerivedDataCache/5/4/1/GSM_FA8C9A216A2C4639A783EB2DF8CE267E_PCD3D_SM5_8__BC5N_NOCCBN_NOIRIS_DEV_NOSL___614847A42D420CCBF19611F8197AAC11CA77C3F4.udd" 2406
"../../../../../../TPSDuel/DerivedDataCache/0/4/0/GSM_FA8C9A216A2C4639A783EB2DF8CE267E_PCD3D_SM5_8__BC5N_NOCCBN_NOIRIS_DEV_NOSL___51E794B9C38CA3B617F89CE7A9F354E863104335.udd" 2407
"../../../../../../TPSDuel/DerivedDataCache/1/8/3/GSM_FA8C9A216A2C4639A783EB2DF8CE267E_PCD3D_SM5_8__BC5N_NOCCBN_NOIRIS_DEV_NOSL___1E3658C48C6ED635211554D8FA14E6EE128F6796.udd" 2408
"../../../../../../TPSDuel/DerivedDataCache/4/2/0/GSM_FA8C9A216A2C4639A783EB2DF8CE267E_PCD3D_SM5_8__BC5N_NOCCBN_NOIRIS_DEV_NOSL___44994485F78E31DD25F8C3D73057B710BD5B826E.udd" 2409
"../../../../../../TPSDuel/DerivedDataCache/8/5/5/GSM_FA8C9A216A2C4639A783EB2DF8CE267E_PCD3D_SM5_8__BC5N_NOCCBN_NOIRIS_DEV_NOSL___A21F12287236C1FDDDBF916D3698D1DEE2BA5644.udd" 2410
"../../../../../../TPSDuel/DerivedDataCache/9/2/1/GSM_FA8C9A216A2C4639A783EB2DF8CE267E_PCD3D_SM5_8__BC5N_NOCCBN_NOIRIS_DEV_NOSL___48E008FBCB8D560A61B55BCBC56F65DED415A239.udd" 2411
"../../../../../../TPSDuel/DerivedDataCache/0/3/7/GSM_FA8C9A216A2C4639A783EB2DF8CE267E_PCD3D_SM5_8__BC5N_NOCCBN_NOIRIS_DEV_NOSL___864ED4F2FB341A4A411CE907E751F4106CF2F570.udd" 2412
"../../../../../../TPSDuel/DerivedDataCache/9/2/1/GSM_FA8C9A216A2C4639A783EB2DF8CE267E_PCD3D_SM5_8__BC5N_NOCCBN_NOIRIS_DEV_NOSL___04B67DDEE9CC53EB24559579CB79BAFDA2598B7D.udd" 2413
"../../../../../../TPSDuel/DerivedDataCache/8/4/1/GSM_FA8C9A216A2C4639A783EB2DF8CE267E_PCD3D_SM5_8__BC5N_NOCCBN_NOIRIS_DEV_NOSL___4C2B8CB8E32C39C3EF32197BBAE6F821E5A90BC5.udd" 2414
"../../../../../../TPSDuel/DerivedDataCache/7/2/2/GSM_FA8C9A216A2C4639A783EB2DF8CE267E_PCD3D_SM5_8__BC5N_NOCCBN_NOIRIS_DEV_NOSL___F6C950DCD2F270A10790C32488908B59A6FB2277.udd" 2415
"../../../../../../TPSDuel/DerivedDataCache/7/4/1/GSM_FA8C9A216A2C4639A783EB2DF8CE267E_PCD3D_SM5_8__BC5N_NOCCBN_NOIRIS_DEV_NOSL___566BA7F45AD16111FBE60E82B083BCEE3C2CD8A1.udd" 2416
"../../../../../../TPSDuel/DerivedDataCache/0/9/6/GSM_FA8C9A216A2C4639A783EB2DF8CE267E_PCD3D_SM5_8__BC5N_NOCCBN_NOIRIS_DEV_NOSL___EA0A726A47611DFB6B904242C6D617C5975E5D7C.udd" 2417
"../../../../../../TPSDuel/DerivedDataCache/1/0/2/GSM_FA8C9A216A2C4639A783EB2DF8CE267E_PCD3D_SM5_8__BC5N_NOCCBN_NOIRIS_DEV_NOSL___43D74E18D88A20D3DEBD0E31F87AD2208CC478EA.udd" 2418
"../../../../../../TPSDuel/DerivedDataCache/3/8/9/GSM_FA8C9A216A2C4639A783EB2DF8CE267E_PCD3D_SM5_8__BC5N_NOCCBN_NOIRIS_DEV_NOSL___1A9754FD31DD360D654BA0A92B92D93223D3FFDE.udd" 2419
"../../../../../../TPSDuel/DerivedDataCache/0/0/3/GSM_FA8C9A216A2C4639A783EB2DF8CE267E_PCD3D_SM5_8__BC5N_NOCCBN_NOIRIS_DEV_NOSL___ED7F87E649EB99164966D93839AC1E100714D04E.udd" 2420
"../../../../../../TPSDuel/DerivedDataCache/7/1/5/GSM_FA8C9A216A2C4639A783EB2DF8CE267E_PCD3D_SM5_8__BC5N_NOCCBN_NOIRIS_DEV_NOSL___95D0319925BA2504CD268AF7B48D6C5D3D061F2C.udd" 2421
"../../../../../../TPSDuel/DerivedDataCache/1/2/5/GSM_FA8C9A216A2C4639A783EB2DF8CE267E_PCD3D_SM5_8__BC5N_NOCCBN_NOIRIS_DEV_NOSL___7A7EA65E39348F18D080A83D077C303C0714B1B1.udd" 2422
"../../../../../../TPSDuel/DerivedDataCache/1/5/5/GSM_FA8C9A216A2C4639A783EB2DF8CE267E_PCD3D_SM5_8__BC5N_NOCCBN_NOIRIS_DEV_NOSL___3B649713E0305DAFBFA3AB7B81FCE7EBA7986544.udd" 2423
"../../../../../../TPSDuel/DerivedDataCache/3/0/1/GSM_FA8C9A216A2C4639A783EB2DF8CE267E_PCD3D_SM5_8__BC5N_NOCCBN_NOIRIS_DEV_NOSL___69F686BF568BB3A2322D328EE3596150144E5EC8.udd" 2424
"../../../../../../TPSDuel/DerivedDataCache/0/6/8/GSM_FA8C9A216A2C4639A783EB2DF8CE267E_PCD3D_SM5_8__BC5N_NOCCBN_NOIRIS_DEV_NOSL___5404179DCFE47EE837B9DBF081E36CAA5094822E.udd" 2425
"../../../../../../TPSDuel/DerivedDataCache/8/4/5/GSM_FA8C9A216A2C4639A783EB2DF8CE267E_PCD3D_SM5_8__BC5N_NOCCBN_NOIRIS_DEV_NOSL___083A8D93588751078E4A02BE6E9E7672F818922D.udd" 2426
"../../../../../../TPSDuel/DerivedDataCache/9/8/1/GSM_FA8C9A216A2C4639A783EB2DF8CE267E_PCD3D_SM5_8__BC5N_NOCCBN_NOIRIS_DEV_NOSL___5F536C6B47E6E6A54E1C6813C3886BDB86C52287.udd" 2427
"../../../../../../TPSDuel/DerivedDataCache/2/2/9/GSM_FA8C9A216A2C4639A783EB2DF8CE267E_PCD3D_SM5_8__BC5N_NOCCBN_NOIRIS_DEV_NOSL___796FE70AA82C9D0C04FD95639CD7D99F226EBF6C.udd" 2428
"../../../../../../TPSDuel/DerivedDataCache/0/2/7/GSM_FA8C9A216A2C4639A783EB2DF8CE267E_PCD3D_SM5_8__BC5N_NOCCBN_NOIRIS_DEV_NOSL___8136D4481C32BE2D0EC2A95065127C47C813C25B.udd" 2429
"../../../../../../TPSDuel/DerivedDataCache/7/8/6/GSM_FA8C9A216A2C4639A783EB2DF8CE267E_PCD3D_SM5_8__BC5N_NOCCBN_NOIRIS_DEV_NOSL___50212842A6C4E9F2BCD90D5E33F17CAE44140B7C.udd" 2430
"../../../../../../TPSDuel/DerivedDataCache/0/5/5/GSM_FA8C9A216A2C4639A783EB2DF8CE267E_PCD3D_SM5_8__BC5N_NOCCBN_NOIRIS_DEV_NOSL___F81D3ECDAC97E96DB49A9A5BAB693E9629B0A9D7.udd" 2431
"../../../../../../TPSDuel/DerivedDataCache/3/3/8/GSM_FA8C9A216A2C4639A783EB2DF8CE267E_PCD3D_SM5_8__BC5N_NOCCBN_NOIRIS_DEV_NOSL___B518ED84499DFF7318EE519C8480D41B946D53AC.udd" 2432
"../../../../../../TPSDuel/DerivedDataCache/6/1/3/GSM_FA8C9A216A2C4639A783EB2DF8CE267E_PCD3D_SM5_8__BC5N_NOCCBN_NOIRIS_DEV_NOSL___155761A4F78C1BF66CB9D343C7F41C6CBBAF83D2.udd" 2433
"../../../../../../TPSDuel/DerivedDataCache/6/9/8/GSM_FA8C9A216A2C4639A783EB2DF8CE267E_PCD3D_SM5_8__BC5N_NOCCBN_NOIRIS_DEV_NOSL___40258120D5DDDB98AA70B71B1180587E110A255D.udd" 2434
"../../../../../../TPSDuel/DerivedDataCache/1/1/6/GSM_FA8C9A216A2C4639A783EB2DF8CE267E_PCD3D_SM5_8__BC5N_NOCCBN_NOIRIS_DEV_NOSL___7AC2D2D6DA0A50F6948F69B87B9319BB6BDC83DB.udd" 2435
"../../../../../../TPSDuel/DerivedDataCache/9/6/7/GSM_FA8C9A216A2C4639A783EB2DF8CE267E_PCD3D_SM5_8__BC5N_NOCCBN_NOIRIS_DEV_NOSL___4F1B21FDB27A8BADAF43ED7D364A498F4FA034A8.udd" 2436
"../../../../../../TPSDuel/DerivedDataCache/5/8/1/GSM_FA8C9A216A2C4639A783EB2DF8CE267E_PCD3D_SM5_8__BC5N_NOCCBN_NOIRIS_DEV_NOSL___CAAA45C0C52B521055F20742DA3643C029A791B3.udd" 2437
"../../../../../../TPSDuel/DerivedDataCache/3/5/6/GSM_FA8C9A216A2C4639A783EB2DF8CE267E_PCD3D_SM5_8__BC5N_NOCCBN_NOIRIS_DEV_NOSL___2C3173387D4185ED941C9EEF095B09F7D7B5A5D8.udd" 2438
"../../../../../../TPSDuel/DerivedDataCache/4/4/9/GSM_FA8C9A216A2C4639A783EB2DF8CE267E_PCD3D_SM5_8__BC5N_NOCCBN_NOIRIS_DEV_NOSL___11F3B396F35148A63292E974C914858CFC499CB4.udd" 2439
"../../../../../../TPSDuel/DerivedDataCache/6/7/1/GSM_FA8C9A216A2C4639A783EB2DF8CE267E_PCD3D_SM5_8__BC5N_NOCCBN_NOIRIS_DEV_NOSL___DD96DF0B8EA1BCDF46AF7FEBEAD75ECB38FFA14F.udd" 2440
"../../../../../../TPSDuel/DerivedDataCache/1/7/4/GSM_FA8C9A216A2C4639A783EB2DF8CE267E_PCD3D_SM5_8__BC5N_NOCCBN_NOIRIS_DEV_NOSL___3BE29179CB05A51F2C2F36EC144FAF7F6BB3B3C9.udd" 2441
"../../../../../../TPSDuel/DerivedDataCache/3/9/3/GSM_FA8C9A216A2C4639A783EB2DF8CE267E_PCD3D_SM5_8__BC5N_NOCCBN_NOIRIS_DEV_NOSL___D055048F12957E3771D2AC4321EF3EC10316D942.udd" 2442
"../../../../../../TPSDuel/DerivedDataCache/6/7/0/GSM_FA8C9A216A2C4639A783EB2DF8CE267E_PCD3D_SM5_8__BC5N_NOCCBN_NOIRIS_DEV_NOSL___68ADBC1A64CFCF3C7DC628AC603E240BB920DEBC.udd" 2443
"../../../../../../TPSDuel/DerivedDataCache/4/9/5/GSM_FA8C9A216A2C4639A783EB2DF8CE267E_PCD3D_SM5_8__BC5N_NOCCBN_NOIRIS_DEV_NOSL___823F83B27C0B294D8FFB63BF0F537CBA0DDF5391.udd" 2444
"../../../../../../TPSDuel/DerivedDataCache/3/4/5/GSM_FA8C9A216A2C4639A783EB2DF8CE267E_PCD3D_SM5_8__BC5N_NOCCBN_NOIRIS_DEV_NOSL___2BAA7D0A31D8EE264C19436B3ACB203B1F71595E.udd" 2445
"../../../../../../TPSDuel/DerivedDataCache/3/4/3/GSM_FA8C9A216A2C4639A783EB2DF8CE267E_PCD3D_SM5_8__BC5N_NOCCBN_NOIRIS_DEV_NOSL___E5A9D949E04E2E44C8459A2FD42E3EFFBB3F4D84.udd" 2446
"../../../../../../TPSDuel/DerivedDataCache/5/6/9/GSM_FA8C9A216A2C4639A783EB2DF8CE267E_PCD3D_SM5_8__BC5N_NOCCBN_NOIRIS_DEV_NOSL___4FEF90CA8D5CEFF0BA3AF43D2DF1F84AF5FBEBFE.udd" 2447
"../../../../../../TPSDuel/DerivedDataCache/2/7/5/GSM_FA8C9A216A2C4639A783EB2DF8CE267E_PCD3D_SM5_8__BC5N_NOCCBN_NOIRIS_DEV_NOSL___C43D698EC0CE311CA4311EB822E28B62B915DA54.udd" 2448
"../../../../../../TPSDuel/DerivedDataCache/3/1/4/MATSM_0BA69734E4FD45E082FA4560DBE25454_PCD3D_SM5_8__BC5N_NOCCBN_NOIRIS_DEV_NOS__FD7C883C88A6C3DBCFDF65B3F236C4D51535F287.udd" 2449
"../../../../../../TPSDuel/DerivedDataCache/6/4/1/MATSM_0BA69734E4FD45E082FA4560DBE25454_PCD3D_SM5_8__BC5N_NOCCBN_NOIRIS_DEV_NOS__B9086BDF3223D0B12152732EB4E1454E5236CA63.udd" 2450
"../../../../../../TPSDuel/DerivedDataCache/9/8/7/MATSM_0BA69734E4FD45E082FA4560DBE25454_PCD3D_SM5_8__BC5N_NOCCBN_NOIRIS_DEV_NOS__456658D7AA3A1DF80C0861A40D78D5302C7D4C04.udd" 2451
"../../../../../../TPSDuel/DerivedDataCache/6/3/9/MATSM_0BA69734E4FD45E082FA4560DBE25454_PCD3D_SM5_8__BC5N_NOCCBN_NOIRIS_DEV_NOS__ABBFC32FB18163EF18AF70698C740261E187EEE8.udd" 2452
"../../../../../../TPSDuel/DerivedDataCache/8/7/5/MATSM_0BA69734E4FD45E082FA4560DBE25454_PCD3D_SM5_8__BC5N_NOCCBN_NOIRIS_DEV_NOS__B87091A00E9A9E76C093FF1EFC9FEC000E331005.udd" 2453
"../../../../../../TPSDuel/DerivedDataCache/7/4/1/MATSM_0BA69734E4FD45E082FA4560DBE25454_PCD3D_SM5_8__BC5N_NOCCBN_NOIRIS_DEV_NOS__76120D8A56397F299D9BC9ED9052DA4605A8BD07.udd" 2454
"../../../../../../TPSDuel/DerivedDataCache/3/1/7/MATSM_0BA69734E4FD45E082FA4560DBE25454_PCD3D_SM5_8__BC5N_NOCCBN_NOIRIS_DEV_NOS__0A5B2DFC6134CCDD105B78593794744C9A912302.udd" 2455
"../../../../../../TPSDuel/DerivedDataCache/4/6/1/MATSM_0BA69734E4FD45E082FA4560DBE25454_PCD3D_SM5_8__BC5N_NOCCBN_NOIRIS_DEV_NOS__D8A3A8B03AF43B90D5F87ADA7ED8C1BB4EC67816.udd" 2456
"../../../../../../TPSDuel/DerivedDataCache/5/9/0/MATSM_0BA69734E4FD45E082FA4560DBE25454_PCD3D_SM5_8__BC5N_NOCCBN_NOIRIS_DEV_NOS__93C103F20F8EB94B1784F47E2E4CD79244F4FBF0.udd" 2457
"../../../../../../TPSDuel/DerivedDataCache/2/6/7/MATSM_0BA69734E4FD45E082FA4560DBE25454_PCD3D_SM5_8__BC5N_NOCCBN_NOIRIS_DEV_NOS__028C866E37151D9F38EFF3EAFD8D56CB301AB469.udd" 2458
"../../../../../../TPSDuel/DerivedDataCache/0/7/1/MATSM_0BA69734E4FD45E082FA4560DBE25454_PCD3D_SM5_8__BC5N_NOCCBN_NOIRIS_DEV_NOS__D6E2ADC3904608AF62A4B885B457BC6E73BB1647.udd" 2459
"../../../../../../TPSDuel/DerivedDataCache/7/8/9/MATSM_0BA69734E4FD45E082FA4560DBE25454_PCD3D_SM5_8__BC5N_NOCCBN_NOIRIS_DEV_NOS__D29080BADD03E9A7079F7B674034D699BD8F55D0.udd" 2460
"../../../../../../TPSDuel/DerivedDataCache/7/5/2/MATSM_0BA69734E4FD45E082FA4560DBE25454_PCD3D_SM5_8__BC5N_NOCCBN_NOIRIS_DEV_NOS__F7F49C6500367550A80F52AAA8E9869228740C2F.udd" 2461
"../../../../../../TPSDuel/DerivedDataCache/9/8/1/MATSM_0BA69734E4FD45E082FA4560DBE25454_PCD3D_SM5_8__BC5N_NOCCBN_NOIRIS_DEV_NOS__4FA48B986AD7909080AA5828B2BF3E0C77BF808D.udd" 2462
"../../../../../../TPSDuel/DerivedDataCache/5/3/6/MATSM_0BA69734E4FD45E082FA4560DBE25454_PCD3D_SM5_8__BC5N_NOCCBN_NOIRIS_DEV_NOS__C5C8B4B9D1FD242C13E4DF939D6B625B583BA5CF.udd" 2463
"../../../../../../TPSDuel/DerivedDataCache/8/8/7/MATSM_0BA69734E4FD45E082FA4560DBE25454_PCD3D_SM5_8__BC5N_NOCCBN_NOIRIS_DEV_NOS__9BED473BEE5316E87CDFB00BE1789C451718358D.udd" 2464
"../../../../../../TPSDuel/DerivedDataCache/6/1/6/MATSM_0BA69734E4FD45E082FA4560DBE25454_PCD3D_SM5_8__BC5N_NOCCBN_NOIRIS_DEV_NOS__E852A084CFE828D730E78540B3C469B76B2472E0.udd" 2465
"../../../../../../TPSDuel/DerivedDataCache/8/6/8/MATSM_0BA69734E4FD45E082FA4560DBE25454_PCD3D_SM5_8__BC5N_NOCCBN_NOIRIS_DEV_NOS__78A82BA55935AFA40C6018395D7BDE731852A5EE.udd" 2466
"../../../../../../TPSDuel/DerivedDataCache/2/7/6/MATSM_0BA69734E4FD45E082FA4560DBE25454_PCD3D_SM5_8__BC5N_NOCCBN_NOIRIS_DEV_NOS__731A40E5B912BD572F638A65D2CFF58D6E5C6F1C.udd" 2467
"../../../../../../TPSDuel/DerivedDataCache/3/7/8/MATSM_0BA69734E4FD45E082FA4560DBE25454_PCD3D_SM5_8__BC5N_NOCCBN_NOIRIS_DEV_NOS__57457115C4BB61E0A505741EFBE643AF4C02F87C.udd" 2468
"../../../../../../TPSDuel/DerivedDataCache/7/4/1/MATSM_0BA69734E4FD45E082FA4560DBE25454_PCD3D_SM5_8__BC5N_NOCCBN_NOIRIS_DEV_NOS__EEB7F103C42151448892E9A41084354069773E4A.udd" 2469
"../../../../../../TPSDuel/DerivedDataCache/8/4/3/MATSM_0BA69734E4FD45E082FA4560DBE25454_PCD3D_SM5_8__BC5N_NOCCBN_NOIRIS_DEV_NOS__7744BE802C817CACBF87D75794794108EF11366F.udd" 2470
"../../../../../../TPSDuel/DerivedDataCache/1/4/3/MATSM_0BA69734E4FD45E082FA4560DBE25454_PCD3D_SM5_8__BC5N_NOCCBN_NOIRIS_DEV_NOS__7664D2A309305A96B61BF44D23B6334C32645087.udd" 2471
"../../../../../../TPSDuel/DerivedDataCache/7/0/6/MATSM_0BA69734E4FD45E082FA4560DBE25454_PCD3D_SM5_8__BC5N_NOCCBN_NOIRIS_DEV_NOS__43DA4E295241D7E32B918E31D48B017CBADAFA1E.udd" 2472
"../../../../../../TPSDuel/DerivedDataCache/5/3/9/MATSM_0BA69734E4FD45E082FA4560DBE25454_PCD3D_SM5_8__BC5N_NOCCBN_NOIRIS_DEV_NOS__DA82C69F5F64E3D73EE1B0B26D0DA340F52F0DCA.udd" 2473
"../../../../../../TPSDuel/DerivedDataCache/2/9/8/MATSM_0BA69734E4FD45E082FA4560DBE25454_PCD3D_SM5_8__BC5N_NOCCBN_NOIRIS_DEV_NOS__20037E8D5BC9A8D432D84DBF748CAF03E4A240AB.udd" 2474
"../../../../../../TPSDuel/DerivedDataCache/8/3/5/MATSM_0BA69734E4FD45E082FA4560DBE25454_PCD3D_SM5_8__BC5N_NOCCBN_NOIRIS_DEV_NOS__BEDFD549A9A847D57AF79252FBFBF8754BE690BB.udd" 2475
"../../../Engine/Content/EngineMaterials/DefaultCalibrationGrayscale.uasset" 2476
"../../../Engine/Content/EngineMaterials/PPM_DefaultCalibrationGrayscale.uasset" 2477
"../../../Engine/Content/EngineMaterials/PPM_DefaultCalibrationColor.uasset" 2478
"../../../Engine/Content/EngineMaterials/DefaultCalibrationColor.uasset" 2479
"../../../Engine/Content/EditorMaterials/PreviewShadowIndicator.uasset" 2480
"../../../Engine/Content/EditorMaterials/PreviewShadowIndicatorMaterial.uasset" 2481
"../../../Engine/Content/EngineDebugMaterials/DebugEditorMaterial.uasset" 2482
"../../../Engine/Content/EditorResources/BSPVertex.uasset" 2483
"../../../Engine/Content/EngineSounds/Submixes/MasterReverbEffectPreset.uasset" 2484
"../../../Engine/Content/EngineSounds/Submixes/MasterEQSubmixDefault.uasset" 2485
"../../../Engine/Content/EngineSounds/Submixes/MasterReverbSubmixDefault.uasset" 2486
"../../../Engine/Content/EngineSounds/Submixes/MasterEQEffectPreset.uasset" 2487
"../../../Engine/Content/EngineSounds/Submixes/MasterSubmixDefault.uasset" 2488
"../../../Engine/Content/EngineSounds/Master.uasset" 2489
"../../../Engine/Content/MobileResources/HUD/VirtualJoystick_Thumb.uasset" 2490
"../../../Engine/Content/MobileResources/HUD/VirtualJoystick_Background.uasset" 2491
"../../../../../../TPSDuel/DerivedDataCache/6/2/1/MATSM_0BA69734E4FD45E082FA4560DBE25454_PCD3D_SM5_8__BC5N_NOCCBN_NOIRIS_DEV_NOS__5FE4335D9F447D79EA6AB08710781D5B72552D8C.udd" 2492
"../../../Engine/Content/MobileResources/HUD/T_Castle_ThumbstickOutter.uasset" 2493
"../../../../../../TPSDuel/DerivedDataCache/9/6/7/MATSM_0BA69734E4FD45E082FA4560DBE25454_PCD3D_SM5_8__BC5N_NOCCBN_NOIRIS_DEV_NOS__0AFF90C15B8943B122D5AB41AD61C199968C56B3.udd" 2494
"../../../Engine/Content/MobileResources/HUD/T_Castle_ThumbstickInner.uasset" 2495
"../../../Engine/Content/MobileResources/HUD/MobileHUDDirectionStick.uasset" 2496
"../../../../../../TPSDuel/DerivedDataCache/6/8/1/MATSM_0BA69734E4FD45E082FA4560DBE25454_PCD3D_SM5_8__BC5N_NOCCBN_NOIRIS_DEV_NOS__83E6659FCF20FDE1F366AA5FF85168A532CAE988.udd" 2497
"../../../Engine/Content/MobileResources/HUD/MobileHUDDirectionPad3.uasset" 2498
"../../../../../../TPSDuel/DerivedDataCache/3/3/9/MATSM_0BA69734E4FD45E082FA4560DBE25454_PCD3D_SM5_8__BC5N_NOCCBN_NOIRIS_DEV_NOS__9F0597A008A1BE49615245BDCD98B8ADFBC811D7.udd" 2499
"../../../Engine/Content/MobileResources/HUD/MobileHUDDirectionPad2.uasset" 2500
"../../../Engine/Content/MobileResources/HUD/MobileHUDDirectionPad.uasset" 2501
"../../../Engine/Content/MobileResources/HUD/MobileHUDButtonFire.uasset" 2502
"../../../Engine/Content/MobileResources/HUD/MobileHUDButton3.uasset" 2503
"../../../Engine/Content/MobileResources/HUD/MobileHUDButton2_on.uasset" 2504
"../../../Engine/Content/MobileResources/HUD/MobileHUDButton2_off.uasset" 2505
"../../../Engine/Content/MobileResources/HUD/MobileHUDButton1_on.uasset" 2506
"../../../Engine/Content/MobileResources/HUD/MobileHUDButton1_off.uasset" 2507
"../../../Engine/Content/MobileResources/HUD/LeftVirtualJoystickOnly.uasset" 2508
"../../../Engine/Content/MobileResources/HUD/DefaultVirtualJoysticks.uasset" 2509
"../../../Engine/Content/MobileResources/HUD/AnalogHat.uasset" 2510
"../../../Engine/Content/MobileResources/T_MobileMenu2.uasset" 2511
"../../../Engine/Content/MobileResources/T_MobileControls_texture.uasset" 2512
"D:/TPSDuel/Content/Audio/S_Fire.uasset" 2513
"D:/TPSDuel/Content/Materials/M_DuelColor.uasset" 2514
"D:/TPSDuel/Content/Maps/L_Arena.umap" 2515
"D:/TPSDuel/Content/Maps/L_Menu.umap" 2516
"../../../../../../TPSDuel/DerivedDataCache/4/5/8/AUDIO_0005_0000_OGG10000$2D1$2D1$2D1$2D1$2D1_0004_7A81C25348B514294C3D90829CE04426.udd" 2517
"../../../../../../TPSDuel/Content/Maps/L_Arena.umap" 2518
"../../../../../../TPSDuel/Content/Maps/L_Menu.umap" 2519
"../../../../../../TPSDuel/DerivedDataCache/1/7/2/MATSM_0BA69734E4FD45E082FA4560DBE25454_PCD3D_SM5_8__BC5N_NOCCBN_NOIRIS_DEV_NOS__80A928CD5DA1C36290F7BED8939E76DB874FCF4C.udd" 2520
"../../../../../../TPSDuel/DerivedDataCache/9/1/7/STREAMEDAUDIO_BC6E92FBBD314E3B9B9EC6778749EB5E_OGG10000$2D1$2D1$2D1$2D1$2D1_4_7A81C25348B514294C3D90829CE04426.udd" 2521
