"../../../Engine/Config/Android/DataDrivenPlatformInfo.ini" 1
"../../../Engine/Config/HoloLens/DataDrivenPlatformInfo.ini" 2
"../../../Engine/Config/IOS/DataDrivenPlatformInfo.ini" 3
"../../../Engine/Config/Base.ini" 4
"../../../Engine/Config/BaseEngine.ini" 5
"../../../Engine/Config/IOS/BaseIOSEngine.ini" 6
"../../../../../../TPSDuel/Config/DefaultEngine.ini" 7
"../../../Engine/Config/IOS/IOSEngine.ini" 8
"../../../Engine/Config/Linux/DataDrivenPlatformInfo.ini" 9
"../../../Engine/Config/LinuxAArch64/DataDrivenPlatformInfo.ini" 10
"../../../Engine/Config/Lumin/DataDrivenPlatformInfo.ini" 11
"../../../Engine/Config/Mac/DataDrivenPlatformInfo.ini" 12
"../../../Engine/Config/TVOS/DataDrivenPlatformInfo.ini" 13
"../../../Engine/Config/Windows/DataDrivenPlatformInfo.ini" 14
"D:/TPSDuel/TPSDuel.uproject" 15
"../../../../../../TPSDuel/Binaries/Win64/UE4Editor.modules" 16
"../../../Engine/Plugins/BlueprintFileUtils/BlueprintFileUtils.uplugin" 17
"../../../Engine/Plugins/ScriptPlugin/ScriptPlugin.uplugin" 18
"../../../Engine/Plugins/XGEController/XGEController.uplugin" 19
"../../../Engine/Plugins/2D/Paper2D/Paper2D.uplugin" 20
"../../../Engine/Plugins/AI/HTNPlanner/HTNPlanner.uplugin" 21
"../../../Engine/Plugins/AI/EnvironmentQueryEditor/EnvironmentQueryEditor.uplugin" 22
"../../../Engine/Plugins/MeshPainting/MeshPainting.uplugin" 23
"../../../Engine/Plugins/Compositing/Composure/Composure.uplugin" 24
"../../../Engine/Plugins/Animation/RigLogic/RigLogic.uplugin" 25
"../../../Engine/Plugins/AI/AISupport/AISupport.uplugin" 26
"../../../Engine/Plugins/Animation/LiveLink/LiveLink.uplugin" 27
"../../../Engine/Plugins/Compression/OodleData/OodleData.uplugin" 28
"../../../Engine/Plugins/Cameras/CameraShakePreviewer/CameraShakePreviewer.uplugin" 29
"../../../Engine/Plugins/Compositing/LensDistortion/LensDistortion.uplugin" 30
"../../../Engine/Plugins/Blendables/LightPropagationVolume/LightPropagationVolume.uplugin" 31
"../../../Engine/Plugins/Cameras/GameplayCameras/GameplayCameras.uplugin" 32
"../../../Engine/Plugins/AI/UE4ML/UE4ML.uplugin" 33
"../../../Engine/Plugins/Compression/OodleNetwork/OodleNetwork.uplugin" 34
"../../../Engine/Plugins/Developer/AnimationSharing/AnimationSharing.uplugin" 35
"../../../Engine/Plugins/Developer/BlankPlugin/BlankPlugin.uplugin" 36
"../../../Engine/Plugins/Developer/NullSourceCodeAccess/NullSourceCodeAccess.uplugin" 37
"../../../Engine/Plugins/Developer/CLionSourceCodeAccess/CLionSourceCodeAccess.uplugin" 38
"../../../Engine/Plugins/Compositing/OpenCVLensDistortion/OpenCVLensDistortion.uplugin" 39
"../../../Engine/Plugins/Developer/CodeLiteSourceCodeAccess/CodeLiteSourceCodeAccess.uplugin" 40
"../../../Engine/Plugins/Developer/GitSourceControl/GitSourceControl.uplugin" 41
"../../../Engine/Plugins/Developer/PropertyAccessNode/PropertyAccessNode.uplugin" 42
"../../../Engine/Plugins/Developer/PixWinPlugin/PixWinPlugin.uplugin" 43
"../../../Engine/Plugins/Developer/PluginUtils/PluginUtils.uplugin" 44
"../../../Engine/Plugins/Developer/KDevelopSourceCodeAccess/KDevelopSourceCodeAccess.uplugin" 45
"../../../Engine/Plugins/Compositing/OpenColorIO/OpenColorIO.uplugin" 46
"../../../Engine/Plugins/Animation/LiveLinkCurveDebugUI/LiveLinkCurveDebugUI.uplugin" 47
"../../../Engine/Plugins/Animation/GameplayInsights/GameplayInsights.uplugin" 48
"../../../Engine/Plugins/Editor/AssetSearch/AssetSearch.uplugin" 49
"../../../Engine/Plugins/Developer/RiderSourceCodeAccess/RiderSourceCodeAccess.uplugin" 50
"../../../Engine/Plugins/Developer/TraceDataFiltering/TraceDataFilters.uplugin" 51
"../../../Engine/Plugins/Editor/BlueprintMaterialTextureNodes/BlueprintMaterialTextureNodes.uplugin" 52
"../../../Engine/Plugins/Developer/PerforceSourceControl/PerforceSourceControl.uplugin" 53
"../../../Engine/Plugins/Developer/OneSkyLocalizationService/OneSkyLocalizationService.uplugin" 54
"../../../Engine/Plugins/Developer/TextureFormatOodle/TextureFormatOodle.uplugin" 55
"../../../Engine/Plugins/Developer/SubversionSourceControl/SubversionSourceControl.uplugin" 56
"../../../Engine/Plugins/Developer/VisualStudioCodeSourceCodeAccess/VisualStudioCodeSourceCodeAccess.uplugin" 57
"../../../Engine/Plugins/Editor/CryptoKeys/CryptoKeys.uplugin" 58
"../../../Engine/Plugins/Developer/UObjectPlugin/UObjectPlugin.uplugin" 59
"../../../Engine/Plugins/Editor/AssetManagerEditor/AssetManagerEditor.uplugin" 60
"../../../Engine/Plugins/Developer/VisualStudioSourceCodeAccess/VisualStudioSourceCodeAccess.uplugin" 61
"../../../Engine/Plugins/Developer/RenderDocPlugin/RenderDocPlugin.uplugin" 62
"../../../Engine/Plugins/Developer/TraceSourceFiltering/TraceSourceFilters.uplugin" 63
"../../../Engine/Plugins/Developer/XCodeSourceCodeAccess/XCodeSourceCodeAccess.uplugin" 64
"../../../Engine/Plugins/Developer/PlasticSourceControl/PlasticSourceControl.uplugin" 65
"../../../Engine/Plugins/Enterprise/DataprepEditor/DataprepEditor.uplugin" 66
"../../../Engine/Plugins/Enterprise/DatasmithC4DImporter/DatasmithC4DImporter.uplugin" 67
"../../../Engine/Plugins/Editor/FacialAnimation/FacialAnimation.uplugin" 68
"../../../Engine/Plugins/Editor/EditorScriptingUtilities/EditorScriptingUtilities.uplugin" 69
"../../../Engine/Plugins/Enterprise/AxFImporter/AxFImporter.uplugin" 70
"../../../Engine/Plugins/FX/Niagara/Niagara.uplugin" 71
"../../../Engine/Plugins/Enterprise/DatasmithCADImporter/DatasmithCADImporter.uplugin" 72
"../../../Engine/Plugins/FX/NiagaraExtras/NiagaraExtras.uplugin" 73
"../../../Engine/Plugins/Editor/GLTFImporter/GLTFImporter.uplugin" 74
"../../../Engine/Plugins/Editor/MaterialAnalyzer/MaterialAnalyzer.uplugin" 75
"../../../Engine/Plugins/Enterprise/DatasmithContent/DatasmithContent.uplugin" 76
"../../../Engine/Plugins/Editor/MobileLauncherProfileWizard/MobileLauncherProfileWizard.uplugin" 77
"../../../Engine/Plugins/Editor/PluginBrowser/PluginBrowser.uplugin" 78
"../../../Engine/Plugins/Enterprise/DatasmithFBXImporter/DatasmithFBXImporter.uplugin" 79
"../../../Engine/Plugins/FX/CascadeToNiagaraConverter/CascadeToNiagaraConverter.uplugin" 80
"../../../Engine/Plugins/Editor/DataValidation/DataValidation.uplugin" 81
"../../../Engine/Plugins/Editor/GeometryMode/GeometryMode.uplugin" 82
"../../../Engine/Plugins/Editor/StylusInput/StylusInput.uplugin" 83
"../../../Engine/Plugins/Importers/AlembicHairImporter/AlembicHairImporter.uplugin" 84
"../../../Engine/Plugins/Importers/USDMultiUser/USDMultiUser.uplugin" 85
"../../../Engine/Plugins/Enterprise/DatasmithIFCImporter/DatasmithIFCImporter.uplugin" 86
"../../../Engine/Plugins/Editor/MeshEditor/MeshEditor.uplugin" 87
"../../../Engine/Plugins/Editor/SpeedTreeImporter/SpeedTreeImporter.uplugin" 88
"../../../Engine/Plugins/Enterprise/DatasmithImporter/DatasmithImporter.uplugin" 89
"../../../Engine/Plugins/Enterprise/LidarPointCloud/LidarPointCloud.uplugin" 90
"../../../Engine/Plugins/Lumin/MagicLeap/MagicLeap.uplugin" 91
"../../../Engine/Plugins/Importers/USDImporter/USDImporter.uplugin" 92
"../../../Engine/Plugins/Enterprise/VariantManagerContent/VariantManagerContent.uplugin" 93
"../../../Engine/Plugins/Editor/GameplayTagsEditor/GameplayTagsEditor.uplugin" 94
"../../../Engine/Plugins/Enterprise/StaticMeshEditorExtension/StaticMeshEditorExtension.uplugin" 95
"../../../Engine/Plugins/Lumin/MagicLeapBLE/MagicLeapBLE.uplugin" 96
"../../../Engine/Plugins/Editor/MacGraphicsSwitching/MacGraphicsSwitching.uplugin" 97
"../../../Engine/Plugins/Enterprise/MDLImporter/MDLImporter.uplugin" 98
"../../../Engine/Plugins/Media/AjaMedia/AjaMedia.uplugin" 99
"../../../Engine/Plugins/Media/AndroidCamera/AndroidCamera.uplugin" 100
"../../../Engine/Plugins/Enterprise/DatasmithGLTFImporter/DatasmithGLTFImporter.uplugin" 101
"../../../Engine/Plugins/Lumin/MagicLeapConnections/MagicLeapConnections.uplugin" 102
"../../../Engine/Plugins/Lumin/MagicLeapCamera/MagicLeapCamera.uplugin" 103
"../../../Engine/Plugins/Enterprise/VariantManager/VariantManager.uplugin" 104
"../../../Engine/Plugins/Lumin/MagicLeapDispatch/MagicLeapDispatch.uplugin" 105
"../../../Engine/Plugins/Lumin/MagicLeapLightEstimation/MagicLeapLightEstimation.uplugin" 106
"../../../Engine/Plugins/Media/AndroidMedia/AndroidMedia.uplugin" 107
"../../../Engine/Plugins/Lumin/MagicLeapContacts/MagicLeapContacts.uplugin" 108
"../../../Engine/Plugins/Lumin/LuminPlatformFeatures/LuminPlatformFeatures.uplugin" 109
"../../../Engine/Plugins/Editor/CurveEditorTools/CurveEditorTools.uplugin" 110
"../../../Engine/Plugins/Lumin/MagicLeapMovement/MagicLeapMovement.uplugin" 111
"../../../Engine/Plugins/Lumin/MagicLeapMusicService/MagicLeapMusicService.uplugin" 112
"../../../Engine/Plugins/Lumin/MagicLeapPassableWorld/MagicLeapPassableWorld.uplugin" 113
"../../../Engine/Plugins/Media/AppleProResMedia/AppleProResMedia.uplugin" 114
"../../../Engine/Plugins/Lumin/MagicLeapLocation/MagicLeapLocation.uplugin" 115
"../../../Engine/Plugins/Lumin/MagicLeapMedia/MagicLeapMedia.uplugin" 116
"../../../Engine/Plugins/Media/AudioCaptureTimecodeProvider/AudioCaptureTimecodeProvider.uplugin" 117
"../../../Engine/Plugins/Media/BlackmagicMedia/BlackmagicMedia.uplugin" 118
"../../../Engine/Plugins/Lumin/MagicLeapTablet/MagicLeapTablet.uplugin" 119
"../../../Engine/Plugins/Lumin/MagicLeapSharedFile/MagicLeapSharedFile.uplugin" 120
"../../../Engine/Plugins/Media/ElectraUtil/ElectraUtil.uplugin" 121
"../../../Engine/Plugins/Media/AvfMedia/AvfMedia.uplugin" 122
"../../../Engine/Plugins/Media/AvidDNxMedia/AvidDNxMedia.uplugin" 123
"../../../Engine/Plugins/Media/BinkMedia/BinkMedia.uplugin" 124
"../../../Engine/Plugins/Media/HardwareEncoders/HardwareEncoders.uplugin" 125
"../../../Engine/Plugins/Media/HLMedia/HLMedia.uplugin" 126
"../../../Engine/Plugins/Media/ElectraCDM/ElectraCDM.uplugin" 127
"../../../Engine/Plugins/Media/LinearTimecode/LinearTimecode.uplugin" 128
"../../../Engine/Plugins/Media/ElectraPlayer/ElectraPlayer.uplugin" 129
"../../../Engine/Plugins/Lumin/MLSDK/MLSDK.uplugin" 130
"../../../Engine/Plugins/Media/HAPMedia/HAPMedia.uplugin" 131
"../../../Engine/Plugins/Lumin/MagicLeapNetworking/MagicLeapNetworking.uplugin" 132
"../../../Engine/Plugins/MovieScene/ActorSequence/ActorSequence.uplugin" 133
"../../../Engine/Plugins/Media/MediaCompositing/MediaCompositing.uplugin" 134
"../../../Engine/Plugins/Media/MediaFrameworkUtilities/MediaFrameworkUtilities.uplugin" 135
"../../../Engine/Plugins/Media/MediaIOFramework/MediaIOFramework.uplugin" 136
"../../../Engine/Plugins/Messaging/MessagingDebugger/MessagingDebugger.uplugin" 137
"../../../Engine/Plugins/Messaging/TcpMessaging/TcpMessaging.uplugin" 138
"../../../Engine/Plugins/Media/PixelStreaming/PixelStreaming.uplugin" 139
"../../../Engine/Plugins/Media/TimecodeSynchronizer/TimecodeSynchronizer.uplugin" 140
"../../../Engine/Plugins/Media/MediaMovieStreamer/MediaMovieStreamer.uplugin" 141
"../../../Engine/Plugins/MovieScene/CustomizableSequencerTracks/CustomizableSequencerTracks.uplugin" 142
"../../../Engine/Plugins/Media/WmfMedia/WmfMedia.uplugin" 143
"../../../Engine/Plugins/Media/WebMMedia/WebMMedia.uplugin" 144
"../../../Engine/Plugins/Media/ImgMedia/ImgMedia.uplugin" 145
"../../../Engine/Plugins/NetcodeUnitTest/NetcodeUnitTest/NetcodeUnitTest.uplugin" 146
"../../../Engine/Plugins/NetcodeUnitTest/NUTUnrealEngine4/NUTUnrealEngine4.uplugin" 147
"../../../Engine/Plugins/Media/MfMedia/MfMedia.uplugin" 148
"../../../Engine/Plugins/MovieScene/ReplayTracks/ReplayTracks.uplugin" 149
"../../../Engine/Plugins/Media/MediaPlayerEditor/MediaPlayerEditor.uplugin" 150
"../../../Engine/Plugins/Messaging/UdpMessaging/UdpMessaging.uplugin" 151
"../../../Engine/Plugins/MovieScene/MatineeToLevelSequence/MatineeToLevelSequence.uplugin" 152
"../../../Engine/Plugins/Online/OnlineFramework/OnlineFramework.uplugin" 153
"../../../Engine/Plugins/MovieScene/MovieRenderPipeline/MovieRenderPipeline.uplugin" 154
"../../../Engine/Plugins/Online/OnlineSubsystemApple/OnlineSubsystemApple.uplugin" 155
"../../../Engine/Plugins/MovieScene/LevelSequenceEditor/LevelSequenceEditor.uplugin" 156
"../../../Engine/Plugins/MovieScene/SequencerScripting/SequencerScripting.uplugin" 157
"../../../Engine/Plugins/Performance/PerformanceMonitor/PerformanceMonitor.uplugin" 158
"../../../Engine/Plugins/Portal/LauncherChunkInstaller/LauncherChunkInstaller.uplugin" 159
"../../../Engine/Plugins/MovieScene/MoviePipelineMaskRenderPass/MoviePipelineMaskRenderPass.uplugin" 160
"../../../Engine/Plugins/Online/OnlineSubsystemFacebook/OnlineSubsystemFacebook.uplugin" 161
"../../../Engine/Plugins/Online/OnlineSubsystemGoogle/OnlineSubsystemGoogle.uplugin" 162
"../../../Engine/Plugins/Online/OnlineSubsystemEOS/OnlineSubsystemEOS.uplugin" 163
"../../../Engine/Plugins/Online/OnlineSubsystemNull/OnlineSubsystemNull.uplugin" 164
"../../../Engine/Plugins/Online/OnlineSubsystemOculus/OnlineSubsystemOculus.uplugin" 165
"../../../Engine/Plugins/Online/EOSShared/EOSShared.uplugin" 166
"../../../Engine/Plugins/Online/OnlineSubsystemAmazon/OnlineSubsystemAmazon.uplugin" 167
"../../../Engine/Plugins/Online/OnlineSubsystemUtils/OnlineSubsystemUtils.uplugin" 168
"../../../Engine/Plugins/MovieScene/TemplateSequence/TemplateSequence.uplugin" 169
"../../../Engine/Plugins/Online/OnlineSubsystemSteam/OnlineSubsystemSteam.uplugin" 170
"../../../Engine/Plugins/Runtime/AndroidMoviePlayer/AndroidMoviePlayer.uplugin" 171
"../../../Engine/Plugins/Online/OnlineSubsystemTencent/OnlineSubsystemTencent.uplugin" 172
"../../../Engine/Plugins/Online/OnlineSubsystemTwitch/OnlineSubsystemTwitch.uplugin" 173
"../../../Engine/Plugins/Runtime/AnimDistanceMatching/AnimDistanceMatching.uplugin" 174
"../../../Engine/Plugins/Runtime/AppleImageUtils/AppleImageUtils.uplugin" 175
"../../../Engine/Plugins/Runtime/AndroidDeviceProfileSelector/AndroidDeviceProfileSelector.uplugin" 176
"../../../Engine/Plugins/Runtime/ActorLayerUtilities/ActorLayerUtilities.uplugin" 177
"../../../Engine/Plugins/Runtime/ArchVisCharacter/ArchVisCharacter.uplugin" 178
"../../../Engine/Plugins/Runtime/ApexDestruction/ApexDestruction.uplugin" 179
"../../../Engine/Plugins/Runtime/AssetTags/AssetTags.uplugin" 180
"../../../Engine/Plugins/Online/WebAuth/WebAuth.uplugin" 181
"../../../Engine/Plugins/Runtime/AnimationBudgetAllocator/AnimationBudgetAllocator.uplugin" 182
"../../../Engine/Plugins/Runtime/ChunkDownloader/ChunkDownloader.uplugin" 183
"../../../Engine/Plugins/Runtime/AndroidPermission/AndroidPermission.uplugin" 184
"../../../Engine/Plugins/Runtime/AudioModulation/AudioModulation.uplugin" 185
"../../../Engine/Plugins/Runtime/CustomMeshComponent/CustomMeshComponent.uplugin" 186
"../../../Engine/Plugins/Runtime/EditableMesh/EditableMesh.uplugin" 187
"../../../Engine/Plugins/Runtime/DataRegistry/DataRegistry.uplugin" 188
"../../../Engine/Plugins/Runtime/CableComponent/CableComponent.uplugin" 189
"../../../Engine/Plugins/Runtime/ExampleDeviceProfileSelector/ExampleDeviceProfileSelector.uplugin" 190
"../../../Engine/Plugins/Runtime/GeoReferencing/GeoReferencing.uplugin" 191
"../../../Engine/Plugins/Online/OnlineSubsystem/OnlineSubsystem.uplugin" 192
"../../../Engine/Plugins/Runtime/Firebase/Firebase.uplugin" 193
"../../../Engine/Plugins/Runtime/GoogleCloudMessaging/GoogleCloudMessaging.uplugin" 194
"../../../Engine/Plugins/Runtime/GameplayAbilities/GameplayAbilities.uplugin" 195
"../../../Engine/Plugins/Runtime/HPMotionController/HPMotionController.uplugin" 196
"../../../Engine/Plugins/Runtime/AudioCapture/AudioCapture.uplugin" 197
"../../../Engine/Plugins/Runtime/HTTPChunkInstaller/HTTPChunkInstaller.uplugin" 198
"../../../Engine/Plugins/Runtime/IOSReplayKit/IOSReplayKit.uplugin" 199
"../../../Engine/Plugins/Runtime/HairStrands/HairStrands.uplugin" 200
"../../../Engine/Plugins/Runtime/HDRIBackdrop/HDRIBackdrop.uplugin" 201
"../../../Engine/Plugins/Runtime/LocationServicesAndroidImpl/LocationServicesAndroidImpl.uplugin" 202
"../../../Engine/Plugins/Runtime/LocationServicesBPLibrary/LocationServicesBPLibrary.uplugin" 203
"../../../Engine/Plugins/Runtime/GooglePAD/GooglePAD.uplugin" 204
"../../../Engine/Plugins/Runtime/IOSDeviceProfileSelector/IOSDeviceProfileSelector.uplugin" 205
"../../../Engine/Plugins/Runtime/MixedRealityCaptureFramework/MixedRealityCaptureFramework.uplugin" 206
"../../../Engine/Plugins/Runtime/LinuxDeviceProfileSelector/LinuxDeviceProfileSelector.uplugin" 207
"../../../Engine/Plugins/Runtime/MobilePatchingUtils/MobilePatchingUtils.uplugin" 208
"../../../Engine/Plugins/Runtime/AppleMoviePlayer/AppleMoviePlayer.uplugin" 209
"../../../Engine/Plugins/Runtime/NetworkPredictionExtras/NetworkPredictionExtras.uplugin" 210
"../../../Engine/Plugins/Runtime/AudioSynesthesia/AudioSynesthesia.uplugin" 211
"../../../Engine/Plugins/Runtime/MicrosoftSpatialAudio/MicroSoftSpatialSound.uplugin" 212
"../../../Engine/Plugins/Runtime/OpenXRHandTracking/OpenXRHandTracking.uplugin" 213
"../../../Engine/Plugins/Runtime/MIDIDevice/MIDIDevice.uplugin" 214
"../../../Engine/Plugins/Runtime/nDisplay/nDisplay.uplugin" 215
"../../../Engine/Plugins/Runtime/NetworkPrediction/NetworkPrediction.uplugin" 216
"../../../Engine/Plugins/Runtime/LocationServicesIOSImpl/LocationServicesIOSImpl.uplugin" 217
"../../../Engine/Plugins/Runtime/OptionalMobileFeaturesBPLibrary/OptionalMobileFeaturesBPLibrary.uplugin" 218
"../../../Engine/Plugins/Runtime/OpenXR/OpenXR.uplugin" 219
"../../../Engine/Plugins/Runtime/PreLoadScreenMoviePlayer/PreLoadScreenMoviePlayer.uplugin" 220
"../../../Engine/Plugins/Runtime/ProceduralMeshComponent/ProceduralMeshComponent.uplugin" 221
"../../../Engine/Plugins/Runtime/OpenXRMsftHandInteraction/OpenXRMsftHandInteraction.uplugin" 222
"../../../Engine/Plugins/Runtime/OSC/OSC.uplugin" 223
"../../../Engine/Plugins/Runtime/PhysXVehicles/PhysXVehicles.uplugin" 224
"../../../Engine/Plugins/Runtime/ResonanceAudio/ResonanceAudio.uplugin" 225
"../../../Engine/Plugins/Runtime/NetworkPredictionInsights/NetworkPredictionInsights.uplugin" 226
"../../../Engine/Plugins/Runtime/ReplicationGraph/ReplicationGraph.uplugin" 227
"../../../Engine/Plugins/Runtime/OpenXREyeTracker/OpenXREyeTracker.uplugin" 228
"../../../Engine/Plugins/Runtime/SoundCueTemplates/SoundCueTemplates.uplugin" 229
"../../../Engine/Plugins/Runtime/SignificanceManager/SignificanceManager.uplugin" 230
"../../../Engine/Plugins/Runtime/SoundFields/SoundFields.uplugin" 231
"../../../Engine/Plugins/Runtime/RuntimePhysXCooking/RuntimePhysXCooking.uplugin" 232
"../../../Engine/Plugins/Runtime/OSCModulationMixing/OSCModulationMixing.uplugin" 233
"../../../Engine/Plugins/Runtime/PostSplashScreen/PostSplashScreen.uplugin" 234
"../../../Engine/Plugins/Runtime/SoundVisualizations/SoundVisualizations.uplugin" 235
"../../../Engine/Plugins/Runtime/Spatialization/Spatialization.uplugin" 236
"../../../Engine/Plugins/Runtime/Synthesis/Synthesis.uplugin" 237
"../../../Engine/Plugins/Slate/SlateInsights/SlateInsights.uplugin" 238
"../../../Engine/Plugins/Slate/SlateRemote/SlateRemote.uplugin" 239
"../../../Engine/Plugins/Tests/EditorTests/EditorTests.uplugin" 240
"../../../Engine/Plugins/Runtime/SoundUtilities/SoundUtilities.uplugin" 241
"../../../Engine/Plugins/Runtime/TimeSynth/TimeSynth.uplugin" 242
"../../../Engine/Plugins/Runtime/WarpUtils/WarpUtils.uplugin" 243
"../../../Engine/Plugins/Runtime/SoundMod/SoundMod.uplugin" 244
"../../../Engine/Plugins/Runtime/TextureShare/TextureShare.uplugin" 245
"../../../Engine/Plugins/Runtime/WebBrowserWidget/WebBrowserWidget.uplugin" 246
"../../../Engine/Plugins/Tests/FbxAutomationTestBuilder/FbxAutomationTestBuilder.uplugin" 247
"../../../Engine/Plugins/Runtime/PropertyAccess/PropertyAccessEditor.uplugin" 248
"../../../Engine/Plugins/Runtime/WebBrowserNativeProxy/WebBrowserNativeProxy.uplugin" 249
"../../../Engine/Plugins/Runtime/WindowsMixedReality/WindowsMixedReality.uplugin" 250
"../../../Engine/Plugins/Runtime/WebMMoviePlayer/WebMMoviePlayer.uplugin" 251
"../../../Engine/Plugins/Tests/RuntimeTests/RuntimeTests.uplugin" 252
"../../../Engine/Plugins/Tests/RHITests/RHITests.uplugin" 253
"../../../Engine/Plugins/Runtime/WindowsMoviePlayer/WindowsMoviePlayer.uplugin" 254
"../../../Engine/Plugins/VirtualProduction/CameraCalibration/CameraCalibration.uplugin" 255
"../../../Engine/Plugins/VirtualProduction/CompositePlane/CompositePlane.uplugin" 256
"../../../Engine/Plugins/Tests/FunctionalTestingEditor/FunctionalTestingEditor.uplugin" 257
"../../../Engine/Plugins/Tests/ScreenshotTools/ScreenshotTools.uplugin" 258
"../../../Engine/Plugins/Tests/PythonAutomationTest/PythonAutomationTest.uplugin" 259
"../../../Engine/Plugins/Runtime/WindowsDeviceProfileSelector/WindowsDeviceProfileSelector.uplugin" 260
"../../../Engine/Plugins/Runtime/SunPosition/SunPosition.uplugin" 261
"../../../Engine/Plugins/VirtualProduction/LiveLinkFreeD/LiveLinkFreeD.uplugin" 262
"../../../Engine/Plugins/VirtualProduction/CameraCalibrationCore/CameraCalibrationCore.uplugin" 263
"../../../Engine/Plugins/VirtualProduction/LiveLinkMasterLockit/LiveLinkMasterLockit.uplugin" 264
"../../../Engine/Plugins/VirtualProduction/DataCharts/DataCharts.uplugin" 265
"../../../Engine/Plugins/VirtualProduction/LiveLinkVRPN/LiveLinkVRPN.uplugin" 266
"../../../Engine/Plugins/VirtualProduction/MultiUserTakes/MultiUserTakes.uplugin" 267
"../../../Engine/Plugins/VirtualProduction/LiveLinkCamera/LiveLinkCamera.uplugin" 268
"../../../Engine/Plugins/VirtualProduction/LiveLinkLens/LiveLinkLens.uplugin" 269
"../../../Engine/Plugins/Experimental/ActorPalette/ActorPalette.uplugin" 270
"../../../Engine/Plugins/VirtualProduction/LiveLinkPrestonMDR/LiveLinkPrestonMDR.uplugin" 271
"../../../Engine/Plugins/VirtualProduction/ICVFX/ICVFX.uplugin" 272
"../../../Engine/Plugins/VirtualProduction/nDisplaySupportForLevelSnapshots/nDisplaySupportForLevelSnapshots.uplugin" 273
"../../../Engine/Plugins/Experimental/AutomationUtils/AutomationUtils.uplugin" 274
"../../../Engine/Plugins/VirtualProduction/LevelSnapshots/LevelSnapshots.uplugin" 275
"../../../Engine/Plugins/Experimental/BlueprintStats/BlueprintStats.uplugin" 276
"../../../Engine/Plugins/Experimental/AppleVision/AppleVision.uplugin" 277
"../../../Engine/Plugins/Runtime/LiveLinkOvernDisplay/LiveLinkOverNDisplay.uplugin" 278
"../../../Engine/Plugins/VirtualProduction/RemoteControlInterception/RemoteControlInterception.uplugin" 279
"../../../Engine/Plugins/VirtualProduction/LiveLinkXR/LiveLinkXR.uplugin" 280
"../../../Engine/Plugins/VirtualProduction/RemoteControlProtocolMIDI/RemoteControlProtocolMIDI.uplugin" 281
"../../../Engine/Plugins/Experimental/AlembicImporter/AlembicImporter.uplugin" 282
"../../../Engine/Plugins/Experimental/BlastPlugin/BlastPlugin.uplugin" 283
"../../../Engine/Plugins/VirtualProduction/RemoteControlProtocolDMX/RemoteControlProtocolDMX.uplugin" 284
"../../../Engine/Plugins/VirtualProduction/Switchboard/Switchboard.uplugin" 285
"../../../Engine/Plugins/VirtualProduction/RemoteControl/RemoteControl.uplugin" 286
"../../../Engine/Plugins/VirtualProduction/StageMonitoring/StageMonitoring.uplugin" 287
"../../../Engine/Plugins/Experimental/ChaosCaching/ChaosCaching.uplugin" 288
"../../../Engine/Plugins/Experimental/ChaosCloth/ChaosCloth.uplugin" 289
"../../../Engine/Plugins/Experimental/BackChannel/BackChannel.uplugin" 290
"../../../Engine/Plugins/Experimental/ChaosClothEditor/ChaosClothEditor.uplugin" 291
"../../../Engine/Plugins/Experimental/ChaosNiagara/ChaosNiagara.uplugin" 292
"../../../Engine/Plugins/VirtualProduction/TimedDataMonitor/TimedDataMonitor.uplugin" 293
"../../../Engine/Plugins/Experimental/ChaosSolverPlugin/ChaosSolverPlugin.uplugin" 294
"../../../Engine/Plugins/Experimental/CharacterAI/CharacterAI.uplugin" 295
"../../../Engine/Plugins/Experimental/ChaosEditor/ChaosEditor.uplugin" 296
"../../../Engine/Plugins/VirtualProduction/RemoteControlWebInterface/RemoteControlWebInterface.uplugin" 297
"../../../Engine/Plugins/Experimental/CodeView/CodeView.uplugin" 298
"../../../Engine/Plugins/Experimental/ChaosVehiclesPlugin/ChaosVehiclesPlugin.uplugin" 299
"../../../Engine/Plugins/Experimental/ColorCorrectRegions/ColorCorrectRegions.uplugin" 300
"../../../Engine/Plugins/Experimental/CodeEditor/CodeEditor.uplugin" 301
"../../../Engine/Plugins/Experimental/ControlRig/ControlRig.uplugin" 302
"../../../Engine/Plugins/VirtualProduction/Takes/Takes.uplugin" 303
"../../../Engine/Plugins/Experimental/FullBodyIK/FullBodyIK.uplugin" 304
"../../../Engine/Plugins/VirtualProduction/RemoteControlProtocolOSC/RemoteControlProtocolOSC.uplugin" 305
"../../../Engine/Plugins/Experimental/GameFeatures/GameFeatures.uplugin" 306
"../../../Engine/Plugins/Experimental/Gauntlet/Gauntlet.uplugin" 307
"../../../Engine/Plugins/Experimental/GeometryCacheAbcFile/GeometryCacheAbcFile.uplugin" 308
"../../../Engine/Plugins/Experimental/CommonUI/CommonUI.uplugin" 309
"../../../Engine/Plugins/Experimental/EnhancedInput/EnhancedInput.uplugin" 310
"../../../Engine/Plugins/Experimental/GeometryProcessing/GeometryProcessing.uplugin" 311
"../../../Engine/Plugins/Experimental/GeometryCache/GeometryCache.uplugin" 312
"../../../Engine/Plugins/Experimental/GizmoFramework/GizmoFramework.uplugin" 313
"../../../Engine/Plugins/Experimental/FieldSystemPlugin/FieldSystemPlugin.uplugin" 314
"../../../Engine/Plugins/Experimental/ImagePlate/ImagePlate.uplugin" 315
"../../../Engine/Plugins/Experimental/Landmass/Landmass.uplugin" 316
"../../../Engine/Plugins/Experimental/ImpostorBaker/ImpostorBaker.uplugin" 317
"../../../Engine/Plugins/Experimental/LiveLinkControlRig/LiveLinkControlRig.uplugin" 318
"../../../Engine/Plugins/Experimental/GPULightmass/GPULightmass.uplugin" 319
"../../../Engine/Plugins/Experimental/ModularGameplay/ModularGameplay.uplugin" 320
"../../../Engine/Plugins/Experimental/CommonConversation/CommonConversation.uplugin" 321
"../../../Engine/Plugins/Experimental/ModelingToolsEditorMode/ModelingToolsEditorMode.uplugin" 322
"../../../Engine/Plugins/Experimental/MotionTrailEditorMode/MotionTrailEditorMode.uplugin" 323
"../../../Engine/Plugins/Experimental/ExampleAssetEditor/ExampleAssetEditor.uplugin" 324
"../../../Engine/Plugins/Experimental/MotoSynth/MotoSynth.uplugin" 325
"../../../Engine/Plugins/Experimental/PlatformCrypto/PlatformCrypto.uplugin" 326
"../../../Engine/Plugins/Experimental/MeshModelingToolset/MeshModelingToolset.uplugin" 327
"../../../Engine/Plugins/Experimental/PlanarCutPlugin/PlanarCut.uplugin" 328
"../../../Engine/Plugins/Experimental/ProxyLODPlugin/ProxyLODPlugin.uplugin" 329
"../../../Engine/Plugins/Experimental/GeometryCollectionPlugin/GeometryCollectionPlugin.uplugin" 330
"../../../Engine/Plugins/Experimental/RemoteSession/RemoteSession.uplugin" 331
"../../../Engine/Plugins/Experimental/PanoramicCapture/PanoramicCapture.uplugin" 332
"../../../Engine/Plugins/Experimental/Shotgun/Shotgun.uplugin" 333
"../../../Engine/Plugins/Experimental/PythonScriptPlugin/PythonScriptPlugin.uplugin" 334
"../../../Engine/Plugins/Experimental/SimpleHMD/SimpleHMD.uplugin" 335
"../../../Engine/Plugins/Experimental/OpenImageDenoise/OpenImageDenoise.uplugin" 336
"../../../Engine/Plugins/Experimental/GizmoEdMode/GizmoEdMode.uplugin" 337
"../../../Engine/Plugins/Experimental/VirtualProductionUtilities/VirtualProductionUtilities.uplugin" 338
"../../../Engine/Plugins/Experimental/ShallowWater/ShallowWater.uplugin" 339
"../../../Engine/Plugins/Experimental/Water/Water.uplugin" 340
"../../../Engine/Plugins/Experimental/Text3D/Text3D.uplugin" 341
"../../../Engine/Plugins/Experimental/Volumetrics/Volumetrics.uplugin" 342
"../../../Engine/Plugins/Developer/Concert/DisasterRecoveryClient/DisasterRecoveryClient.uplugin" 343
"../../../Engine/Plugins/Experimental/SampleToolsEditorMode/SampleToolsEditorMode.uplugin" 344
"../../../Engine/Plugins/Developer/Concert/MultiUserClient/MultiUserClient.uplugin" 345
"../../../Engine/Plugins/Editor/ContentBrowser/ContentBrowserAssetDataSource/ContentBrowserAssetDataSource.uplugin" 346
"../../../Engine/Plugins/Experimental/WebSocketNetworking/WebSocketNetworking.uplugin" 347
"../../../Engine/Plugins/Experimental/SkeletalReduction/SkeletalReduction.uplugin" 348
"../../../Engine/Plugins/Developer/Concert/ConcertMain/ConcertMain.uplugin" 349
"../../../Engine/Plugins/Online/Android/OnlineSubsystemGameCircle/OnlineSubsystemGameCircle.uplugin" 350
"../../../Engine/Plugins/Online/Android/OnlineSubsystemGooglePlay/OnlineSubsystemGooglePlay.uplugin" 351
"../../../Engine/Plugins/Online/IOS/OnlineSubsystemIOS/OnlineSubsystemIOS.uplugin" 352
"../../../Engine/Plugins/Editor/ContentBrowser/ContentBrowserFileDataSource/ContentBrowserFileDataSource.uplugin" 353
"../../../Engine/Plugins/Runtime/Analytics/AnalyticsMulticast/AnalyticsMulticast.uplugin" 354
"../../../Engine/Plugins/Experimental/VirtualHeightfieldMesh/VirtualHeightfieldMesh.uplugin" 355
"../../../Engine/Plugins/Runtime/Analytics/AnalyticsBlueprintLibrary/AnalyticsBlueprintLibrary.uplugin" 356
"../../../Engine/Plugins/Online/VoiceChat/EOSVoiceChat/EOSVoiceChat.uplugin" 357
"../../../Engine/Plugins/Runtime/Analytics/Adjust/Adjust.uplugin" 358
"../../../Engine/Plugins/Online/VoiceChat/VivoxVoiceChat/VivoxVoiceChat.uplugin" 359
"../../../Engine/Plugins/Runtime/Analytics/FileLogging/FileLogging.uplugin" 360
"../../../Engine/Plugins/Runtime/Advertising/IOSTapJoy/IOSTapJoy.uplugin" 361
"../../../Engine/Plugins/Runtime/AR/AzureSpatialAnchors/AzureSpatialAnchors.uplugin" 362
"../../../Engine/Plugins/Experimental/VirtualCamera/VirtualCamera.uplugin" 363
"../../../Engine/Plugins/Online/VoiceChat/VoiceChat/VoiceChat.uplugin" 364
"../../../Engine/Plugins/Runtime/Database/DatabaseSupport/DatabaseSupport.uplugin" 365
"../../../Engine/Plugins/Experimental/RawInput/RawInput.uplugin" 366
"../../../Engine/Plugins/Runtime/AR/ARUtilities/ARUtilities.uplugin" 367
"../../../Engine/Plugins/Runtime/Database/RemoteDatabaseSupport/RemoteDatabaseSupport.uplugin" 368
"../../../Engine/Plugins/Runtime/AR/AzureSpatialAnchorsForARCore/AzureSpatialAnchorsForARCore.uplugin" 369
"../../../Engine/Plugins/Runtime/Analytics/Flurry/Flurry.uplugin" 370
"../../../Engine/Plugins/Runtime/AR/AzureSpatialAnchorsForARKit/AzureSpatialAnchorsForARKit.uplugin" 371
"../../../Engine/Plugins/Runtime/GoogleVR/GoogleVRController/GoogleVRController.uplugin" 372
"../../../Engine/Plugins/Runtime/GoogleVR/GoogleVRTransition2D/GoogleVRTransition2D.uplugin" 373
"../../../Engine/Plugins/Editor/ContentBrowser/ContentBrowserClassDataSource/ContentBrowserClassDataSource.uplugin" 374
"../../../Engine/Plugins/Runtime/MeshReconstruction/DummyMeshReconstructor/DummyMeshReconstructor.uplugin" 375
"../../../Engine/Plugins/Runtime/Database/SQLiteCore/SQLiteCore.uplugin" 376
"../../../Engine/Plugins/Runtime/Nvidia/Reflex/Reflex.uplugin" 377
"../../../Engine/Plugins/Runtime/Database/SQLiteSupport/SQLiteSupport.uplugin" 378
"../../../Engine/Plugins/Runtime/GoogleVR/GoogleVRHMD/GoogleVRHMD.uplugin" 379
"../../../Engine/Plugins/Runtime/AR/AzureSpatialAnchorsForWMR/AzureSpatialAnchorsForWMR.uplugin" 380
"../../../Engine/Plugins/Runtime/Oculus/OculusOpenXR/OculusOpenXR.uplugin" 381
"../../../Engine/Plugins/Runtime/PacketHandlers/DTLSHandlerComponent/DTLSHandlerComponent.uplugin" 382
"../../../Engine/Plugins/Runtime/Oculus/OculusVR/OculusVR.uplugin" 383
"../../../Engine/Plugins/Runtime/Steam/SteamController/SteamController.uplugin" 384
"../../../Engine/Plugins/Runtime/Database/ADOSupport/ADOSupport.uplugin" 385
"../../../Engine/Plugins/Runtime/Nvidia/Ansel/Ansel.uplugin" 386
"../../../Engine/Plugins/Runtime/PacketHandlers/AESGCMHandlerComponent/AESGCMHandlerComponent.uplugin" 387
"../../../Engine/Plugins/Runtime/Windows/WinDualShock/WinDualShock.uplugin" 388
"../../../Engine/Plugins/Runtime/Steam/SteamAudio/SteamAudio.uplugin" 389
"../../../Engine/Plugins/Runtime/XR/XRVisualization/XRVisualization.uplugin" 390
"../../../Engine/Plugins/Runtime/Steam/SteamShared/SteamShared.uplugin" 391
"../../../Engine/Plugins/VirtualProduction/DMX/DMXEngine/DMXEngine.uplugin" 392
"../../../Engine/Plugins/VirtualProduction/DMX/DMXFixtures/DMXFixtures.uplugin" 393
"../../../Engine/Plugins/VirtualProduction/DMX/DMXProtocol/DMXProtocol.uplugin" 394
"../../../Engine/Plugins/VirtualProduction/DMX/DMXPixelMapping/DMXPixelMapping.uplugin" 395
"../../../Engine/Plugins/VirtualProduction/DMX/DMXDisplayCluster/DMXDisplayCluster.uplugin" 396
"../../../Engine/Plugins/Experimental/Enterprise/DataprepGeometryOperations/DataprepGeometryOperations.uplugin" 397
"../../../Engine/Plugins/Experimental/VirtualProduction/LedWallCalibration/LedWallCalibration.uplugin" 398
"../../../Engine/Plugins/Developer/Concert/ConcertSync/ConcertSyncCore/ConcertSyncCore.uplugin" 399
"../../../Engine/Plugins/Runtime/PacketHandlers/AESHandlerComponent/AESHandlerComponent.uplugin" 400
"../../../Engine/Plugins/Developer/Concert/ConcertSync/ConcertSyncServer/ConcertSyncServer.uplugin" 401
"../../../Engine/Plugins/Developer/Concert/ConcertSync/ConcertSyncTest/ConcertSyncTest.uplugin" 402
"../../../Engine/Plugins/Runtime/Steam/SteamSockets/SteamSockets.uplugin" 403
"../../../Engine/Plugins/Runtime/AR/AppleAR/AppleARKitFaceSupport/AppleARKitFaceSupport.uplugin" 404
"../../../Engine/Plugins/Runtime/AR/Google/GoogleARCoreServices/GoogleARCoreServices.uplugin" 405
"../../../Engine/Plugins/Experimental/AR/PointCloud/PointCloud.uplugin" 406
"../../../Engine/Plugins/Runtime/Oculus/OculusAudio/OculusAudio.uplugin" 407
"../../../Engine/Plugins/Developer/Concert/ConcertSync/ConcertSyncClient/ConcertSyncClient.uplugin" 408
"../../../Engine/Plugins/Runtime/AR/AppleAR/AppleARKit/AppleARKit.uplugin" 409
"../../../Engine/Plugins/Experimental/Enterprise/DatasmithRuntime/DatasmithRuntime.uplugin" 410
"../../../Engine/Plugins/Runtime/AR/Microsoft/HoloLensAR/HoloLensAR.uplugin" 411
"../../../Engine/Plugins/Runtime/Steam/SteamVR/SteamVR.uplugin" 412
"../../../Engine/Plugins/Runtime/AR/Google/GoogleARCore/GoogleARCore.uplugin" 413
"../../../Engine/Content/Internationalization/icudt64l/cnvalias.icu" 414
"../../../Engine/Content/Internationalization/icudt64l/res_index.res" 415
"../../../Engine/Content/Internationalization/icudt64l/plurals.res" 416
"../../../Engine/Content/Internationalization/icudt64l/lang/zh_CN.res" 417
"../../../Engine/Content/Internationalization/icudt64l/lang/pool.res" 418
"../../../Engine/Content/Internationalization/icudt64l/lang/zh_Hans_CN.res" 419
"../../../Engine/Content/Internationalization/icudt64l/lang/zh_Hans.res" 420
"../../../Engine/Content/Internationalization/icudt64l/lang/zh.res" 421
"../../../Engine/Content/Internationalization/icudt64l/lang/root.res" 422
"../../../Engine/Content/Internationalization/icudt64l/region/zh_CN.res" 423
"../../../Engine/Content/Internationalization/icudt64l/region/pool.res" 424
"../../../Engine/Content/Internationalization/icudt64l/region/zh_Hans_CN.res" 425
"../../../Engine/Content/Internationalization/icudt64l/region/zh_Hans.res" 426
"../../../Engine/Content/Internationalization/icudt64l/region/zh.res" 427
"../../../Engine/Content/Internationalization/icudt64l/region/root.res" 428
"../../../Engine/Content/Internationalization/icudt64l/lang/en.res" 429
"../../../Engine/Content/Internationalization/icudt64l/region/en.res" 430
"../../../Engine/Content/Internationalization/icudt64l/windowsZones.res" 431
"../../../Engine/Content/Internationalization/icudt64l/zoneinfo64.res" 432
"../../../Engine/Content/Internationalization/icudt64l/keyTypeData.res" 433
"../../../Engine/Content/Internationalization/icudt64l/timezoneTypes.res" 434
"../../../Engine/Content/Internationalization/icudt64l/likelySubtags.res" 435
"../../../Engine/Content/Internationalization/icudt64l/zh_CN.res" 436
"../../../Engine/Content/Internationalization/icudt64l/pool.res" 437
"../../../Engine/Content/Internationalization/icudt64l/zh_Hans_CN.res" 438
"../../../Engine/Content/Internationalization/icudt64l/zh_Hans.res" 439
"../../../Engine/Content/Internationalization/icudt64l/zh.res" 440
"../../../Engine/Content/Internationalization/icudt64l/root.res" 441
"../../../Engine/Content/Internationalization/icudt64l/supplementalData.res" 442
"C:/Users/23589/AppData/Local/UnrealEngine/4.27/Saved/Config/Windows/Manifest.ini" 443
"../../../Engine/Config/Windows/BaseWindowsEngine.ini" 444
"../../../Engine/Config/Windows/WindowsEngine.ini" 445
"D:/TPSDuel/Saved/Config/Windows/Engine.ini" 446
"../../../Engine/Config/BaseGame.ini" 447
"../../../../../../TPSDuel/Config/DefaultGame.ini" 448
"../../../Engine/Config/Windows/WindowsGame.ini" 449
"D:/TPSDuel/Saved/Config/Windows/Game.ini" 450
"../../../Engine/Config/BaseInput.ini" 451
"../../../../../../TPSDuel/Config/DefaultInput.ini" 452
"D:/TPSDuel/Saved/Config/Windows/Input.ini" 453
"../../../Engine/Config/BaseEditor.ini" 454
"D:/TPSDuel/Saved/Config/Windows/Editor.ini" 455
"../../../Engine/Config/BaseEditorPerProjectUserSettings.ini" 456
"D:/TPSDuel/Saved/Config/Windows/EditorPerProjectUserSettings.ini" 457
"../../../Engine/Config/BaseEditorSettings.ini" 458
"C:/Users/23589/AppData/Local/UnrealEngine/4.27/Saved/Config/Windows/EditorSettings.ini" 459
"../../../Engine/Config/BaseEditorKeyBindings.ini" 460
"C:/Users/23589/AppData/Local/UnrealEngine/4.27/Saved/Config/Windows/EditorKeyBindings.ini" 461
"C:/Users/23589/AppData/Local/UnrealEngine/4.27/Saved/Config/Windows/EditorLayout.ini" 462
"../../../Engine/Config/BaseCompat.ini" 463
"D:/TPSDuel/Saved/Config/Windows/Compat.ini" 464
"../../../Engine/Config/BaseLightmass.ini" 465
"D:/TPSDuel/Saved/Config/Windows/Lightmass.ini" 466
"../../../Engine/Config/BaseScalability.ini" 467
"D:/TPSDuel/Saved/Config/Windows/Scalability.ini" 468
"../../../Engine/Config/BaseHardware.ini" 469
"D:/TPSDuel/Saved/Config/Windows/Hardware.ini" 470
"../../../Engine/Config/BaseRuntimeOptions.ini" 471
"D:/TPSDuel/Saved/Config/Windows/RuntimeOptions.ini" 472
"../../../Engine/Config/BaseInstallBundle.ini" 473
"../../../Engine/Config/BaseDeviceProfiles.ini" 474
"D:/TPSDuel/Saved/Config/Windows/DeviceProfiles.ini" 475
"../../../Engine/Config/BaseGameUserSettings.ini" 476
"D:/TPSDuel/Saved/Config/Windows/GameUserSettings.ini" 477
"../../../../../../TPSDuel/Binaries/Win64/TPSDuel.target" 478
"../../../../../../TPSDuel/Binaries/Win64/TPSDuelEditor.target" 479
"../../../Engine/Plugins/2D/Paper2D/Config/BasePaper2D.ini" 480
"D:/TPSDuel/Saved/Config/Windows/Paper2D.ini" 481
"../../../Engine/Plugins/Editor/EditorScriptingUtilities/Config/BaseEditorScriptingUtilities.ini" 482
"D:/TPSDuel/Saved/Config/Windows/EditorScriptingUtilities.ini" 483
"../../../Engine/Plugins/FX/Niagara/Config/BaseNiagara.ini" 484
"D:/TPSDuel/Saved/Config/Windows/Niagara.ini" 485
"../../../Engine/Plugins/Lumin/MagicLeap/Config/BaseMagicLeap.ini" 486
"D:/TPSDuel/Saved/Config/Windows/MagicLeap.ini" 487
"../../../Engine/Plugins/Enterprise/VariantManagerContent/Config/BaseVariantManagerContent.ini" 488
"D:/TPSDuel/Saved/Config/Windows/VariantManagerContent.ini" 489
"../../../Engine/Plugins/Lumin/MagicLeapLightEstimation/Config/BaseMagicLeapLightEstimation.ini" 490
"D:/TPSDuel/Saved/Config/Windows/MagicLeapLightEstimation.ini" 491
"../../../Engine/Plugins/Runtime/PhysXVehicles/Config/BasePhysXVehicles.ini" 492
"D:/TPSDuel/Saved/Config/Windows/PhysXVehicles.ini" 493
"../../../Engine/Plugins/Runtime/PostSplashScreen/Config/BasePostSplashScreen.ini" 494
"D:/TPSDuel/Saved/Config/Windows/PostSplashScreen.ini" 495
"../../../Engine/Plugins/Runtime/Synthesis/Config/BaseSynthesis.ini" 496
"D:/TPSDuel/Saved/Config/Windows/Synthesis.ini" 497
"../../../Engine/Plugins/Experimental/MotoSynth/Config/BaseMotoSynth.ini" 498
"D:/TPSDuel/Saved/Config/Windows/MotoSynth.ini" 499
"../../../Engine/Plugins/Experimental/PythonScriptPlugin/Binaries/Win64/UE4Editor.modules" 500
"../../../Engine/Plugins/Editor/ContentBrowser/ContentBrowserFileDataSource/Binaries/Win64/UE4Editor.modules" 501
"../../../Engine/Plugins/Editor/EditorScriptingUtilities/Binaries/Win64/UE4Editor.modules" 502
"../../../Engine/Plugins/MeshPainting/Binaries/Win64/UE4Editor.modules" 503
"../../../Engine/Plugins/Experimental/GeometryProcessing/Binaries/Win64/UE4Editor.modules" 504
"../../../Engine/Plugins/XGEController/Binaries/Win64/UE4Editor.modules" 505
"../../../Engine/Plugins/2D/Paper2D/Binaries/Win64/UE4Editor.modules" 506
"../../../Engine/Plugins/Blendables/LightPropagationVolume/Binaries/Win64/UE4Editor.modules" 507
"../../../Engine/Plugins/AI/AISupport/Binaries/Win64/UE4Editor.modules" 508
"../../../Engine/Plugins/AI/EnvironmentQueryEditor/Binaries/Win64/UE4Editor.modules" 509
"../../../Engine/Plugins/Compression/OodleData/Binaries/Win64/UE4Editor.modules" 510
"../../../Engine/Plugins/Cameras/CameraShakePreviewer/Binaries/Win64/UE4Editor.modules" 511
"../../../Engine/Plugins/Cameras/GameplayCameras/Binaries/Win64/UE4Editor.modules" 512
"../../../Engine/Plugins/MovieScene/TemplateSequence/Binaries/Win64/UE4Editor.modules" 513
"../../../Engine/Plugins/MovieScene/LevelSequenceEditor/Binaries/Win64/UE4Editor.modules" 514
"../../../Engine/Plugins/Compression/OodleNetwork/Binaries/Win64/UE4Editor.modules" 515
"../../../Engine/Plugins/Developer/AnimationSharing/Binaries/Win64/UE4Editor.modules" 516
"../../../Engine/Plugins/Runtime/SignificanceManager/Binaries/Win64/UE4Editor.modules" 517
"../../../Engine/Plugins/Developer/CLionSourceCodeAccess/Binaries/Win64/UE4Editor.modules" 518
"../../../Engine/Plugins/Developer/GitSourceControl/Binaries/Win64/UE4Editor.modules" 519
"../../../Engine/Plugins/Developer/PerforceSourceControl/Binaries/Win64/UE4Editor.modules" 520
"../../../Engine/Plugins/Developer/PropertyAccessNode/Binaries/Win64/UE4Editor.modules" 521
"../../../Engine/Plugins/Runtime/PropertyAccess/Binaries/Win64/UE4Editor.modules" 522
"../../../Engine/Plugins/Developer/PixWinPlugin/Binaries/Win64/UE4Editor.modules" 523
"../../../Engine/Plugins/Developer/PluginUtils/Binaries/Win64/UE4Editor.modules" 524
"../../../Engine/Plugins/Developer/PlasticSourceControl/Binaries/Win64/UE4Editor.modules" 525
"../../../Engine/Plugins/Editor/AssetManagerEditor/Binaries/Win64/UE4Editor.modules" 526
"../../../Engine/Plugins/Developer/RiderSourceCodeAccess/Binaries/Win64/UE4Editor.modules" 527
"../../../Engine/Plugins/Developer/SubversionSourceControl/Binaries/Win64/UE4Editor.modules" 528
"../../../Engine/Plugins/Developer/TextureFormatOodle/Binaries/Win64/UE4Editor.modules" 529
"../../../Engine/Plugins/Developer/UObjectPlugin/Binaries/Win64/UE4Editor.modules" 530
"../../../Engine/Plugins/Developer/VisualStudioSourceCodeAccess/Binaries/Win64/UE4Editor.modules" 531
"../../../Engine/Plugins/Developer/VisualStudioCodeSourceCodeAccess/Binaries/Win64/UE4Editor.modules" 532
"../../../Engine/Plugins/Editor/CryptoKeys/Binaries/Win64/UE4Editor.modules" 533
"../../../Engine/Plugins/Editor/CurveEditorTools/Binaries/Win64/UE4Editor.modules" 534
"../../../Engine/Plugins/Editor/DataValidation/Binaries/Win64/UE4Editor.modules" 535
"../../../Engine/Plugins/Enterprise/DatasmithContent/Binaries/Win64/UE4Editor.modules" 536
"../../../Engine/Plugins/Enterprise/VariantManagerContent/Binaries/Win64/UE4Editor.modules" 537
"../../../Engine/Plugins/Editor/FacialAnimation/Binaries/Win64/UE4Editor.modules" 538
"../../../Engine/Plugins/Editor/GameplayTagsEditor/Binaries/Win64/UE4Editor.modules" 539
"../../../Engine/Plugins/Editor/GeometryMode/Binaries/Win64/UE4Editor.modules" 540
"../../../Engine/Plugins/Editor/MaterialAnalyzer/Binaries/Win64/UE4Editor.modules" 541
"../../../Engine/Plugins/Editor/MobileLauncherProfileWizard/Binaries/Win64/UE4Editor.modules" 542
"../../../Engine/Plugins/Editor/PluginBrowser/Binaries/Win64/UE4Editor.modules" 543
"../../../Engine/Plugins/Editor/SpeedTreeImporter/Binaries/Win64/UE4Editor.modules" 544
"../../../Engine/Plugins/Lumin/MagicLeap/Binaries/Win64/UE4Editor.modules" 545
"../../../Engine/Plugins/Lumin/MLSDK/Binaries/Win64/UE4Editor.modules" 546
"../../../Engine/Plugins/Lumin/MagicLeapPassableWorld/Binaries/Win64/UE4Editor.modules" 547
"../../../Engine/Plugins/Lumin/MagicLeapLightEstimation/Binaries/Win64/UE4Editor.modules" 548
"../../../Engine/Plugins/Media/AndroidMedia/Binaries/Win64/UE4Editor.modules" 549
"../../../Engine/Plugins/Lumin/MagicLeapMedia/Binaries/Win64/UE4Editor.modules" 550
"../../../Engine/Plugins/Media/AvfMedia/Binaries/Win64/UE4Editor.modules" 551
"../../../Engine/Plugins/Media/ImgMedia/Binaries/Win64/UE4Editor.modules" 552
"../../../Engine/Plugins/Media/MediaCompositing/Binaries/Win64/UE4Editor.modules" 553
"../../../Engine/Plugins/Messaging/TcpMessaging/Binaries/Win64/UE4Editor.modules" 554
"../../../Engine/Plugins/Messaging/UdpMessaging/Binaries/Win64/UE4Editor.modules" 555
"../../../Engine/Plugins/MovieScene/ActorSequence/Binaries/Win64/UE4Editor.modules" 556
"../../../Engine/Plugins/Media/MediaPlayerEditor/Binaries/Win64/UE4Editor.modules" 557
"../../../Engine/Plugins/Media/WmfMedia/Binaries/Win64/UE4Editor.modules" 558
"../../../Engine/Plugins/MovieScene/MatineeToLevelSequence/Binaries/Win64/UE4Editor.modules" 559
"../../../Engine/Plugins/Online/OnlineSubsystem/Binaries/Win64/UE4Editor.modules" 560
"../../../Engine/Plugins/Portal/LauncherChunkInstaller/Binaries/Win64/UE4Editor.modules" 561
"../../../Engine/Plugins/Online/OnlineSubsystemNull/Binaries/Win64/UE4Editor.modules" 562
"../../../Engine/Plugins/Online/OnlineSubsystemUtils/Binaries/Win64/UE4Editor.modules" 563
"../../../Engine/Plugins/Runtime/ActorLayerUtilities/Binaries/Win64/UE4Editor.modules" 564
"../../../Engine/Plugins/Runtime/AndroidDeviceProfileSelector/Binaries/Win64/UE4Editor.modules" 565
"../../../Engine/Plugins/Runtime/AndroidPermission/Binaries/Win64/UE4Editor.modules" 566
"../../../Engine/Plugins/Runtime/AppleImageUtils/Binaries/Win64/UE4Editor.modules" 567
"../../../Engine/Plugins/Runtime/ArchVisCharacter/Binaries/Win64/UE4Editor.modules" 568
"../../../Engine/Plugins/Runtime/AssetTags/Binaries/Win64/UE4Editor.modules" 569
"../../../Engine/Plugins/Runtime/AudioCapture/Binaries/Win64/UE4Editor.modules" 570
"../../../Engine/Plugins/Runtime/CableComponent/Binaries/Win64/UE4Editor.modules" 571
"../../../Engine/Plugins/Runtime/ChunkDownloader/Binaries/Win64/UE4Editor.modules" 572
"../../../Engine/Plugins/Runtime/CustomMeshComponent/Binaries/Win64/UE4Editor.modules" 573
"../../../Engine/Plugins/Runtime/EditableMesh/Binaries/Win64/UE4Editor.modules" 574
"../../../Engine/Plugins/Runtime/ExampleDeviceProfileSelector/Binaries/Win64/UE4Editor.modules" 575
"../../../Engine/Plugins/Runtime/GooglePAD/Binaries/Win64/UE4Editor.modules" 576
"../../../Engine/Plugins/Runtime/LocationServicesBPLibrary/Binaries/Win64/UE4Editor.modules" 577
"../../../Engine/Plugins/Runtime/MobilePatchingUtils/Binaries/Win64/UE4Editor.modules" 578
"../../../Engine/Plugins/Runtime/PhysXVehicles/Binaries/Win64/UE4Editor.modules" 579
"../../../Engine/Plugins/Runtime/ProceduralMeshComponent/Binaries/Win64/UE4Editor.modules" 580
"../../../Engine/Plugins/Runtime/RuntimePhysXCooking/Binaries/Win64/UE4Editor.modules" 581
"../../../Engine/Plugins/Runtime/SoundFields/Binaries/Win64/UE4Editor.modules" 582
"../../../Engine/Plugins/Runtime/Synthesis/Binaries/Win64/UE4Editor.modules" 583
"../../../Engine/Plugins/Runtime/AudioSynesthesia/Binaries/Win64/UE4Editor.modules" 584
"../../../Engine/Plugins/Runtime/WebMMoviePlayer/Binaries/Win64/UE4Editor.modules" 585
"../../../Engine/Plugins/Media/WebMMedia/Binaries/Win64/UE4Editor.modules" 586
"../../../Engine/Plugins/Runtime/WindowsMoviePlayer/Binaries/Win64/UE4Editor.modules" 587
"../../../Engine/Plugins/Experimental/AlembicImporter/Binaries/Win64/UE4Editor.modules" 588
"../../../Engine/Plugins/Experimental/GeometryCache/Binaries/Win64/UE4Editor.modules" 589
"../../../Engine/Plugins/Experimental/BackChannel/Binaries/Win64/UE4Editor.modules" 590
"../../../Engine/Plugins/Experimental/AutomationUtils/Binaries/Win64/UE4Editor.modules" 591
"../../../Engine/Plugins/Tests/ScreenshotTools/Binaries/Win64/UE4Editor.modules" 592
"../../../Engine/Plugins/Experimental/ChaosCloth/Binaries/Win64/UE4Editor.modules" 593
"../../../Engine/Plugins/Experimental/ChaosEditor/Binaries/Win64/UE4Editor.modules" 594
"../../../Engine/Plugins/Experimental/PlanarCutPlugin/Binaries/Win64/UE4Editor.modules" 595
"../../../Engine/Plugins/Experimental/GeometryCollectionPlugin/Binaries/Win64/UE4Editor.modules" 596
"../../../Engine/Plugins/Experimental/ChaosSolverPlugin/Binaries/Win64/UE4Editor.modules" 597
"../../../Engine/Plugins/Experimental/ChaosClothEditor/Binaries/Win64/UE4Editor.modules" 598
"../../../Engine/Plugins/Experimental/ChaosNiagara/Binaries/Win64/UE4Editor.modules" 599
"../../../Engine/Plugins/FX/Niagara/Binaries/Win64/UE4Editor.modules" 600
"../../../Engine/Plugins/Experimental/CharacterAI/Binaries/Win64/UE4Editor.modules" 601
"../../../Engine/Plugins/Experimental/MotoSynth/Binaries/Win64/UE4Editor.modules" 602
"../../../Engine/Plugins/Experimental/OpenImageDenoise/Binaries/Win64/UE4Editor.modules" 603
"../../../Engine/Plugins/Experimental/PlatformCrypto/Binaries/Win64/UE4Editor.modules" 604
"../../../Engine/Plugins/Experimental/ProxyLODPlugin/Binaries/Win64/UE4Editor.modules" 605
"../../../Engine/Plugins/Experimental/SkeletalReduction/Binaries/Win64/UE4Editor.modules" 606
"../../../Engine/Plugins/Editor/ContentBrowser/ContentBrowserAssetDataSource/Binaries/Win64/UE4Editor.modules" 607
"../../../Engine/Plugins/Editor/ContentBrowser/ContentBrowserClassDataSource/Binaries/Win64/UE4Editor.modules" 608
"../../../Engine/Content/Certificates/ThirdParty/cacert.pem" 609
"../../../Engine/Config/ConsoleVariables.ini" 610
"../../../Engine/Binaries/Win64/Android/UE4Editor.modules" 611
"../../../Engine/Binaries/Win64/IOS/UE4Editor.modules" 612
"../../../Engine/Binaries/Win64/Linux/UE4Editor.modules" 613
"../../../Engine/Binaries/Win64/Lumin/UE4Editor.modules" 614
"../../../Engine/Config/Android/BaseAndroidEngine.ini" 615
"../../../Engine/Config/Android/AndroidEngine.ini" 616
"../../../Engine/Config/Unix/UnixEngine.ini" 617
"../../../Engine/Config/Linux/LinuxEngine.ini" 618
"../../../Engine/Config/LinuxAArch64/LinuxAArch64Engine.ini" 619
"../../../Engine/Config/Lumin/LuminEngine.ini" 620
"../../../Engine/Config/Mac/BaseMacEngine.ini" 621
"../../../Engine/Config/Mac/MacEngine.ini" 622
"../../../Engine/Content/Localization/Editor/zh-Hans/Editor.locres" 623
"../../../Engine/Content/Localization/EditorTutorials/zh-Hans/EditorTutorials.locres" 624
"../../../Engine/Content/Localization/Keywords/zh-Hans/Keywords.locres" 625
"../../../Engine/Content/Localization/Category/zh-Hans/Category.locres" 626
"../../../Engine/Content/Localization/ToolTips/zh-Hans/ToolTips.locres" 627
"../../../Engine/Content/Localization/PropertyNames/zh-Hans/PropertyNames.locres" 628
"../../../Engine/Content/Localization/Engine/zh-Hans/Engine.locres" 629
"../../../Engine/Plugins/Online/OnlineSubsystem/Content/Localization/OnlineSubsystem/zh-Hans/OnlineSubsystem.locres" 630
"../../../Engine/Plugins/Online/OnlineSubsystemUtils/Content/Localization/OnlineSubsystemUtils/zh-Hans/OnlineSubsystemUtils.locres" 631
"../../../Engine/Plugins/Online/Android/OnlineSubsystemGooglePlay/Content/Localization/OnlineSubsystemGooglePlay/zh-Hans/OnlineSubsystemGooglePlay.locres" 632
"../../../Engine/Plugins/Online/IOS/OnlineSubsystemIOS/Content/Localization/OnlineSubsystemIOS/zh-Hans/OnlineSubsystemIOS.locres" 633
"../../../Engine/Content/Internationalization/icudt64l/numberingSystems.res" 634
"../../../Engine/Content/Internationalization/icudt64l/curr/supplementalData.res" 635
"../../../Engine/Content/Internationalization/icudt64l/curr/zh_CN.res" 636
"../../../Engine/Content/Internationalization/icudt64l/curr/pool.res" 637
"../../../Engine/Content/Internationalization/icudt64l/curr/zh_Hans_CN.res" 638
"../../../Engine/Content/Internationalization/icudt64l/curr/zh_Hans.res" 639
"../../../Engine/Content/Internationalization/icudt64l/curr/zh.res" 640
"../../../Engine/Content/Internationalization/icudt64l/curr/root.res" 641
"../../../Engine/Content/Internationalization/icudt64l/lang/af.res" 642
"../../../Engine/Content/Internationalization/icudt64l/region/af.res" 643
"../../../Engine/Content/Internationalization/icudt64l/lang/agq.res" 644
"../../../Engine/Content/Internationalization/icudt64l/region/agq.res" 645
"../../../Engine/Content/Internationalization/icudt64l/lang/ak.res" 646
"../../../Engine/Content/Internationalization/icudt64l/region/ak.res" 647
"../../../Engine/Content/Internationalization/icudt64l/lang/am.res" 648
"../../../Engine/Content/Internationalization/icudt64l/region/am.res" 649
"../../../Engine/Content/Internationalization/icudt64l/lang/ar.res" 650
"../../../Engine/Content/Internationalization/icudt64l/region/ar.res" 651
"../../../Engine/Content/Internationalization/icudt64l/region/ar_AE.res" 652
"../../../Engine/Content/Internationalization/icudt64l/lang/ar_EG.res" 653
"../../../Engine/Content/Internationalization/icudt64l/lang/ar_LY.res" 654
"../../../Engine/Content/Internationalization/icudt64l/region/ar_LY.res" 655
"../../../Engine/Content/Internationalization/icudt64l/lang/ar_SA.res" 656
"../../../Engine/Content/Internationalization/icudt64l/region/ar_SA.res" 657
"../../../Engine/Content/Internationalization/icudt64l/lang/as.res" 658
"../../../Engine/Content/Internationalization/icudt64l/region/as.res" 659
"../../../Engine/Content/Internationalization/icudt64l/lang/asa.res" 660
"../../../Engine/Content/Internationalization/icudt64l/region/asa.res" 661
"../../../Engine/Content/Internationalization/icudt64l/lang/ast.res" 662
"../../../Engine/Content/Internationalization/icudt64l/region/ast.res" 663
"../../../Engine/Content/Internationalization/icudt64l/lang/az.res" 664
"../../../Engine/Content/Internationalization/icudt64l/lang/az_Cyrl.res" 665
"../../../Engine/Content/Internationalization/icudt64l/lang/az_AZ.res" 666
"../../../Engine/Content/Internationalization/icudt64l/lang/az_Latn_AZ.res" 667
"../../../Engine/Content/Internationalization/icudt64l/lang/az_Latn.res" 668
"../../../Engine/Content/Internationalization/icudt64l/region/az_AZ.res" 669
"../../../Engine/Content/Internationalization/icudt64l/region/az_Latn_AZ.res" 670
"../../../Engine/Content/Internationalization/icudt64l/region/az_Latn.res" 671
"../../../Engine/Content/Internationalization/icudt64l/region/az.res" 672
"../../../Engine/Content/Internationalization/icudt64l/region/az_Cyrl.res" 673
"../../../Engine/Content/Internationalization/icudt64l/lang/bas.res" 674
"../../../Engine/Content/Internationalization/icudt64l/region/bas.res" 675
"../../../Engine/Content/Internationalization/icudt64l/lang/be.res" 676
"../../../Engine/Content/Internationalization/icudt64l/region/be.res" 677
"../../../Engine/Content/Internationalization/icudt64l/lang/bem.res" 678
"../../../Engine/Content/Internationalization/icudt64l/region/bem.res" 679
"../../../Engine/Content/Internationalization/icudt64l/lang/bez.res" 680
"../../../Engine/Content/Internationalization/icudt64l/region/bez.res" 681
"../../../Engine/Content/Internationalization/icudt64l/lang/bg.res" 682
"../../../Engine/Content/Internationalization/icudt64l/region/bg.res" 683
"../../../Engine/Content/Internationalization/icudt64l/lang/bm.res" 684
"../../../Engine/Content/Internationalization/icudt64l/region/bm.res" 685
"../../../Engine/Content/Internationalization/icudt64l/lang/bn.res" 686
"../../../Engine/Content/Internationalization/icudt64l/region/bn.res" 687
"../../../Engine/Content/Internationalization/icudt64l/lang/bn_IN.res" 688
"../../../Engine/Content/Internationalization/icudt64l/region/bn_IN.res" 689
"../../../Engine/Content/Internationalization/icudt64l/lang/bo.res" 690
"../../../Engine/Content/Internationalization/icudt64l/region/bo.res" 691
"../../../Engine/Content/Internationalization/icudt64l/region/bo_IN.res" 692
"../../../Engine/Content/Internationalization/icudt64l/lang/br.res" 693
"../../../Engine/Content/Internationalization/icudt64l/region/br.res" 694
"../../../Engine/Content/Internationalization/icudt64l/lang/brx.res" 695
"../../../Engine/Content/Internationalization/icudt64l/region/brx.res" 696
"../../../Engine/Content/Internationalization/icudt64l/lang/bs.res" 697
"../../../Engine/Content/Internationalization/icudt64l/lang/bs_Cyrl.res" 698
"../../../Engine/Content/Internationalization/icudt64l/lang/bs_BA.res" 699
"../../../Engine/Content/Internationalization/icudt64l/lang/bs_Latn_BA.res" 700
"../../../Engine/Content/Internationalization/icudt64l/lang/bs_Latn.res" 701
"../../../Engine/Content/Internationalization/icudt64l/region/bs_BA.res" 702
"../../../Engine/Content/Internationalization/icudt64l/region/bs_Latn_BA.res" 703
"../../../Engine/Content/Internationalization/icudt64l/region/bs_Latn.res" 704
"../../../Engine/Content/Internationalization/icudt64l/region/bs.res" 705
"../../../Engine/Content/Internationalization/icudt64l/region/bs_Cyrl.res" 706
"../../../Engine/Content/Internationalization/icudt64l/lang/ca.res" 707
"../../../Engine/Content/Internationalization/icudt64l/region/ca.res" 708
"../../../Engine/Content/Internationalization/icudt64l/lang/ccp.res" 709
"../../../Engine/Content/Internationalization/icudt64l/region/ccp.res" 710
"../../../Engine/Content/Internationalization/icudt64l/lang/ce.res" 711
"../../../Engine/Content/Internationalization/icudt64l/region/ce.res" 712
"../../../Engine/Content/Internationalization/icudt64l/lang/ceb.res" 713
"../../../Engine/Content/Internationalization/icudt64l/region/ceb.res" 714
"../../../Engine/Content/Internationalization/icudt64l/lang/cgg.res" 715
"../../../Engine/Content/Internationalization/icudt64l/region/cgg.res" 716
"../../../Engine/Content/Internationalization/icudt64l/lang/chr.res" 717
"../../../Engine/Content/Internationalization/icudt64l/region/chr.res" 718
"../../../Engine/Content/Internationalization/icudt64l/lang/ckb.res" 719
"../../../Engine/Content/Internationalization/icudt64l/region/ckb.res" 720
"../../../Engine/Content/Internationalization/icudt64l/lang/cs.res" 721
"../../../Engine/Content/Internationalization/icudt64l/region/cs.res" 722
"../../../Engine/Content/Internationalization/icudt64l/lang/cy.res" 723
"../../../Engine/Content/Internationalization/icudt64l/region/cy.res" 724
"../../../Engine/Content/Internationalization/icudt64l/lang/da.res" 725
"../../../Engine/Content/Internationalization/icudt64l/region/da.res" 726
"../../../Engine/Content/Internationalization/icudt64l/lang/dav.res" 727
"../../../Engine/Content/Internationalization/icudt64l/region/dav.res" 728
"../../../Engine/Content/Internationalization/icudt64l/lang/de.res" 729
"../../../Engine/Content/Internationalization/icudt64l/lang/de_AT.res" 730
"../../../Engine/Content/Internationalization/icudt64l/region/de_AT.res" 731
"../../../Engine/Content/Internationalization/icudt64l/region/de.res" 732
"../../../Engine/Content/Internationalization/icudt64l/lang/de_CH.res" 733
"../../../Engine/Content/Internationalization/icudt64l/region/de_CH.res" 734
"../../../Engine/Content/Internationalization/icudt64l/lang/de_LU.res" 735
"../../../Engine/Content/Internationalization/icudt64l/lang/dje.res" 736
"../../../Engine/Content/Internationalization/icudt64l/region/dje.res" 737
"../../../Engine/Content/Internationalization/icudt64l/lang/dsb.res" 738
"../../../Engine/Content/Internationalization/icudt64l/region/dsb.res" 739
"../../../Engine/Content/Internationalization/icudt64l/lang/dua.res" 740
"../../../Engine/Content/Internationalization/icudt64l/region/dua.res" 741
"../../../Engine/Content/Internationalization/icudt64l/lang/dyo.res" 742
"../../../Engine/Content/Internationalization/icudt64l/region/dyo.res" 743
"../../../Engine/Content/Internationalization/icudt64l/lang/dz.res" 744
"../../../Engine/Content/Internationalization/icudt64l/region/dz.res" 745
"../../../Engine/Content/Internationalization/icudt64l/lang/ebu.res" 746
"../../../Engine/Content/Internationalization/icudt64l/region/ebu.res" 747
"../../../Engine/Content/Internationalization/icudt64l/lang/ee.res" 748
"../../../Engine/Content/Internationalization/icudt64l/region/ee.res" 749
"../../../Engine/Content/Internationalization/icudt64l/lang/el.res" 750
"../../../Engine/Content/Internationalization/icudt64l/region/el.res" 751
"../../../Engine/Content/Internationalization/icudt64l/lang/en_001.res" 752
"../../../Engine/Content/Internationalization/icudt64l/lang/en_150.res" 753
"../../../Engine/Content/Internationalization/icudt64l/region/en_150.res" 754
"../../../Engine/Content/Internationalization/icudt64l/lang/en_AG.res" 755
"../../../Engine/Content/Internationalization/icudt64l/region/en_AG.res" 756
"../../../Engine/Content/Internationalization/icudt64l/lang/en_AI.res" 757
"../../../Engine/Content/Internationalization/icudt64l/region/en_AI.res" 758
"../../../Engine/Content/Internationalization/icudt64l/lang/en_AT.res" 759
"../../../Engine/Content/Internationalization/icudt64l/region/en_AT.res" 760
"../../../Engine/Content/Internationalization/icudt64l/lang/en_AU.res" 761
"../../../Engine/Content/Internationalization/icudt64l/region/en_AU.res" 762
"../../../Engine/Content/Internationalization/icudt64l/lang/en_BB.res" 763
"../../../Engine/Content/Internationalization/icudt64l/region/en_BB.res" 764
"../../../Engine/Content/Internationalization/icudt64l/lang/en_BE.res" 765
"../../../Engine/Content/Internationalization/icudt64l/region/en_BE.res" 766
"../../../Engine/Content/Internationalization/icudt64l/lang/en_BM.res" 767
"../../../Engine/Content/Internationalization/icudt64l/region/en_BM.res" 768
"../../../Engine/Content/Internationalization/icudt64l/lang/en_BS.res" 769
"../../../Engine/Content/Internationalization/icudt64l/region/en_BS.res" 770
"../../../Engine/Content/Internationalization/icudt64l/lang/en_BW.res" 771
"../../../Engine/Content/Internationalization/icudt64l/region/en_BW.res" 772
"../../../Engine/Content/Internationalization/icudt64l/lang/en_BZ.res" 773
"../../../Engine/Content/Internationalization/icudt64l/region/en_BZ.res" 774
"../../../Engine/Content/Internationalization/icudt64l/lang/en_CA.res" 775
"../../../Engine/Content/Internationalization/icudt64l/region/en_CA.res" 776
"../../../Engine/Content/Internationalization/icudt64l/lang/en_CC.res" 777
"../../../Engine/Content/Internationalization/icudt64l/region/en_CC.res" 778
"../../../Engine/Content/Internationalization/icudt64l/lang/en_CH.res" 779
"../../../Engine/Content/Internationalization/icudt64l/region/en_CH.res" 780
"../../../Engine/Content/Internationalization/icudt64l/lang/en_CK.res" 781
"../../../Engine/Content/Internationalization/icudt64l/region/en_CK.res" 782
"../../../Engine/Content/Internationalization/icudt64l/lang/en_CM.res" 783
"../../../Engine/Content/Internationalization/icudt64l/region/en_CM.res" 784
"../../../Engine/Content/Internationalization/icudt64l/lang/en_CX.res" 785
"../../../Engine/Content/Internationalization/icudt64l/region/en_CX.res" 786
"../../../Engine/Content/Internationalization/icudt64l/lang/en_CY.res" 787
"../../../Engine/Content/Internationalization/icudt64l/region/en_CY.res" 788
"../../../Engine/Content/Internationalization/icudt64l/lang/en_DE.res" 789
"../../../Engine/Content/Internationalization/icudt64l/region/en_DE.res" 790
"../../../Engine/Content/Internationalization/icudt64l/lang/en_DG.res" 791
"../../../Engine/Content/Internationalization/icudt64l/region/en_DG.res" 792
"../../../Engine/Content/Internationalization/icudt64l/lang/en_DK.res" 793
"../../../Engine/Content/Internationalization/icudt64l/region/en_DK.res" 794
"../../../Engine/Content/Internationalization/icudt64l/lang/en_DM.res" 795
"../../../Engine/Content/Internationalization/icudt64l/region/en_DM.res" 796
"../../../Engine/Content/Internationalization/icudt64l/lang/en_ER.res" 797
"../../../Engine/Content/Internationalization/icudt64l/region/en_ER.res" 798
"../../../Engine/Content/Internationalization/icudt64l/lang/en_FI.res" 799
"../../../Engine/Content/Internationalization/icudt64l/region/en_FI.res" 800
"../../../Engine/Content/Internationalization/icudt64l/lang/en_FJ.res" 801
"../../../Engine/Content/Internationalization/icudt64l/region/en_FJ.res" 802
"../../../Engine/Content/Internationalization/icudt64l/lang/en_FK.res" 803
"../../../Engine/Content/Internationalization/icudt64l/region/en_FK.res" 804
"../../../Engine/Content/Internationalization/icudt64l/lang/en_FM.res" 805
"../../../Engine/Content/Internationalization/icudt64l/region/en_FM.res" 806
"../../../Engine/Content/Internationalization/icudt64l/lang/en_GB.res" 807
"../../../Engine/Content/Internationalization/icudt64l/region/en_GB.res" 808
"../../../Engine/Content/Internationalization/icudt64l/lang/en_GD.res" 809
"../../../Engine/Content/Internationalization/icudt64l/region/en_GD.res" 810
"../../../Engine/Content/Internationalization/icudt64l/lang/en_GG.res" 811
"../../../Engine/Content/Internationalization/icudt64l/region/en_GG.res" 812
"../../../Engine/Content/Internationalization/icudt64l/lang/en_GH.res" 813
"../../../Engine/Content/Internationalization/icudt64l/region/en_GH.res" 814
"../../../Engine/Content/Internationalization/icudt64l/lang/en_GI.res" 815
"../../../Engine/Content/Internationalization/icudt64l/region/en_GI.res" 816
"../../../Engine/Content/Internationalization/icudt64l/lang/en_GM.res" 817
"../../../Engine/Content/Internationalization/icudt64l/region/en_GM.res" 818
"../../../Engine/Content/Internationalization/icudt64l/lang/en_GY.res" 819
"../../../Engine/Content/Internationalization/icudt64l/region/en_GY.res" 820
"../../../Engine/Content/Internationalization/icudt64l/lang/en_HK.res" 821
"../../../Engine/Content/Internationalization/icudt64l/region/en_HK.res" 822
"../../../Engine/Content/Internationalization/icudt64l/lang/en_IE.res" 823
"../../../Engine/Content/Internationalization/icudt64l/region/en_IE.res" 824
"../../../Engine/Content/Internationalization/icudt64l/lang/en_IL.res" 825
"../../../Engine/Content/Internationalization/icudt64l/region/en_IL.res" 826
"../../../Engine/Content/Internationalization/icudt64l/lang/en_IM.res" 827
"../../../Engine/Content/Internationalization/icudt64l/region/en_IM.res" 828
"../../../Engine/Content/Internationalization/icudt64l/lang/en_IN.res" 829
"../../../Engine/Content/Internationalization/icudt64l/region/en_IN.res" 830
"../../../Engine/Content/Internationalization/icudt64l/lang/en_IO.res" 831
"../../../Engine/Content/Internationalization/icudt64l/region/en_IO.res" 832
"../../../Engine/Content/Internationalization/icudt64l/lang/en_JE.res" 833
"../../../Engine/Content/Internationalization/icudt64l/region/en_JE.res" 834
"../../../Engine/Content/Internationalization/icudt64l/lang/en_JM.res" 835
"../../../Engine/Content/Internationalization/icudt64l/region/en_JM.res" 836
"../../../Engine/Content/Internationalization/icudt64l/lang/en_KE.res" 837
"../../../Engine/Content/Internationalization/icudt64l/region/en_KE.res" 838
"../../../Engine/Content/Internationalization/icudt64l/lang/en_KI.res" 839
"../../../Engine/Content/Internationalization/icudt64l/region/en_KI.res" 840
"../../../Engine/Content/Internationalization/icudt64l/lang/en_KN.res" 841
"../../../Engine/Content/Internationalization/icudt64l/region/en_KN.res" 842
"../../../Engine/Content/Internationalization/icudt64l/lang/en_KY.res" 843
"../../../Engine/Content/Internationalization/icudt64l/region/en_KY.res" 844
"../../../Engine/Content/Internationalization/icudt64l/lang/en_LC.res" 845
"../../../Engine/Content/Internationalization/icudt64l/region/en_LC.res" 846
"../../../Engine/Content/Internationalization/icudt64l/lang/en_LR.res" 847
"../../../Engine/Content/Internationalization/icudt64l/region/en_LR.res" 848
"../../../Engine/Content/Internationalization/icudt64l/lang/en_LS.res" 849
"../../../Engine/Content/Internationalization/icudt64l/region/en_LS.res" 850
"../../../Engine/Content/Internationalization/icudt64l/lang/en_MG.res" 851
"../../../Engine/Content/Internationalization/icudt64l/region/en_MG.res" 852
"../../../Engine/Content/Internationalization/icudt64l/lang/en_MO.res" 853
"../../../Engine/Content/Internationalization/icudt64l/region/en_MO.res" 854
"../../../Engine/Content/Internationalization/icudt64l/lang/en_MS.res" 855
"../../../Engine/Content/Internationalization/icudt64l/region/en_MS.res" 856
"../../../Engine/Content/Internationalization/icudt64l/lang/en_MT.res" 857
"../../../Engine/Content/Internationalization/icudt64l/region/en_MT.res" 858
"../../../Engine/Content/Internationalization/icudt64l/lang/en_MU.res" 859
"../../../Engine/Content/Internationalization/icudt64l/region/en_MU.res" 860
"../../../Engine/Content/Internationalization/icudt64l/lang/en_MW.res" 861
"../../../Engine/Content/Internationalization/icudt64l/region/en_MW.res" 862
"../../../Engine/Content/Internationalization/icudt64l/lang/en_MY.res" 863
"../../../Engine/Content/Internationalization/icudt64l/region/en_MY.res" 864
"../../../Engine/Content/Internationalization/icudt64l/lang/en_NA.res" 865
"../../../Engine/Content/Internationalization/icudt64l/region/en_NA.res" 866
"../../../Engine/Content/Internationalization/icudt64l/lang/en_NF.res" 867
"../../../Engine/Content/Internationalization/icudt64l/region/en_NF.res" 868
"../../../Engine/Content/Internationalization/icudt64l/lang/en_NG.res" 869
"../../../Engine/Content/Internationalization/icudt64l/region/en_NG.res" 870
"../../../Engine/Content/Internationalization/icudt64l/lang/en_NL.res" 871
"../../../Engine/Content/Internationalization/icudt64l/region/en_NL.res" 872
"../../../Engine/Content/Internationalization/icudt64l/lang/en_NR.res" 873
"../../../Engine/Content/Internationalization/icudt64l/region/en_NR.res" 874
"../../../Engine/Content/Internationalization/icudt64l/lang/en_NU.res" 875
"../../../Engine/Content/Internationalization/icudt64l/region/en_NU.res" 876
"../../../Engine/Content/Internationalization/icudt64l/lang/en_NZ.res" 877
"../../../Engine/Content/Internationalization/icudt64l/region/en_NZ.res" 878
"../../../Engine/Content/Internationalization/icudt64l/lang/en_PG.res" 879
"../../../Engine/Content/Internationalization/icudt64l/region/en_PG.res" 880
"../../../Engine/Content/Internationalization/icudt64l/lang/en_PH.res" 881
"../../../Engine/Content/Internationalization/icudt64l/region/en_PH.res" 882
"../../../Engine/Content/Internationalization/icudt64l/lang/en_PK.res" 883
"../../../Engine/Content/Internationalization/icudt64l/region/en_PK.res" 884
"../../../Engine/Content/Internationalization/icudt64l/lang/en_PN.res" 885
"../../../Engine/Content/Internationalization/icudt64l/region/en_PN.res" 886
"../../../Engine/Content/Internationalization/icudt64l/lang/en_PW.res" 887
"../../../Engine/Content/Internationalization/icudt64l/region/en_PW.res" 888
"../../../Engine/Content/Internationalization/icudt64l/lang/en_RW.res" 889
"../../../Engine/Content/Internationalization/icudt64l/region/en_RW.res" 890
"../../../Engine/Content/Internationalization/icudt64l/lang/en_SB.res" 891
"../../../Engine/Content/Internationalization/icudt64l/region/en_SB.res" 892
"../../../Engine/Content/Internationalization/icudt64l/lang/en_SC.res" 893
"../../../Engine/Content/Internationalization/icudt64l/region/en_SC.res" 894
"../../../Engine/Content/Internationalization/icudt64l/lang/en_SD.res" 895
"../../../Engine/Content/Internationalization/icudt64l/region/en_SD.res" 896
"../../../Engine/Content/Internationalization/icudt64l/lang/en_SE.res" 897
"../../../Engine/Content/Internationalization/icudt64l/region/en_SE.res" 898
"../../../Engine/Content/Internationalization/icudt64l/lang/en_SG.res" 899
"../../../Engine/Content/Internationalization/icudt64l/region/en_SG.res" 900
"../../../Engine/Content/Internationalization/icudt64l/lang/en_SH.res" 901
"../../../Engine/Content/Internationalization/icudt64l/region/en_SH.res" 902
"../../../Engine/Content/Internationalization/icudt64l/lang/en_SI.res" 903
"../../../Engine/Content/Internationalization/icudt64l/region/en_SI.res" 904
"../../../Engine/Content/Internationalization/icudt64l/lang/en_SL.res" 905
"../../../Engine/Content/Internationalization/icudt64l/region/en_SL.res" 906
"../../../Engine/Content/Internationalization/icudt64l/lang/en_SS.res" 907
"../../../Engine/Content/Internationalization/icudt64l/region/en_SS.res" 908
"../../../Engine/Content/Internationalization/icudt64l/lang/en_SX.res" 909
"../../../Engine/Content/Internationalization/icudt64l/region/en_SX.res" 910
"../../../Engine/Content/Internationalization/icudt64l/lang/en_SZ.res" 911
"../../../Engine/Content/Internationalization/icudt64l/region/en_SZ.res" 912
"../../../Engine/Content/Internationalization/icudt64l/lang/en_TC.res" 913
"../../../Engine/Content/Internationalization/icudt64l/region/en_TC.res" 914
"../../../Engine/Content/Internationalization/icudt64l/lang/en_TK.res" 915
"../../../Engine/Content/Internationalization/icudt64l/region/en_TK.res" 916
"../../../Engine/Content/Internationalization/icudt64l/lang/en_TO.res" 917
"../../../Engine/Content/Internationalization/icudt64l/region/en_TO.res" 918
"../../../Engine/Content/Internationalization/icudt64l/lang/en_TT.res" 919
"../../../Engine/Content/Internationalization/icudt64l/region/en_TT.res" 920
"../../../Engine/Content/Internationalization/icudt64l/lang/en_TV.res" 921
"../../../Engine/Content/Internationalization/icudt64l/region/en_TV.res" 922
"../../../Engine/Content/Internationalization/icudt64l/lang/en_TZ.res" 923
"../../../Engine/Content/Internationalization/icudt64l/region/en_TZ.res" 924
"../../../Engine/Content/Internationalization/icudt64l/lang/en_UG.res" 925
"../../../Engine/Content/Internationalization/icudt64l/region/en_UG.res" 926
"../../../Engine/Content/Internationalization/icudt64l/lang/en_VC.res" 927
"../../../Engine/Content/Internationalization/icudt64l/region/en_VC.res" 928
"../../../Engine/Content/Internationalization/icudt64l/lang/en_VG.res" 929
"../../../Engine/Content/Internationalization/icudt64l/region/en_VG.res" 930
"../../../Engine/Content/Internationalization/icudt64l/lang/en_VU.res" 931
"../../../Engine/Content/Internationalization/icudt64l/region/en_VU.res" 932
"../../../Engine/Content/Internationalization/icudt64l/lang/en_WS.res" 933
"../../../Engine/Content/Internationalization/icudt64l/region/en_WS.res" 934
"../../../Engine/Content/Internationalization/icudt64l/lang/en_ZA.res" 935
"../../../Engine/Content/Internationalization/icudt64l/region/en_ZA.res" 936
"../../../Engine/Content/Internationalization/icudt64l/lang/en_ZM.res" 937
"../../../Engine/Content/Internationalization/icudt64l/region/en_ZM.res" 938
"../../../Engine/Content/Internationalization/icudt64l/lang/en_ZW.res" 939
"../../../Engine/Content/Internationalization/icudt64l/region/en_ZW.res" 940
"../../../Engine/Content/Internationalization/icudt64l/lang/eo.res" 941
"../../../Engine/Content/Internationalization/icudt64l/region/eo.res" 942
"../../../Engine/Content/Internationalization/icudt64l/lang/es.res" 943
"../../../Engine/Content/Internationalization/icudt64l/lang/es_419.res" 944
"../../../Engine/Content/Internationalization/icudt64l/region/es_419.res" 945
"../../../Engine/Content/Internationalization/icudt64l/region/es.res" 946
"../../../Engine/Content/Internationalization/icudt64l/lang/es_AR.res" 947
"../../../Engine/Content/Internationalization/icudt64l/region/es_AR.res" 948
"../../../Engine/Content/Internationalization/icudt64l/lang/es_BO.res" 949
"../../../Engine/Content/Internationalization/icudt64l/region/es_BO.res" 950
"../../../Engine/Content/Internationalization/icudt64l/lang/es_BR.res" 951
"../../../Engine/Content/Internationalization/icudt64l/region/es_BR.res" 952
"../../../Engine/Content/Internationalization/icudt64l/lang/es_BZ.res" 953
"../../../Engine/Content/Internationalization/icudt64l/region/es_BZ.res" 954
"../../../Engine/Content/Internationalization/icudt64l/lang/es_CL.res" 955
"../../../Engine/Content/Internationalization/icudt64l/region/es_CL.res" 956
"../../../Engine/Content/Internationalization/icudt64l/lang/es_CO.res" 957
"../../../Engine/Content/Internationalization/icudt64l/region/es_CO.res" 958
"../../../Engine/Content/Internationalization/icudt64l/lang/es_CR.res" 959
"../../../Engine/Content/Internationalization/icudt64l/region/es_CR.res" 960
"../../../Engine/Content/Internationalization/icudt64l/lang/es_CU.res" 961
"../../../Engine/Content/Internationalization/icudt64l/region/es_CU.res" 962
"../../../Engine/Content/Internationalization/icudt64l/lang/es_DO.res" 963
"../../../Engine/Content/Internationalization/icudt64l/region/es_DO.res" 964
"../../../Engine/Content/Internationalization/icudt64l/lang/es_EC.res" 965
"../../../Engine/Content/Internationalization/icudt64l/region/es_EC.res" 966
"../../../Engine/Content/Internationalization/icudt64l/lang/es_GT.res" 967
"../../../Engine/Content/Internationalization/icudt64l/region/es_GT.res" 968
"../../../Engine/Content/Internationalization/icudt64l/lang/es_HN.res" 969
"../../../Engine/Content/Internationalization/icudt64l/region/es_HN.res" 970
"../../../Engine/Content/Internationalization/icudt64l/lang/es_MX.res" 971
"../../../Engine/Content/Internationalization/icudt64l/region/es_MX.res" 972
"../../../Engine/Content/Internationalization/icudt64l/lang/es_NI.res" 973
"../../../Engine/Content/Internationalization/icudt64l/region/es_NI.res" 974
"../../../Engine/Content/Internationalization/icudt64l/lang/es_PA.res" 975
"../../../Engine/Content/Internationalization/icudt64l/region/es_PA.res" 976
"../../../Engine/Content/Internationalization/icudt64l/lang/es_PE.res" 977
"../../../Engine/Content/Internationalization/icudt64l/region/es_PE.res" 978
"../../../Engine/Content/Internationalization/icudt64l/lang/es_PR.res" 979
"../../../Engine/Content/Internationalization/icudt64l/region/es_PR.res" 980
"../../../Engine/Content/Internationalization/icudt64l/lang/es_PY.res" 981
"../../../Engine/Content/Internationalization/icudt64l/region/es_PY.res" 982
"../../../Engine/Content/Internationalization/icudt64l/lang/es_SV.res" 983
"../../../Engine/Content/Internationalization/icudt64l/region/es_SV.res" 984
"../../../Engine/Content/Internationalization/icudt64l/lang/es_US.res" 985
"../../../Engine/Content/Internationalization/icudt64l/region/es_US.res" 986
"../../../Engine/Content/Internationalization/icudt64l/lang/es_UY.res" 987
"../../../Engine/Content/Internationalization/icudt64l/region/es_UY.res" 988
"../../../Engine/Content/Internationalization/icudt64l/lang/es_VE.res" 989
"../../../Engine/Content/Internationalization/icudt64l/region/es_VE.res" 990
"../../../Engine/Content/Internationalization/icudt64l/lang/et.res" 991
"../../../Engine/Content/Internationalization/icudt64l/region/et.res" 992
"../../../Engine/Content/Internationalization/icudt64l/lang/eu.res" 993
"../../../Engine/Content/Internationalization/icudt64l/region/eu.res" 994
"../../../Engine/Content/Internationalization/icudt64l/lang/ewo.res" 995
"../../../Engine/Content/Internationalization/icudt64l/region/ewo.res" 996
"../../../Engine/Content/Internationalization/icudt64l/lang/fa.res" 997
"../../../Engine/Content/Internationalization/icudt64l/lang/fa_AF.res" 998
"../../../Engine/Content/Internationalization/icudt64l/region/fa_AF.res" 999
"../../../Engine/Content/Internationalization/icudt64l/region/fa.res" 1000
"../../../Engine/Content/Internationalization/icudt64l/lang/ff.res" 1001
"../../../Engine/Content/Internationalization/icudt64l/lang/ff_Latn.res" 1002
"../../../Engine/Content/Internationalization/icudt64l/region/ff.res" 1003
"../../../Engine/Content/Internationalization/icudt64l/region/ff_Latn.res" 1004
"../../../Engine/Content/Internationalization/icudt64l/lang/ff_CM.res" 1005
"../../../Engine/Content/Internationalization/icudt64l/lang/ff_Latn_CM.res" 1006
"../../../Engine/Content/Internationalization/icudt64l/region/ff_CM.res" 1007
"../../../Engine/Content/Internationalization/icudt64l/region/ff_Latn_CM.res" 1008
"../../../Engine/Content/Internationalization/icudt64l/lang/ff_GN.res" 1009
"../../../Engine/Content/Internationalization/icudt64l/lang/ff_Latn_GN.res" 1010
"../../../Engine/Content/Internationalization/icudt64l/region/ff_GN.res" 1011
"../../../Engine/Content/Internationalization/icudt64l/region/ff_Latn_GN.res" 1012
"../../../Engine/Content/Internationalization/icudt64l/lang/ff_MR.res" 1013
"../../../Engine/Content/Internationalization/icudt64l/lang/ff_Latn_MR.res" 1014
"../../../Engine/Content/Internationalization/icudt64l/region/ff_MR.res" 1015
"../../../Engine/Content/Internationalization/icudt64l/region/ff_Latn_MR.res" 1016
"../../../Engine/Content/Internationalization/icudt64l/lang/ff_SN.res" 1017
"../../../Engine/Content/Internationalization/icudt64l/lang/ff_Latn_SN.res" 1018
"../../../Engine/Content/Internationalization/icudt64l/region/ff_SN.res" 1019
"../../../Engine/Content/Internationalization/icudt64l/region/ff_Latn_SN.res" 1020
"../../../Engine/Content/Internationalization/icudt64l/lang/fi.res" 1021
"../../../Engine/Content/Internationalization/icudt64l/region/fi.res" 1022
"../../../Engine/Content/Internationalization/icudt64l/lang/fil.res" 1023
"../../../Engine/Content/Internationalization/icudt64l/lang/fil_PH.res" 1024
"../../../Engine/Content/Internationalization/icudt64l/region/fil_PH.res" 1025
"../../../Engine/Content/Internationalization/icudt64l/region/fil.res" 1026
"../../../Engine/Content/Internationalization/icudt64l/lang/fo.res" 1027
"../../../Engine/Content/Internationalization/icudt64l/region/fo.res" 1028
"../../../Engine/Content/Internationalization/icudt64l/lang/fr.res" 1029
"../../../Engine/Content/Internationalization/icudt64l/lang/fr_BE.res" 1030
"../../../Engine/Content/Internationalization/icudt64l/region/fr_BE.res" 1031
"../../../Engine/Content/Internationalization/icudt64l/region/fr.res" 1032
"../../../Engine/Content/Internationalization/icudt64l/lang/fr_CA.res" 1033
"../../../Engine/Content/Internationalization/icudt64l/region/fr_CA.res" 1034
"../../../Engine/Content/Internationalization/icudt64l/lang/fr_CH.res" 1035
"../../../Engine/Content/Internationalization/icudt64l/lang/fur.res" 1036
"../../../Engine/Content/Internationalization/icudt64l/region/fur.res" 1037
"../../../Engine/Content/Internationalization/icudt64l/lang/fy.res" 1038
"../../../Engine/Content/Internationalization/icudt64l/region/fy.res" 1039
"../../../Engine/Content/Internationalization/icudt64l/lang/ga.res" 1040
"../../../Engine/Content/Internationalization/icudt64l/region/ga.res" 1041
"../../../Engine/Content/Internationalization/icudt64l/lang/gd.res" 1042
"../../../Engine/Content/Internationalization/icudt64l/region/gd.res" 1043
"../../../Engine/Content/Internationalization/icudt64l/lang/gl.res" 1044
"../../../Engine/Content/Internationalization/icudt64l/region/gl.res" 1045
"../../../Engine/Content/Internationalization/icudt64l/lang/gsw.res" 1046
"../../../Engine/Content/Internationalization/icudt64l/region/gsw.res" 1047
"../../../Engine/Content/Internationalization/icudt64l/lang/gu.res" 1048
"../../../Engine/Content/Internationalization/icudt64l/region/gu.res" 1049
"../../../Engine/Content/Internationalization/icudt64l/lang/guz.res" 1050
"../../../Engine/Content/Internationalization/icudt64l/region/guz.res" 1051
"../../../Engine/Content/Internationalization/icudt64l/lang/gv.res" 1052
"../../../Engine/Content/Internationalization/icudt64l/region/gv.res" 1053
"../../../Engine/Content/Internationalization/icudt64l/lang/ha.res" 1054
"../../../Engine/Content/Internationalization/icudt64l/region/ha.res" 1055
"../../../Engine/Content/Internationalization/icudt64l/lang/ha_NE.res" 1056
"../../../Engine/Content/Internationalization/icudt64l/region/ha_NE.res" 1057
"../../../Engine/Content/Internationalization/icudt64l/lang/haw.res" 1058
"../../../Engine/Content/Internationalization/icudt64l/region/haw.res" 1059
"../../../Engine/Content/Internationalization/icudt64l/lang/he.res" 1060
"../../../Engine/Content/Internationalization/icudt64l/lang/he_IL.res" 1061
"../../../Engine/Content/Internationalization/icudt64l/region/he_IL.res" 1062
"../../../Engine/Content/Internationalization/icudt64l/region/he.res" 1063
"../../../Engine/Content/Internationalization/icudt64l/lang/hi.res" 1064
"../../../Engine/Content/Internationalization/icudt64l/region/hi.res" 1065
"../../../Engine/Content/Internationalization/icudt64l/lang/hr.res" 1066
"../../../Engine/Content/Internationalization/icudt64l/region/hr.res" 1067
"../../../Engine/Content/Internationalization/icudt64l/lang/hsb.res" 1068
"../../../Engine/Content/Internationalization/icudt64l/region/hsb.res" 1069
"../../../Engine/Content/Internationalization/icudt64l/lang/hu.res" 1070
"../../../Engine/Content/Internationalization/icudt64l/region/hu.res" 1071
"../../../Engine/Content/Internationalization/icudt64l/lang/hy.res" 1072
"../../../Engine/Content/Internationalization/icudt64l/region/hy.res" 1073
"../../../Engine/Content/Internationalization/icudt64l/lang/ia.res" 1074
"../../../Engine/Content/Internationalization/icudt64l/region/ia.res" 1075
"../../../Engine/Content/Internationalization/icudt64l/lang/id.res" 1076
"../../../Engine/Content/Internationalization/icudt64l/lang/id_ID.res" 1077
"../../../Engine/Content/Internationalization/icudt64l/region/id_ID.res" 1078
"../../../Engine/Content/Internationalization/icudt64l/region/id.res" 1079
"../../../Engine/Content/Internationalization/icudt64l/lang/ig.res" 1080
"../../../Engine/Content/Internationalization/icudt64l/region/ig.res" 1081
"../../../Engine/Content/Internationalization/icudt64l/lang/ii.res" 1082
"../../../Engine/Content/Internationalization/icudt64l/region/ii.res" 1083
"../../../Engine/Content/Internationalization/icudt64l/lang/is.res" 1084
"../../../Engine/Content/Internationalization/icudt64l/region/is.res" 1085
"../../../Engine/Content/Internationalization/icudt64l/lang/it.res" 1086
"../../../Engine/Content/Internationalization/icudt64l/region/it.res" 1087
"../../../Engine/Content/Internationalization/icudt64l/lang/ja.res" 1088
"../../../Engine/Content/Internationalization/icudt64l/lang/ja_JP.res" 1089
"../../../Engine/Content/Internationalization/icudt64l/region/ja_JP.res" 1090
"../../../Engine/Content/Internationalization/icudt64l/region/ja.res" 1091
"../../../Engine/Content/Internationalization/icudt64l/lang/jgo.res" 1092
"../../../Engine/Content/Internationalization/icudt64l/region/jgo.res" 1093
"../../../Engine/Content/Internationalization/icudt64l/lang/jmc.res" 1094
"../../../Engine/Content/Internationalization/icudt64l/region/jmc.res" 1095
"../../../Engine/Content/Internationalization/icudt64l/lang/jv.res" 1096
"../../../Engine/Content/Internationalization/icudt64l/region/jv.res" 1097
"../../../Engine/Content/Internationalization/icudt64l/lang/ka.res" 1098
"../../../Engine/Content/Internationalization/icudt64l/region/ka.res" 1099
"../../../Engine/Content/Internationalization/icudt64l/lang/kab.res" 1100
"../../../Engine/Content/Internationalization/icudt64l/region/kab.res" 1101
"../../../Engine/Content/Internationalization/icudt64l/lang/kam.res" 1102
"../../../Engine/Content/Internationalization/icudt64l/region/kam.res" 1103
"../../../Engine/Content/Internationalization/icudt64l/lang/kde.res" 1104
"../../../Engine/Content/Internationalization/icudt64l/region/kde.res" 1105
"../../../Engine/Content/Internationalization/icudt64l/lang/kea.res" 1106
"../../../Engine/Content/Internationalization/icudt64l/region/kea.res" 1107
"../../../Engine/Content/Internationalization/icudt64l/lang/khq.res" 1108
"../../../Engine/Content/Internationalization/icudt64l/region/khq.res" 1109
"../../../Engine/Content/Internationalization/icudt64l/lang/ki.res" 1110
"../../../Engine/Content/Internationalization/icudt64l/region/ki.res" 1111
"../../../Engine/Content/Internationalization/icudt64l/lang/kk.res" 1112
"../../../Engine/Content/Internationalization/icudt64l/region/kk.res" 1113
"../../../Engine/Content/Internationalization/icudt64l/lang/kkj.res" 1114
"../../../Engine/Content/Internationalization/icudt64l/region/kkj.res" 1115
"../../../Engine/Content/Internationalization/icudt64l/lang/kl.res" 1116
"../../../Engine/Content/Internationalization/icudt64l/region/kl.res" 1117
"../../../Engine/Content/Internationalization/icudt64l/lang/kln.res" 1118
"../../../Engine/Content/Internationalization/icudt64l/region/kln.res" 1119
"../../../Engine/Content/Internationalization/icudt64l/lang/km.res" 1120
"../../../Engine/Content/Internationalization/icudt64l/region/km.res" 1121
"../../../Engine/Content/Internationalization/icudt64l/lang/kn.res" 1122
"../../../Engine/Content/Internationalization/icudt64l/region/kn.res" 1123
"../../../Engine/Content/Internationalization/icudt64l/lang/ko.res" 1124
"../../../Engine/Content/Internationalization/icudt64l/region/ko_KP.res" 1125
"../../../Engine/Content/Internationalization/icudt64l/region/ko.res" 1126
"../../../Engine/Content/Internationalization/icudt64l/lang/kok.res" 1127
"../../../Engine/Content/Internationalization/icudt64l/region/kok.res" 1128
"../../../Engine/Content/Internationalization/icudt64l/lang/ks.res" 1129
"../../../Engine/Content/Internationalization/icudt64l/region/ks.res" 1130
"../../../Engine/Content/Internationalization/icudt64l/lang/ksb.res" 1131
"../../../Engine/Content/Internationalization/icudt64l/region/ksb.res" 1132
"../../../Engine/Content/Internationalization/icudt64l/lang/ksf.res" 1133
"../../../Engine/Content/Internationalization/icudt64l/region/ksf.res" 1134
"../../../Engine/Content/Internationalization/icudt64l/lang/ksh.res" 1135
"../../../Engine/Content/Internationalization/icudt64l/region/ksh.res" 1136
"../../../Engine/Content/Internationalization/icudt64l/lang/ku.res" 1137
"../../../Engine/Content/Internationalization/icudt64l/region/ku.res" 1138
"../../../Engine/Content/Internationalization/icudt64l/lang/kw.res" 1139
"../../../Engine/Content/Internationalization/icudt64l/region/kw.res" 1140
"../../../Engine/Content/Internationalization/icudt64l/lang/ky.res" 1141
"../../../Engine/Content/Internationalization/icudt64l/region/ky.res" 1142
"../../../Engine/Content/Internationalization/icudt64l/lang/lag.res" 1143
"../../../Engine/Content/Internationalization/icudt64l/region/lag.res" 1144
"../../../Engine/Content/Internationalization/icudt64l/lang/lb.res" 1145
"../../../Engine/Content/Internationalization/icudt64l/region/lb.res" 1146
"../../../Engine/Content/Internationalization/icudt64l/lang/lg.res" 1147
"../../../Engine/Content/Internationalization/icudt64l/region/lg.res" 1148
"../../../Engine/Content/Internationalization/icudt64l/lang/lkt.res" 1149
"../../../Engine/Content/Internationalization/icudt64l/region/lkt.res" 1150
"../../../Engine/Content/Internationalization/icudt64l/lang/ln.res" 1151
"../../../Engine/Content/Internationalization/icudt64l/region/ln.res" 1152
"../../../Engine/Content/Internationalization/icudt64l/lang/lo.res" 1153
"../../../Engine/Content/Internationalization/icudt64l/region/lo.res" 1154
"../../../Engine/Content/Internationalization/icudt64l/lang/lrc.res" 1155
"../../../Engine/Content/Internationalization/icudt64l/region/lrc.res" 1156
"../../../Engine/Content/Internationalization/icudt64l/lang/lt.res" 1157
"../../../Engine/Content/Internationalization/icudt64l/region/lt.res" 1158
"../../../Engine/Content/Internationalization/icudt64l/lang/lu.res" 1159
"../../../Engine/Content/Internationalization/icudt64l/region/lu.res" 1160
"../../../Engine/Content/Internationalization/icudt64l/lang/luo.res" 1161
"../../../Engine/Content/Internationalization/icudt64l/region/luo.res" 1162
"../../../Engine/Content/Internationalization/icudt64l/lang/luy.res" 1163
"../../../Engine/Content/Internationalization/icudt64l/region/luy.res" 1164
"../../../Engine/Content/Internationalization/icudt64l/lang/lv.res" 1165
"../../../Engine/Content/Internationalization/icudt64l/region/lv.res" 1166
"../../../Engine/Content/Internationalization/icudt64l/lang/mas.res" 1167
"../../../Engine/Content/Internationalization/icudt64l/region/mas.res" 1168
"../../../Engine/Content/Internationalization/icudt64l/lang/mer.res" 1169
"../../../Engine/Content/Internationalization/icudt64l/region/mer.res" 1170
"../../../Engine/Content/Internationalization/icudt64l/lang/mfe.res" 1171
"../../../Engine/Content/Internationalization/icudt64l/region/mfe.res" 1172
"../../../Engine/Content/Internationalization/icudt64l/lang/mg.res" 1173
"../../../Engine/Content/Internationalization/icudt64l/region/mg.res" 1174
"../../../Engine/Content/Internationalization/icudt64l/lang/mgh.res" 1175
"../../../Engine/Content/Internationalization/icudt64l/region/mgh.res" 1176
"../../../Engine/Content/Internationalization/icudt64l/lang/mgo.res" 1177
"../../../Engine/Content/Internationalization/icudt64l/region/mgo.res" 1178
"../../../Engine/Content/Internationalization/icudt64l/lang/mi.res" 1179
"../../../Engine/Content/Internationalization/icudt64l/region/mi.res" 1180
"../../../Engine/Content/Internationalization/icudt64l/lang/mk.res" 1181
"../../../Engine/Content/Internationalization/icudt64l/region/mk.res" 1182
"../../../Engine/Content/Internationalization/icudt64l/lang/ml.res" 1183
"../../../Engine/Content/Internationalization/icudt64l/region/ml.res" 1184
"../../../Engine/Content/Internationalization/icudt64l/lang/mn.res" 1185
"../../../Engine/Content/Internationalization/icudt64l/region/mn.res" 1186
"../../../Engine/Content/Internationalization/icudt64l/lang/mr.res" 1187
"../../../Engine/Content/Internationalization/icudt64l/region/mr.res" 1188
"../../../Engine/Content/Internationalization/icudt64l/lang/ms.res" 1189
"../../../Engine/Content/Internationalization/icudt64l/region/ms.res" 1190
"../../../Engine/Content/Internationalization/icudt64l/lang/mt.res" 1191
"../../../Engine/Content/Internationalization/icudt64l/region/mt.res" 1192
"../../../Engine/Content/Internationalization/icudt64l/lang/mua.res" 1193
"../../../Engine/Content/Internationalization/icudt64l/region/mua.res" 1194
"../../../Engine/Content/Internationalization/icudt64l/lang/my.res" 1195
"../../../Engine/Content/Internationalization/icudt64l/region/my.res" 1196
"../../../Engine/Content/Internationalization/icudt64l/lang/mzn.res" 1197
"../../../Engine/Content/Internationalization/icudt64l/region/mzn.res" 1198
"../../../Engine/Content/Internationalization/icudt64l/lang/naq.res" 1199
"../../../Engine/Content/Internationalization/icudt64l/region/naq.res" 1200
"../../../Engine/Content/Internationalization/icudt64l/lang/nb.res" 1201
"../../../Engine/Content/Internationalization/icudt64l/lang/nb_NO.res" 1202
"../../../Engine/Content/Internationalization/icudt64l/region/nb_NO.res" 1203
"../../../Engine/Content/Internationalization/icudt64l/region/nb.res" 1204
"../../../Engine/Content/Internationalization/icudt64l/lang/nd.res" 1205
"../../../Engine/Content/Internationalization/icudt64l/region/nd.res" 1206
"../../../Engine/Content/Internationalization/icudt64l/lang/nds.res" 1207
"../../../Engine/Content/Internationalization/icudt64l/region/nds.res" 1208
"../../../Engine/Content/Internationalization/icudt64l/lang/ne.res" 1209
"../../../Engine/Content/Internationalization/icudt64l/region/ne.res" 1210
"../../../Engine/Content/Internationalization/icudt64l/lang/nl.res" 1211
"../../../Engine/Content/Internationalization/icudt64l/region/nl.res" 1212
"../../../Engine/Content/Internationalization/icudt64l/lang/nmg.res" 1213
"../../../Engine/Content/Internationalization/icudt64l/region/nmg.res" 1214
"../../../Engine/Content/Internationalization/icudt64l/lang/nn.res" 1215
"../../../Engine/Content/Internationalization/icudt64l/lang/nn_NO.res" 1216
"../../../Engine/Content/Internationalization/icudt64l/region/nn_NO.res" 1217
"../../../Engine/Content/Internationalization/icudt64l/region/nn.res" 1218
"../../../Engine/Content/Internationalization/icudt64l/lang/nnh.res" 1219
"../../../Engine/Content/Internationalization/icudt64l/region/nnh.res" 1220
"../../../Engine/Content/Internationalization/icudt64l/lang/nus.res" 1221
"../../../Engine/Content/Internationalization/icudt64l/region/nus.res" 1222
"../../../Engine/Content/Internationalization/icudt64l/lang/nyn.res" 1223
"../../../Engine/Content/Internationalization/icudt64l/region/nyn.res" 1224
"../../../Engine/Content/Internationalization/icudt64l/lang/om.res" 1225
"../../../Engine/Content/Internationalization/icudt64l/region/om.res" 1226
"../../../Engine/Content/Internationalization/icudt64l/lang/or.res" 1227
"../../../Engine/Content/Internationalization/icudt64l/region/or.res" 1228
"../../../Engine/Content/Internationalization/icudt64l/lang/os.res" 1229
"../../../Engine/Content/Internationalization/icudt64l/region/os.res" 1230
"../../../Engine/Content/Internationalization/icudt64l/lang/pa.res" 1231
"../../../Engine/Content/Internationalization/icudt64l/lang/pa_Arab.res" 1232
"../../../Engine/Content/Internationalization/icudt64l/lang/pa_PK.res" 1233
"../../../Engine/Content/Internationalization/icudt64l/lang/pa_Arab_PK.res" 1234
"../../../Engine/Content/Internationalization/icudt64l/region/pa_PK.res" 1235
"../../../Engine/Content/Internationalization/icudt64l/region/pa_Arab_PK.res" 1236
"../../../Engine/Content/Internationalization/icudt64l/region/pa_Arab.res" 1237
"../../../Engine/Content/Internationalization/icudt64l/lang/pa_Guru.res" 1238
"../../../Engine/Content/Internationalization/icudt64l/lang/pa_IN.res" 1239
"../../../Engine/Content/Internationalization/icudt64l/lang/pa_Guru_IN.res" 1240
"../../../Engine/Content/Internationalization/icudt64l/region/pa_IN.res" 1241
"../../../Engine/Content/Internationalization/icudt64l/region/pa_Guru_IN.res" 1242
"../../../Engine/Content/Internationalization/icudt64l/region/pa_Guru.res" 1243
"../../../Engine/Content/Internationalization/icudt64l/region/pa.res" 1244
"../../../Engine/Content/Internationalization/icudt64l/lang/pl.res" 1245
"../../../Engine/Content/Internationalization/icudt64l/region/pl.res" 1246
"../../../Engine/Content/Internationalization/icudt64l/lang/ps.res" 1247
"../../../Engine/Content/Internationalization/icudt64l/region/ps.res" 1248
"../../../Engine/Content/Internationalization/icudt64l/lang/ps_PK.res" 1249
"../../../Engine/Content/Internationalization/icudt64l/region/ps_PK.res" 1250
"../../../Engine/Content/Internationalization/icudt64l/lang/pt.res" 1251
"../../../Engine/Content/Internationalization/icudt64l/lang/pt_AO.res" 1252
"../../../Engine/Content/Internationalization/icudt64l/lang/pt_PT.res" 1253
"../../../Engine/Content/Internationalization/icudt64l/region/pt_AO.res" 1254
"../../../Engine/Content/Internationalization/icudt64l/region/pt_PT.res" 1255
"../../../Engine/Content/Internationalization/icudt64l/region/pt.res" 1256
"../../../Engine/Content/Internationalization/icudt64l/lang/pt_CH.res" 1257
"../../../Engine/Content/Internationalization/icudt64l/region/pt_CH.res" 1258
"../../../Engine/Content/Internationalization/icudt64l/lang/pt_CV.res" 1259
"../../../Engine/Content/Internationalization/icudt64l/region/pt_CV.res" 1260
"../../../Engine/Content/Internationalization/icudt64l/lang/pt_GQ.res" 1261
"../../../Engine/Content/Internationalization/icudt64l/region/pt_GQ.res" 1262
"../../../Engine/Content/Internationalization/icudt64l/lang/pt_GW.res" 1263
"../../../Engine/Content/Internationalization/icudt64l/region/pt_GW.res" 1264
"../../../Engine/Content/Internationalization/icudt64l/lang/pt_LU.res" 1265
"../../../Engine/Content/Internationalization/icudt64l/region/pt_LU.res" 1266
"../../../Engine/Content/Internationalization/icudt64l/lang/pt_MO.res" 1267
"../../../Engine/Content/Internationalization/icudt64l/region/pt_MO.res" 1268
"../../../Engine/Content/Internationalization/icudt64l/lang/pt_MZ.res" 1269
"../../../Engine/Content/Internationalization/icudt64l/region/pt_MZ.res" 1270
"../../../Engine/Content/Internationalization/icudt64l/lang/pt_ST.res" 1271
"../../../Engine/Content/Internationalization/icudt64l/region/pt_ST.res" 1272
"../../../Engine/Content/Internationalization/icudt64l/lang/pt_TL.res" 1273
"../../../Engine/Content/Internationalization/icudt64l/region/pt_TL.res" 1274
"../../../Engine/Content/Internationalization/icudt64l/lang/qu.res" 1275
"../../../Engine/Content/Internationalization/icudt64l/region/qu.res" 1276
"../../../Engine/Content/Internationalization/icudt64l/lang/rm.res" 1277
"../../../Engine/Content/Internationalization/icudt64l/region/rm.res" 1278
"../../../Engine/Content/Internationalization/icudt64l/lang/rn.res" 1279
"../../../Engine/Content/Internationalization/icudt64l/region/rn.res" 1280
"../../../Engine/Content/Internationalization/icudt64l/lang/ro.res" 1281
"../../../Engine/Content/Internationalization/icudt64l/lang/ro_MD.res" 1282
"../../../Engine/Content/Internationalization/icudt64l/region/ro_MD.res" 1283
"../../../Engine/Content/Internationalization/icudt64l/region/ro.res" 1284
"../../../Engine/Content/Internationalization/icudt64l/lang/rof.res" 1285
"../../../Engine/Content/Internationalization/icudt64l/region/rof.res" 1286
"../../../Engine/Content/Internationalization/icudt64l/lang/ru.res" 1287
"../../../Engine/Content/Internationalization/icudt64l/region/ru.res" 1288
"../../../Engine/Content/Internationalization/icudt64l/region/ru_UA.res" 1289
"../../../Engine/Content/Internationalization/icudt64l/lang/rw.res" 1290
"../../../Engine/Content/Internationalization/icudt64l/region/rw.res" 1291
"../../../Engine/Content/Internationalization/icudt64l/lang/rwk.res" 1292
"../../../Engine/Content/Internationalization/icudt64l/region/rwk.res" 1293
"../../../Engine/Content/Internationalization/icudt64l/lang/sah.res" 1294
"../../../Engine/Content/Internationalization/icudt64l/region/sah.res" 1295
"../../../Engine/Content/Internationalization/icudt64l/lang/saq.res" 1296
"../../../Engine/Content/Internationalization/icudt64l/region/saq.res" 1297
"../../../Engine/Content/Internationalization/icudt64l/lang/sbp.res" 1298
"../../../Engine/Content/Internationalization/icudt64l/region/sbp.res" 1299
"../../../Engine/Content/Internationalization/icudt64l/lang/sd.res" 1300
"../../../Engine/Content/Internationalization/icudt64l/region/sd.res" 1301
"../../../Engine/Content/Internationalization/icudt64l/lang/se.res" 1302
"../../../Engine/Content/Internationalization/icudt64l/lang/se_FI.res" 1303
"../../../Engine/Content/Internationalization/icudt64l/region/se_FI.res" 1304
"../../../Engine/Content/Internationalization/icudt64l/region/se.res" 1305
"../../../Engine/Content/Internationalization/icudt64l/lang/seh.res" 1306
"../../../Engine/Content/Internationalization/icudt64l/region/seh.res" 1307
"../../../Engine/Content/Internationalization/icudt64l/lang/ses.res" 1308
"../../../Engine/Content/Internationalization/icudt64l/region/ses.res" 1309
"../../../Engine/Content/Internationalization/icudt64l/lang/sg.res" 1310
"../../../Engine/Content/Internationalization/icudt64l/region/sg.res" 1311
"../../../Engine/Content/Internationalization/icudt64l/lang/shi.res" 1312
"../../../Engine/Content/Internationalization/icudt64l/lang/shi_Latn.res" 1313
"../../../Engine/Content/Internationalization/icudt64l/lang/shi_MA.res" 1314
"../../../Engine/Content/Internationalization/icudt64l/lang/shi_Tfng_MA.res" 1315
"../../../Engine/Content/Internationalization/icudt64l/lang/shi_Tfng.res" 1316
"../../../Engine/Content/Internationalization/icudt64l/region/shi_MA.res" 1317
"../../../Engine/Content/Internationalization/icudt64l/region/shi_Tfng_MA.res" 1318
"../../../Engine/Content/Internationalization/icudt64l/region/shi_Tfng.res" 1319
"../../../Engine/Content/Internationalization/icudt64l/region/shi.res" 1320
"../../../Engine/Content/Internationalization/icudt64l/region/shi_Latn.res" 1321
"../../../Engine/Content/Internationalization/icudt64l/lang/si.res" 1322
"../../../Engine/Content/Internationalization/icudt64l/region/si.res" 1323
"../../../Engine/Content/Internationalization/icudt64l/lang/sk.res" 1324
"../../../Engine/Content/Internationalization/icudt64l/region/sk.res" 1325
"../../../Engine/Content/Internationalization/icudt64l/lang/sl.res" 1326
"../../../Engine/Content/Internationalization/icudt64l/region/sl.res" 1327
"../../../Engine/Content/Internationalization/icudt64l/lang/smn.res" 1328
"../../../Engine/Content/Internationalization/icudt64l/region/smn.res" 1329
"../../../Engine/Content/Internationalization/icudt64l/lang/sn.res" 1330
"../../../Engine/Content/Internationalization/icudt64l/region/sn.res" 1331
"../../../Engine/Content/Internationalization/icudt64l/lang/so.res" 1332
"../../../Engine/Content/Internationalization/icudt64l/region/so.res" 1333
"../../../Engine/Content/Internationalization/icudt64l/lang/sq.res" 1334
"../../../Engine/Content/Internationalization/icudt64l/region/sq.res" 1335
"../../../Engine/Content/Internationalization/icudt64l/lang/sr.res" 1336
"../../../Engine/Content/Internationalization/icudt64l/lang/sr_Cyrl.res" 1337
"../../../Engine/Content/Internationalization/icudt64l/lang/sr_BA.res" 1338
"../../../Engine/Content/Internationalization/icudt64l/lang/sr_Cyrl_BA.res" 1339
"../../../Engine/Content/Internationalization/icudt64l/region/sr_BA.res" 1340
"../../../Engine/Content/Internationalization/icudt64l/region/sr_Cyrl_BA.res" 1341
"../../../Engine/Content/Internationalization/icudt64l/region/sr_Cyrl.res" 1342
"../../../Engine/Content/Internationalization/icudt64l/region/sr.res" 1343
"../../../Engine/Content/Internationalization/icudt64l/lang/sr_ME.res" 1344
"../../../Engine/Content/Internationalization/icudt64l/lang/sr_Latn_ME.res" 1345
"../../../Engine/Content/Internationalization/icudt64l/lang/sr_Latn.res" 1346
"../../../Engine/Content/Internationalization/icudt64l/region/sr_ME.res" 1347
"../../../Engine/Content/Internationalization/icudt64l/region/sr_Latn_ME.res" 1348
"../../../Engine/Content/Internationalization/icudt64l/region/sr_Latn.res" 1349
"../../../Engine/Content/Internationalization/icudt64l/lang/sr_Cyrl_ME.res" 1350
"../../../Engine/Content/Internationalization/icudt64l/region/sr_Cyrl_ME.res" 1351
"../../../Engine/Content/Internationalization/icudt64l/lang/sr_RS.res" 1352
"../../../Engine/Content/Internationalization/icudt64l/lang/sr_Cyrl_RS.res" 1353
"../../../Engine/Content/Internationalization/icudt64l/region/sr_RS.res" 1354
"../../../Engine/Content/Internationalization/icudt64l/region/sr_Cyrl_RS.res" 1355
"../../../Engine/Content/Internationalization/icudt64l/lang/sr_XK.res" 1356
"../../../Engine/Content/Internationalization/icudt64l/lang/sr_Cyrl_XK.res" 1357
"../../../Engine/Content/Internationalization/icudt64l/region/sr_XK.res" 1358
"../../../Engine/Content/Internationalization/icudt64l/region/sr_Cyrl_XK.res" 1359
"../../../Engine/Content/Internationalization/icudt64l/lang/sr_Latn_BA.res" 1360
"../../../Engine/Content/Internationalization/icudt64l/region/sr_Latn_BA.res" 1361
"../../../Engine/Content/Internationalization/icudt64l/lang/sr_Latn_RS.res" 1362
"../../../Engine/Content/Internationalization/icudt64l/region/sr_Latn_RS.res" 1363
"../../../Engine/Content/Internationalization/icudt64l/lang/sr_Latn_XK.res" 1364
"../../../Engine/Content/Internationalization/icudt64l/region/sr_Latn_XK.res" 1365
"../../../Engine/Content/Internationalization/icudt64l/lang/sv.res" 1366
"../../../Engine/Content/Internationalization/icudt64l/region/sv.res" 1367
"../../../Engine/Content/Internationalization/icudt64l/lang/sv_FI.res" 1368
"../../../Engine/Content/Internationalization/icudt64l/lang/sw.res" 1369
"../../../Engine/Content/Internationalization/icudt64l/lang/sw_CD.res" 1370
"../../../Engine/Content/Internationalization/icudt64l/region/sw_CD.res" 1371
"../../../Engine/Content/Internationalization/icudt64l/region/sw.res" 1372
"../../../Engine/Content/Internationalization/icudt64l/lang/sw_KE.res" 1373
"../../../Engine/Content/Internationalization/icudt64l/region/sw_KE.res" 1374
"../../../Engine/Content/Internationalization/icudt64l/lang/ta.res" 1375
"../../../Engine/Content/Internationalization/icudt64l/region/ta.res" 1376
"../../../Engine/Content/Internationalization/icudt64l/lang/te.res" 1377
"../../../Engine/Content/Internationalization/icudt64l/region/te.res" 1378
"../../../Engine/Content/Internationalization/icudt64l/lang/teo.res" 1379
"../../../Engine/Content/Internationalization/icudt64l/region/teo.res" 1380
"../../../Engine/Content/Internationalization/icudt64l/lang/tg.res" 1381
"../../../Engine/Content/Internationalization/icudt64l/region/tg.res" 1382
"../../../Engine/Content/Internationalization/icudt64l/lang/th.res" 1383
"../../../Engine/Content/Internationalization/icudt64l/lang/th_TH.res" 1384
"../../../Engine/Content/Internationalization/icudt64l/region/th_TH.res" 1385
"../../../Engine/Content/Internationalization/icudt64l/region/th.res" 1386
"../../../Engine/Content/Internationalization/icudt64l/lang/ti.res" 1387
"../../../Engine/Content/Internationalization/icudt64l/region/ti.res" 1388
"../../../Engine/Content/Internationalization/icudt64l/lang/tk.res" 1389
"../../../Engine/Content/Internationalization/icudt64l/region/tk.res" 1390
"../../../Engine/Content/Internationalization/icudt64l/lang/to.res" 1391
"../../../Engine/Content/Internationalization/icudt64l/region/to.res" 1392
"../../../Engine/Content/Internationalization/icudt64l/lang/tr.res" 1393
"../../../Engine/Content/Internationalization/icudt64l/region/tr.res" 1394
"../../../Engine/Content/Internationalization/icudt64l/lang/tt.res" 1395
"../../../Engine/Content/Internationalization/icudt64l/region/tt.res" 1396
"../../../Engine/Content/Internationalization/icudt64l/lang/twq.res" 1397
"../../../Engine/Content/Internationalization/icudt64l/region/twq.res" 1398
"../../../Engine/Content/Internationalization/icudt64l/lang/tzm.res" 1399
"../../../Engine/Content/Internationalization/icudt64l/region/tzm.res" 1400
"../../../Engine/Content/Internationalization/icudt64l/lang/ug.res" 1401
"../../../Engine/Content/Internationalization/icudt64l/region/ug.res" 1402
"../../../Engine/Content/Internationalization/icudt64l/lang/uk.res" 1403
"../../../Engine/Content/Internationalization/icudt64l/region/uk.res" 1404
"../../../Engine/Content/Internationalization/icudt64l/lang/ur.res" 1405
"../../../Engine/Content/Internationalization/icudt64l/lang/ur_IN.res" 1406
"../../../Engine/Content/Internationalization/icudt64l/region/ur_IN.res" 1407
"../../../Engine/Content/Internationalization/icudt64l/region/ur.res" 1408
"../../../Engine/Content/Internationalization/icudt64l/lang/uz.res" 1409
"../../../Engine/Content/Internationalization/icudt64l/lang/uz_Arab.res" 1410
"../../../Engine/Content/Internationalization/icudt64l/lang/uz_AF.res" 1411
"../../../Engine/Content/Internationalization/icudt64l/lang/uz_Arab_AF.res" 1412
"../../../Engine/Content/Internationalization/icudt64l/region/uz_AF.res" 1413
"../../../Engine/Content/Internationalization/icudt64l/region/uz_Arab_AF.res" 1414
"../../../Engine/Content/Internationalization/icudt64l/region/uz_Arab.res" 1415
"../../../Engine/Content/Internationalization/icudt64l/lang/uz_Cyrl.res" 1416
"../../../Engine/Content/Internationalization/icudt64l/lang/uz_UZ.res" 1417
"../../../Engine/Content/Internationalization/icudt64l/lang/uz_Latn_UZ.res" 1418
"../../../Engine/Content/Internationalization/icudt64l/lang/uz_Latn.res" 1419
"../../../Engine/Content/Internationalization/icudt64l/region/uz_UZ.res" 1420
"../../../Engine/Content/Internationalization/icudt64l/region/uz_Latn_UZ.res" 1421
"../../../Engine/Content/Internationalization/icudt64l/region/uz_Latn.res" 1422
"../../../Engine/Content/Internationalization/icudt64l/region/uz.res" 1423
"../../../Engine/Content/Internationalization/icudt64l/region/uz_Cyrl.res" 1424
"../../../Engine/Content/Internationalization/icudt64l/lang/vai.res" 1425
"../../../Engine/Content/Internationalization/icudt64l/lang/vai_Latn.res" 1426
"../../../Engine/Content/Internationalization/icudt64l/lang/vai_LR.res" 1427
"../../../Engine/Content/Internationalization/icudt64l/lang/vai_Vaii_LR.res" 1428
"../../../Engine/Content/Internationalization/icudt64l/lang/vai_Vaii.res" 1429
"../../../Engine/Content/Internationalization/icudt64l/region/vai_LR.res" 1430
"../../../Engine/Content/Internationalization/icudt64l/region/vai_Vaii_LR.res" 1431
"../../../Engine/Content/Internationalization/icudt64l/region/vai_Vaii.res" 1432
"../../../Engine/Content/Internationalization/icudt64l/region/vai.res" 1433
"../../../Engine/Content/Internationalization/icudt64l/region/vai_Latn.res" 1434
"../../../Engine/Content/Internationalization/icudt64l/lang/vi.res" 1435
"../../../Engine/Content/Internationalization/icudt64l/region/vi.res" 1436
"../../../Engine/Content/Internationalization/icudt64l/lang/vun.res" 1437
"../../../Engine/Content/Internationalization/icudt64l/region/vun.res" 1438
"../../../Engine/Content/Internationalization/icudt64l/lang/wae.res" 1439
"../../../Engine/Content/Internationalization/icudt64l/region/wae.res" 1440
"../../../Engine/Content/Internationalization/icudt64l/lang/wo.res" 1441
"../../../Engine/Content/Internationalization/icudt64l/region/wo.res" 1442
"../../../Engine/Content/Internationalization/icudt64l/lang/xh.res" 1443
"../../../Engine/Content/Internationalization/icudt64l/region/xh.res" 1444
"../../../Engine/Content/Internationalization/icudt64l/lang/xog.res" 1445
"../../../Engine/Content/Internationalization/icudt64l/region/xog.res" 1446
"../../../Engine/Content/Internationalization/icudt64l/lang/yav.res" 1447
"../../../Engine/Content/Internationalization/icudt64l/region/yav.res" 1448
"../../../Engine/Content/Internationalization/icudt64l/lang/yi.res" 1449
"../../../Engine/Content/Internationalization/icudt64l/region/yi.res" 1450
"../../../Engine/Content/Internationalization/icudt64l/lang/yo.res" 1451
"../../../Engine/Content/Internationalization/icudt64l/lang/yo_BJ.res" 1452
"../../../Engine/Content/Internationalization/icudt64l/region/yo_BJ.res" 1453
"../../../Engine/Content/Internationalization/icudt64l/region/yo.res" 1454
"../../../Engine/Content/Internationalization/icudt64l/lang/yue.res" 1455
"../../../Engine/Content/Internationalization/icudt64l/lang/yue_Hans.res" 1456
"../../../Engine/Content/Internationalization/icudt64l/lang/yue_CN.res" 1457
"../../../Engine/Content/Internationalization/icudt64l/lang/yue_Hans_CN.res" 1458
"../../../Engine/Content/Internationalization/icudt64l/region/yue_CN.res" 1459
"../../../Engine/Content/Internationalization/icudt64l/region/yue_Hans_CN.res" 1460
"../../../Engine/Content/Internationalization/icudt64l/region/yue_Hans.res" 1461
"../../../Engine/Content/Internationalization/icudt64l/lang/yue_Hant.res" 1462
"../../../Engine/Content/Internationalization/icudt64l/lang/yue_HK.res" 1463
"../../../Engine/Content/Internationalization/icudt64l/lang/yue_Hant_HK.res" 1464
"../../../Engine/Content/Internationalization/icudt64l/region/yue_HK.res" 1465
"../../../Engine/Content/Internationalization/icudt64l/region/yue_Hant_HK.res" 1466
"../../../Engine/Content/Internationalization/icudt64l/region/yue_Hant.res" 1467
"../../../Engine/Content/Internationalization/icudt64l/region/yue.res" 1468
"../../../Engine/Content/Internationalization/icudt64l/lang/zgh.res" 1469
"../../../Engine/Content/Internationalization/icudt64l/region/zgh.res" 1470
"../../../Engine/Content/Internationalization/icudt64l/lang/zh_HK.res" 1471
"../../../Engine/Content/Internationalization/icudt64l/lang/zh_Hant_HK.res" 1472
"../../../Engine/Content/Internationalization/icudt64l/lang/zh_Hant.res" 1473
"../../../Engine/Content/Internationalization/icudt64l/region/zh_HK.res" 1474
"../../../Engine/Content/Internationalization/icudt64l/region/zh_Hant_HK.res" 1475
"../../../Engine/Content/Internationalization/icudt64l/region/zh_Hant.res" 1476
"../../../Engine/Content/Internationalization/icudt64l/lang/zh_MO.res" 1477
"../../../Engine/Content/Internationalization/icudt64l/lang/zh_Hant_MO.res" 1478
"../../../Engine/Content/Internationalization/icudt64l/region/zh_MO.res" 1479
"../../../Engine/Content/Internationalization/icudt64l/region/zh_Hant_MO.res" 1480
"../../../Engine/Content/Internationalization/icudt64l/lang/zh_SG.res" 1481
"../../../Engine/Content/Internationalization/icudt64l/lang/zh_Hans_SG.res" 1482
"../../../Engine/Content/Internationalization/icudt64l/region/zh_SG.res" 1483
"../../../Engine/Content/Internationalization/icudt64l/region/zh_Hans_SG.res" 1484
"../../../Engine/Content/Internationalization/icudt64l/lang/zh_TW.res" 1485
"../../../Engine/Content/Internationalization/icudt64l/lang/zh_Hant_TW.res" 1486
"../../../Engine/Content/Internationalization/icudt64l/region/zh_TW.res" 1487
"../../../Engine/Content/Internationalization/icudt64l/region/zh_Hant_TW.res" 1488
"../../../Engine/Content/Internationalization/icudt64l/lang/zu.res" 1489
"../../../Engine/Content/Internationalization/icudt64l/region/zu.res" 1490
"../../../Engine/Content/Internationalization/icudt64l/lang/no.res" 1491
"../../../Engine/Content/Internationalization/icudt64l/lang/tl.res" 1492
"../../../Engine/Plugins/FX/Niagara/Shaders/Private/NiagaraSpriteVertexFactory.ush" 1493
"../../../Engine/Shaders/Private/VertexFactoryCommon.ush" 1494
"../../../Engine/Shaders/Private/Common.ush" 1495
"../../../Engine/Shaders/Public/Platform.ush" 1496
"../../../Engine/Shaders/Public/FP16Math.ush" 1497
"../../../Engine/Shaders/Public/Platform/D3D/D3DCommon.ush" 1498
"../../../Engine/Shaders/Public/ShaderVersion.ush" 1499
"../../../Engine/Shaders/Private/CommonViewUniformBuffer.ush" 1500
"../../../Engine/Shaders/Private/InstancedStereo.ush" 1501
"../../../Engine/Shaders/Private/Definitions.usf" 1502
"../../../Engine/Shaders/Private/FastMath.ush" 1503
"../../../Engine/Shaders/Private/Random.ush" 1504
"../../../Engine/Shaders/Private/ParticleVertexFactoryCommon.ush" 1505
"../../../Engine/Plugins/FX/Niagara/Shaders/Private/NiagaraVFParticleAccess.usf" 1506
"../../../Engine/Plugins/FX/Niagara/Shaders/Private/NiagaraRibbonVertexFactory.ush" 1507
"../../../Engine/Plugins/FX/Niagara/Shaders/Private/NiagaraMeshVertexFactory.ush" 1508
"../../../Engine/Plugins/FX/Niagara/Shaders/Private/NiagaraCommon.ush" 1509
"../../../Engine/Shaders/Private/RayTracing/RayTracingCommon.ush" 1510
"../../../Engine/Shaders/Private/ShadingCommon.ush" 1511
"../../../Engine/Shaders/Shared/RayTracingDefinitions.h" 1512
"../../../Engine/Shaders/Private/RayTracing/RayTracingHitGroupCommon.ush" 1513
"../../../Engine/Shaders/Shared/RayTracingBuiltInResources.h" 1514
"../../../Engine/Shaders/Private/VectorFieldVisualizationVertexFactory.ush" 1515
"../../../Engine/Shaders/Private/ParticleSpriteVertexFactory.ush" 1516
"../../../Engine/Shaders/Private/ParticleGPUSpriteVertexFactory.ush" 1517
"../../../Engine/Shaders/Private/ParticleBeamTrailVertexFactory.ush" 1518
"../../../Engine/Shaders/Private/MeshParticleVertexFactory.ush" 1519
"../../../Engine/Shaders/Private/LocalVertexFactory.ush" 1520
"../../../Engine/Shaders/Private/LocalVertexFactoryCommon.ush" 1521
"../../../Engine/Shaders/Private/LightmapData.ush" 1522
"../../../Engine/Shaders/Private/GpuSkinCommon.ush" 1523
"../../../Engine/Shaders/Private/GpuSkinVertexFactory.ush" 1524
"../../../Engine/Shaders/Private/GeometryCacheVertexFactory.ush" 1525
"../../../Engine/Shaders/Private/LandscapeVertexFactory.ush" 1526
"../../../Engine/Plugins/Media/WmfMedia/Shaders/Private/MediaHardwareVideoDecoding.usf" 1527
"../../../Engine/Shaders/Private/GammaCorrectionCommon.ush" 1528
"../../../Engine/Shaders/Private/ColorUtils.ush" 1529
"../../../Engine/Plugins/Media/ImgMedia/Shaders/Private/ExrSwizzler.usf" 1530
"../../../Engine/Plugins/FX/Niagara/Shaders/Private/NiagaraSortKeyGen.usf" 1531
"../../../Engine/Plugins/FX/Niagara/Shaders/Private/NiagaraGPURayTracingTransforms.usf" 1532
"../../../Engine/Plugins/FX/Niagara/Shaders/Private/NiagaraDrawIndirectArgsGen.usf" 1533
"../../../Engine/Plugins/FX/Niagara/Shaders/Private/NiagaraFillIntBuffer.usf" 1534
"../../../Engine/Plugins/FX/Niagara/Shaders/Private/NiagaraComputeFreeIDs.usf" 1535
"../../../Engine/Plugins/FX/Niagara/Shaders/Private/NiagaraInitFreeIDBuffer.usf" 1536
"../../../Engine/Plugins/FX/Niagara/Shaders/Private/NiagaraEmitterInstanceShader.usf" 1537
"../../../Engine/Plugins/FX/Niagara/Shaders/Private/NiagaraShaderVersion.ush" 1538
"../../../Engine/Shaders/Private/GlobalDistanceFieldShared.ush" 1539
"../../../Engine/Shaders/Private/SceneTexturesCommon.ush" 1540
"../../../Engine/Plugins/FX/Niagara/Shaders/Private/NiagaraPhysicsCommon.ush" 1541
"../../../Engine/Plugins/FX/Niagara/Shaders/Private/NiagaraDebugDraw.usf" 1542
"../../../Engine/Plugins/FX/Niagara/Shaders/Private/NiagaraDebugDraw.ush" 1543
"../../../Engine/Plugins/FX/Niagara/Shaders/Private/NiagaraVisualizeTexture.usf" 1544
"../../../Engine/Plugins/FX/Niagara/Shaders/Private/NiagaraBatchedElements.usf" 1545
"../../../Engine/Shaders/Private/SlateElementPixelShader.usf" 1546
"../../../Engine/Shaders/Private/SlateShaderCommon.ush" 1547
"../../../Engine/Shaders/Private/MaterialTemplate.ush" 1548
"../../../Engine/Shaders/Private/EyeAdaptationCommon.ush" 1549
"../../../Engine/Shaders/Private/SobolRandom.ush" 1550
"../../../Engine/Shaders/Private/MonteCarlo.ush" 1551
"../../../Engine/Shaders/Private/DepthOfFieldCommon.ush" 1552
"../../../Engine/Shaders/Private/CircleDOFCommon.ush" 1553
"../../../Engine/Shaders/Private/PhysicsFieldSampler.ush" 1554
"../../../Engine/Shaders/Private/PhysicsFieldShared.ush" 1555
"../../../Engine/Shaders/Private/SceneData.ush" 1556
"../../../Engine/Shaders/Private/HairShadingCommon.ush" 1557
"../../../Engine/Shaders/Private/HairStrands/HairCardsAttributeCommon.ush" 1558
"../../../Engine/Shaders/Private/HairStrands/HairStrandsVertexFactoryCommon.ush" 1559
"../../../Engine/Shaders/Private/HairStrands/HairStrandsAttributeCommon.ush" 1560
"../../../Engine/Shaders/Private/SpeedTreeCommon.ush" 1561
"../../../Engine/Shaders/Private/VirtualTextureCommon.ush" 1562
"../../../Engine/Shaders/Private/MinMaterialTexCoords.ush" 1563
"../../../Engine/Shaders/Private/AtmosphereCommon.ush" 1564
"../../../Engine/Shaders/Private/SkyAtmosphereCommon.ush" 1565
"../../../Engine/Shaders/Private/SingleLayerWaterCommon.ush" 1566
"../../../Engine/Shaders/Private/PaniniProjection.ush" 1567
"../../../Engine/Shaders/Private/DeferredShadingCommon.ush" 1568
"../../../Engine/Shaders/Private/LightAccumulator.ush" 1569
"../../../Engine/Shaders/Private/CompositeUIPixelShader.usf" 1570
"../../../Engine/Shaders/Private/TonemapCommon.ush" 1571
"../../../Engine/Shaders/Private/ACES.ush" 1572
"../../../Engine/Shaders/Private/SlateMaskingShader.usf" 1573
"../../../Engine/Shaders/Private/SlatePostProcessColorDeficiencyPixelShader.usf" 1574
"../../../Engine/Shaders/Private/ColorSpace.ush" 1575
"../../../Engine/Shaders/Private/SlatePostProcessPixelShader.usf" 1576
"../../../Engine/Shaders/Private/SlateVertexShader.usf" 1577
"../../../Engine/Shaders/Private/TranslucentLightingShaders.usf" 1578
"../../../Engine/Shaders/Private/SHCommon.ush" 1579
"../../../Engine/Shaders/Private/ShadowProjectionCommon.ush" 1580
"../../../Engine/Shaders/Private/CubemapCommon.ush" 1581
"../../../Engine/Shaders/Private/VectorFieldCompositeShaders.usf" 1582
"../../../Engine/Shaders/Private/UpdateTextureShaders.usf" 1583
"../../../Engine/Shaders/Private/StereoLayerShader.usf" 1584
"../../../Engine/Shaders/Private/MorphTargets.usf" 1585
"../../../Engine/Shaders/Private/SimpleElementColorChannelMaskPixelShader.usf" 1586
"../../../Engine/Shaders/Private/SimpleElementHitProxyPixelShader.usf" 1587
"../../../Engine/Shaders/Private/SimpleElementPixelShader.usf" 1588
"../../../Engine/Shaders/Private/IESLightProfilesCommon.ush" 1589
"../../../Engine/Shaders/Private/SimpleElementVertexShader.usf" 1590
"../../../Engine/Shaders/Private/ScreenPixelShaderOES.usf" 1591
"../../../Engine/Shaders/Private/ScreenVertexShader.usf" 1592
"../../../Engine/Shaders/Private/ScreenPixelShader.usf" 1593
"../../../Engine/Shaders/Private/VolumetricLightmapStreaming.usf" 1594
"../../../Engine/Shaders/Private/PhysicsFieldReset.usf" 1595
"../../../Engine/Shaders/Private/PhysicsFieldBuilder.usf" 1596
"../../../Engine/Shaders/Private/ParticleSortKeyGen.usf" 1597
"../../../Engine/Shaders/Private/ParticleBoundsShader.usf" 1598
"../../../Engine/Shaders/Private/ParticleSimVisualizeShader.usf" 1599
"../../../Engine/Shaders/Private/ParticleInjectionShader.usf" 1600
"../../../Engine/Shaders/Private/ParticleSimulationShader.usf" 1601
"../../../Engine/Shaders/Private/ParticleCurveInjectionShader.usf" 1602
"../../../Engine/Shaders/Private/CopyUIntBuffer.usf" 1603
"../../../Engine/Shaders/Private/RadixSortShaders.usf" 1604
"../../../Engine/Shaders/Private/RecomputeTangentsPerVertexPass.usf" 1605
"../../../Engine/Shaders/Private/RecomputeTangentsCommon.ush" 1606
"../../../Engine/Shaders/Private/RecomputeTangentsPerTrianglePass.usf" 1607
"../../../Engine/Shaders/Private/GpuSkinCacheComputeShader.usf" 1608
"../../../Engine/Shaders/Private/DistanceFieldDownsampling.usf" 1609
"../../../Engine/Shaders/Private/HeightFieldAtlasManagement.usf" 1610
"../../../Engine/Shaders/Private/LandscapePhysicalMaterial.usf" 1611
"../../../Engine/Shaders/Private/LandscapeGrassWeight.usf" 1612
"../../../Engine/Shaders/Private/LandscapeLayersCS.usf" 1613
"../../../Engine/Shaders/Private/LandscapeLayersPS.usf" 1614
"../../../Engine/Shaders/Private/LandscapeLayersVS.usf" 1615
"../../../Engine/Shaders/Private/WideCustomResolveShaders.usf" 1616
"../../../Engine/Shaders/Private/WideCustomResolve_Wide.ush" 1617
"../../../Engine/Shaders/Private/WideCustomResolve_Wider.ush" 1618
"../../../Engine/Shaders/Private/WideCustomResolve_Widest.ush" 1619
"../../../Engine/Shaders/Private/PageTableUpdate.usf" 1620
"../../../Engine/Shaders/Private/VirtualTextureCompress.usf" 1621
"../../../Engine/Shaders/Private/BCCompressionCommon.ush" 1622
"../../../Engine/Shaders/Private/ETCCompressionCommon.ush" 1623
"../../../Engine/Shaders/Private/VirtualTextureMaterial.usf" 1624
"../../../Engine/Shaders/Private/PixelShaderOutputCommon.ush" 1625
"../../../Engine/Shaders/Private/VolumetricRenderTarget.usf" 1626
"../../../Engine/Shaders/Private/SceneTextureParameters.ush" 1627
"../../../Engine/Shaders/Private/VolumetricFogVoxelization.usf" 1628
"../../../Engine/Shaders/Private/VolumetricCloudMaterialPixelCommon.ush" 1629
"../../../Engine/Shaders/Private/VolumetricFogLightFunction.usf" 1630
"../../../Engine/Shaders/Private/LightFunctionCommon.ush" 1631
"../../../Engine/Shaders/Private/VolumetricFog.usf" 1632
"../../../Engine/Shaders/Private/DeferredLightingCommon.ush" 1633
"../../../Engine/Shaders/Private/DynamicLightingCommon.ush" 1634
"../../../Engine/Shaders/Private/CapsuleLightIntegrate.ush" 1635
"../../../Engine/Shaders/Private/ShadingModels.ush" 1636
"../../../Engine/Shaders/Private/BRDF.ush" 1637
"../../../Engine/Shaders/Private/CapsuleLight.ush" 1638
"../../../Engine/Shaders/Private/RectLight.ush" 1639
"../../../Engine/Shaders/Private/TransmissionCommon.ush" 1640
"../../../Engine/Shaders/Private/SubsurfaceProfileCommon.ush" 1641
"../../../Engine/Shaders/Private/BurleyNormalizedSSSCommon.ush" 1642
"../../../Engine/Shaders/Private/HairBsdf.ush" 1643
"../../../Engine/Shaders/Private/CapsuleLightSampling.ush" 1644
"../../../Engine/Shaders/Private/RectLightIntegrate.ush" 1645
"../../../Engine/Shaders/Private/LightGridCommon.ush" 1646
"../../../Engine/Shaders/Private/HeightFogCommon.ush" 1647
"../../../Engine/Shaders/Private/DistanceFieldAOShared.ush" 1648
"../../../Engine/Shaders/Private/VolumeLightingCommon.ush" 1649
"../../../Engine/Shaders/Private/ShadowFilteringCommon.ush" 1650
"../../../Engine/Shaders/Private/PixelQuadMessagePassing.ush" 1651
"../../../Engine/Shaders/Private/VolumeLightingCommonSampling.ush" 1652
"../../../Engine/Shaders/Private/VolumetricLightmapShared.ush" 1653
"../../../Engine/Shaders/Private/ForwardShadowingCommon.ush" 1654
"../../../Engine/Shaders/Private/ParticipatingMediaCommon.ush" 1655
"../../../Engine/Shaders/Private/VolumetricCloudCommon.ush" 1656
"../../../Engine/Shaders/Private/VolumetricCloud.usf" 1657
"../../../Engine/Shaders/Private/ReflectionEnvironmentShared.ush" 1658
"../../../Engine/Shaders/Private/ShaderDrawDebug.ush" 1659
"../../../Engine/Shaders/Private/VisualizeVolumetricLightmap.usf" 1660
"../../../Engine/Shaders/Private/ViewMode/LODColorationPixelShader.usf" 1661
"../../../Engine/Shaders/Private/DebugViewModeCommon.ush" 1662
"../../../Engine/Shaders/Private/VelocityShader.usf" 1663
"../../../Engine/Shaders/Private/VelocityCommon.ush" 1664
"../../../Engine/Shaders/Private/Tessellation.ush" 1665
"../../../Engine/Shaders/Private/FlatTessellation.ush" 1666
"../../../Engine/Shaders/Private/PNTriangles.ush" 1667
"../../../Engine/Shaders/Private/VariableRateShading.usf" 1668
"../../../Engine/Shaders/Private/TranslucencyUpsampling.usf" 1669
"../../../Engine/Shaders/Private/SeparateTranslucency.ush" 1670
"../../../Engine/Shaders/Private/TranslucentLightInjectionShaders.usf" 1671
"../../../Engine/Shaders/Private/TranslucentShadowDepthShaders.usf" 1672
"../../../Engine/Shaders/Private/ShadowDepthCommon.ush" 1673
"../../../Engine/Shaders/Private/TiledDeferredLightShaders.usf" 1674
"../../../Engine/Shaders/Private/RayTracing/RayTracingTest.usf" 1675
"../../../Engine/Shaders/Private/SkyAtmosphere.usf" 1676
"../../../Engine/Shaders/Private/MiniFontCommon.ush" 1677
"../../../Engine/Shaders/Private/SingleLayerWaterComposite.usf" 1678
"../../../Engine/Shaders/Private/ReflectionEnvironmentComposite.ush" 1679
"../../../Engine/Shaders/Private/ShadowProjectionPixelShader.usf" 1680
"../../../Engine/Shaders/Private/ShadowPercentageCloserFiltering.ush" 1681
"../../../Engine/Shaders/Private/TransmissionThickness.ush" 1682
"../../../Engine/Shaders/Private/HairStrands/HairStrandsVisibilityCommon.ush" 1683
"../../../Engine/Shaders/Private/HairStrands/HairStrandsVisibilityCommonStruct.ush" 1684
"../../../Engine/Shaders/Private/ShadowProjectionVertexShader.usf" 1685
"../../../Engine/Shaders/Private/CopyShadowMaps.usf" 1686
"../../../Engine/Shaders/Private/ShadowDepthPixelShader.usf" 1687
"../../../Engine/Shaders/Private/LPVListEntry.ush" 1688
"../../../Engine/Shaders/Private/LPVWriteVplCommon.ush" 1689
"../../../Engine/Shaders/Private/LPVWriteCommon.ush" 1690
"../../../Engine/Shaders/Private/LPVCommon.ush" 1691
"../../../Engine/Shaders/Private/ShadowDepthVertexShader.usf" 1692
"../../../Engine/Shaders/Private/ShaderPrintDraw.usf" 1693
"../../../Engine/Shaders/Private/ShaderPrintCommon.ush" 1694
"../../../Engine/Shaders/Private/ShaderComplexityAccumulatePixelShader.usf" 1695
"../../../Engine/Shaders/Private/QuadOverdraw.ush" 1696
"../../../Engine/Shaders/Private/SSRT/SSRTDiffuseIndirect.usf" 1697
"../../../Engine/Shaders/Private/SSRT/SSRTRayCast.ush" 1698
"../../../Engine/Shaders/Private/SSRT/SSRTTileClassificationBuffer.ush" 1699
"../../../Engine/Shaders/Private/SSRT/SSRTReflections.usf" 1700
"../../../Engine/Shaders/Private/ScreenSpaceDenoise/SSDPublic.ush" 1701
"../../../Engine/Shaders/Private/SSRT/SSRTTileClassification.usf" 1702
"../../../Engine/Shaders/Private/SSRT/SSRTPrevFrameReduction.usf" 1703
"../../../Engine/Shaders/Private/ScreenSpaceDenoise/SSDComposeHarmonics.usf" 1704
"../../../Engine/Shaders/Private/ScreenSpaceDenoise/SSDDefinitions.ush" 1705
"../../../Engine/Shaders/Private/ScreenSpaceDenoise/SSDPublicHarmonics.ush" 1706
"../../../Engine/Shaders/Private/LightShaderParameters.ush" 1707
"../../../Engine/Shaders/Private/ScreenSpaceDenoise/SSDSignalFramework.ush" 1708
"../../../Engine/Shaders/Private/ScreenSpaceDenoise/SSDCommon.ush" 1709
"../../../Engine/Shaders/Private/SphericalGaussian.ush" 1710
"../../../Engine/Shaders/Public/WaveBroadcastIntrinsics.ush" 1711
"../../../Engine/Shaders/Private/ScreenSpaceDenoise/SSDMetadata.ush" 1712
"../../../Engine/Shaders/Private/ScreenSpaceDenoise/SSDSignalCore.ush" 1713
"../../../Engine/Shaders/Private/QuasiRandom.ush" 1714
"../../../Engine/Shaders/Private/BlueNoise.ush" 1715
"../../../Engine/Shaders/Private/Halton.ush" 1716
"../../../Engine/Shaders/Private/MortonCode.ush" 1717
"../../../Engine/Shaders/Private/ScreenSpaceDenoise/SSDSignalArray.ush" 1718
"../../../Engine/Shaders/Private/ScreenSpaceDenoise/SSDSignalBufferEncoding.ush" 1719
"../../../Engine/Shaders/Private/ScreenSpaceDenoise/SSDPublicBufferEncoding.ush" 1720
"../../../Engine/Shaders/Private/ScreenSpaceDenoise/SSDTemporalAccumulation.usf" 1721
"../../../Engine/Shaders/Private/ScreenSpaceDenoise/SSDSpatialKernel.ush" 1722
"../../../Engine/Shaders/Private/ScreenSpaceDenoise/SSDSignalAccumulatorArray.ush" 1723
"../../../Engine/Shaders/Private/ScreenSpaceDenoise/SSDSignalAccumulator.ush" 1724
"../../../Engine/Shaders/Private/ScreenSpaceDenoise/SSDSignalCompression.ush" 1725
"../../../Engine/Shaders/Private/TextureSampling.ush" 1726
"../../../Engine/Shaders/Private/ScreenSpaceDenoise/SSDSpatialAccumulation.usf" 1727
"../../../Engine/Shaders/Private/ScreenSpaceDenoise/SSDInjest.usf" 1728
"../../../Engine/Shaders/Private/ScreenSpaceDenoise/SSDCompressMetadata.usf" 1729
"../../../Engine/Shaders/Private/DownsampleDepthPixelShader.usf" 1730
"../../../Engine/Shaders/Private/ScreenPass.usf" 1731
"../../../Engine/Shaders/Private/HZB.usf" 1732
"../../../Engine/Shaders/Private/ReductionCommon.ush" 1733
"../../../Engine/Shaders/Private/HZBOcclusion.usf" 1734
"../../../Engine/Shaders/Private/OcclusionQueryPixelShader.usf" 1735
"../../../Engine/Shaders/Private/OcclusionQueryVertexShader.usf" 1736
"../../../Engine/Shaders/Private/HitProxyPixelShader.usf" 1737
"../../../Engine/Shaders/Private/HitProxyVertexShader.usf" 1738
"../../../Engine/Shaders/Private/ODSCapture.usf" 1739
"../../../Engine/Shaders/Private/SceneCapturePixelShader.usf" 1740
"../../../Engine/Shaders/Private/RequiredTextureResolutionPixelShader.usf" 1741
"../../../Engine/Shaders/Private/RTWriteMaskDecode.usf" 1742
"../../../Engine/Shaders/Private/ReflectionEnvironmentShaders.usf" 1743
"../../../Engine/Shaders/Private/SkyLightingShared.ush" 1744
"../../../Engine/Shaders/Private/RayTracing/VisualizeSkyLightMipTreePS.usf" 1745
"../../../Engine/Shaders/Private/RayTracing/MipTreeCommon.ush" 1746
"../../../Engine/Shaders/Private/RayTracing/CompositeSkyLightPS.usf" 1747
"../../../Engine/Shaders/Private/RayTracing/GenerateSkyLightVisibilityRaysCS.usf" 1748
"../../../Engine/Shaders/Private/RayTracing/RayTracingSkyLightCommon.ush" 1749
"../../../Engine/Shaders/Private/RayTracing/SkyLightVisibilityRaysData.ush" 1750
"../../../Engine/Shaders/Private/PathTracing/Utilities/PathTracingRandomSequence.ush" 1751
"../../../Engine/Shaders/Private/Raytracing/RaytracingSkylightRGS.usf" 1752
"../../../Engine/Shaders/Private/HairStrands/HairStrandsVoxelPageCommonStruct.ush" 1753
"../../../Engine/Shaders/Private/HairStrands/HairStrandsRaytracing.ush" 1754
"../../../Engine/Shaders/Private/HairStrands/HairStrandsVoxelPageCommon.ush" 1755
"../../../Engine/Shaders/Private/HairStrands/HairStrandsVoxelPageTraversal.ush" 1756
"../../../Engine/Shaders/Private/Raytracing/RayTracingSkyLightEvaluation.ush" 1757
"../../../Engine/Shaders/Private/Raytracing/RayTracingDeferredShadingCommon.ush" 1758
"../../../Engine/Shaders/Private/RayTracing/RayTracingOcclusionRGS.usf" 1759
"../../../Engine/Shaders/Private/RayTracing/RayTracingDirectionalLight.ush" 1760
"../../../Engine/Shaders/Private/RayTracing/RayTracingRectLight.ush" 1761
"../../../Engine/Shaders/Private/RayTracing/RayTracingSphereLight.ush" 1762
"../../../Engine/Shaders/Private/RayTracing/RayTracingSpotLight.ush" 1763
"../../../Engine/Shaders/Private/RayTracing/RayTracingDiskLight.ush" 1764
"../../../Engine/Shaders/Private/RayTracing/RayTracingPointLight.ush" 1765
"../../../Engine/Shaders/Private/RayTracing/SplitImaginaryReflectionGBufferCS.usf" 1766
"../../../Engine/Shaders/Private/RayTracing/RayTracingReflectionsCommon.ush" 1767
"../../../Engine/Shaders/Private/RayTracing/RayTracingReflections.usf" 1768
"../../../Engine/Shaders/Private/RayTracing/RayTracingLightingCommon.ush" 1769
"../../../Engine/Shaders/Private/RayTracing/RayTracingLightCullingCommon.ush" 1770
"../../../Engine/Shaders/Private/RayTracing/RayTracingReflectionEnvironment.ush" 1771
"../../../Engine/Shaders/Private/RayTracing/RayTracingPrimaryRays.usf" 1772
"../../../Engine/Shaders/Private/RayTracing/RayTracingMaterialDefaultHitShaders.usf" 1773
"../../../Engine/Shaders/Private/RayTracing/RayTracingMaterialHitShaders.usf" 1774
"../../../Engine/Shaders/Private/LightmapCommon.ush" 1775
"../../../Engine/Shaders/Private/PathTracing/Material/PathTracingFresnel.ush" 1776
"../../../Engine/Shaders/Private/PathTracing/Material/PathTracingThinGlass.ush" 1777
"../../../Engine/Shaders/Private/PathTracing/Material/PathTracingMaterialCommon.ush" 1778
"../../../Engine/Shaders/Private/PathTracing/PathTracingCommon.ush" 1779
"../../../Engine/Shaders/Private/PathTracing/PathTracingDefinitions.ush" 1780
"../../../Engine/Shaders/Private/PathTracing/Material/PathTracingGlossy.ush" 1781
"../../../Engine/Shaders/Private/RayTracing/RayTracingLightingMS.usf" 1782
"../../../Engine/Shaders/Private/RayTracing/GenerateCulledLightListCS.usf" 1783
"../../../Engine/Shaders/Private/RayTracing/RayTracingFinalGatherRGS.usf" 1784
"../../../Engine/Shaders/Private/RayTracing/RayTracingGatherPoints.ush" 1785
"../../../Engine/Shaders/Private/PathTracing/Light/PathTracingLightSampling.ush" 1786
"../../../Engine/Shaders/Private/PathTracing/Light/PathTracingLightCommon.ush" 1787
"../../../Engine/Shaders/Shared/RayTracingTypes.h" 1788
"../../../Engine/Shaders/Shared/PathTracingDefinitions.h" 1789
"../../../Engine/Shaders/Private/PathTracing/Light/PathTracingDirectionalLight.ush" 1790
"../../../Engine/Shaders/Private/PathTracing/Light/PathTracingPointLight.ush" 1791
"../../../Engine/Shaders/Private/PathTracing/Light/PathTracingCapsuleLight.ush" 1792
"../../../Engine/Shaders/Private/PathTracing/Light/PathTracingRectLight.ush" 1793
"../../../Engine/Shaders/Private/PathTracing/Light/PathTracingSkyLight.ush" 1794
"../../../Engine/Shaders/Private/PathTracing/Light/PathTracingSpotLight.ush" 1795
"../../../Engine/Shaders/Private/PathTracing/Material/PathTracingMaterialSampling.ush" 1796
"../../../Engine/Shaders/Private/PathTracing/Material/PathTracingLambert.ush" 1797
"../../../Engine/Shaders/Private/PathTracing/Material/PathTracingRadianceProbe.ush" 1798
"../../../Engine/Shaders/Private/PathTracing/Material/FirstBounceRayGuidingCommon.ush" 1799
"../../../Engine/Shaders/Private/PathTracing/Material/PathTracingSpecularReflection.ush" 1800
"../../../Engine/Shaders/Private/PathTracing/Material/PathTracingSpecularTransmission.ush" 1801
"../../../Engine/Shaders/Private/PathTracing/Material/PathTracingSolidGlass.ush" 1802
"../../../Engine/Shaders/Private/PathTracing/Material/PathTracingDefaultLit.ush" 1803
"../../../Engine/Shaders/Private/PathTracing/Material/PathTracingClearCoat.ush" 1804
"../../../Engine/Shaders/Private/PathTracing/Material/PathTracingTwoSidedFoliage.ush" 1805
"../../../Engine/Shaders/Private/PathTracing/Material/PathTracingCloth.ush" 1806
"../../../Engine/Shaders/Private/PathTracing/Material/PathTracingSubsurfaceProfile.ush" 1807
"../../../Engine/Shaders/Private/RayTracing/RayTracingCreateGatherPointsRGS.usf" 1808
"../../../Engine/Shaders/Private/RayTracing/RayTracingGlobalIlluminationRGS.usf" 1809
"../../../Engine/Shaders/Private/RayTracing/RayTracingDynamicMesh.usf" 1810
"../../../Engine/Shaders/Private/RayTracing/RayTracingDeferredReflections.usf" 1811
"../../../Engine/Shaders/Private/RayTracing/RayTracingDeferredMaterials.ush" 1812
"../../../Engine/Shaders/Shared/ThirdParty/AMD/ags_shader_intrinsics_dx12.h" 1813
"../../../Engine/Shaders/Private/RayTracing/RayTracingDeferredReflections.ush" 1814
"../../../Engine/Shaders/Private/RayTracing/RayTracingReflectionResolve.usf" 1815
"../../../Engine/Shaders/Private/RayTracing/RayTracingReflectionsGenerateRaysCS.usf" 1816
"../../../Engine/Shaders/Private/RayTracing/MaterialSort.usf" 1817
"../../../Engine/Shaders/Private/RayTracing/RayTracingDeferredMaterials.usf" 1818
"../../../Engine/Shaders/Private/RayTracing/RayTracingDebug.usf" 1819
"../../../Engine/Shaders/Shared/RayTracingDebugDefinitions.h" 1820
"../../../Engine/Shaders/Private/RayTracing/RayTracingBarycentrics.usf" 1821
"../../../Engine/Shaders/Private/RayTracing/RayTracingAmbientOcclusionRGS.usf" 1822
"../../../Engine/Shaders/Private/PrimitiveDistanceAccuracyPixelShader.usf" 1823
"../../../Engine/Shaders/Private/VisualizeShadingModels.usf" 1824
"../../../Engine/Shaders/Private/PostProcessCommon.ush" 1825
"../../../Engine/Shaders/Private/TemporalAA/TAAUpdateHistory.usf" 1826
"../../../Engine/Shaders/Private/TemporalAA/TAACommon.ush" 1827
"../../../Engine/Shaders/Private/TemporalAA/TAADilateRejection.usf" 1828
"../../../Engine/Shaders/Private/TemporalAA/TAACompareHistory.usf" 1829
"../../../Engine/Shaders/Private/TemporalAA/TAAFilterFrequencies.usf" 1830
"../../../Engine/Shaders/Private/TemporalAA/TAADecimateHistory.usf" 1831
"../../../Engine/Shaders/Private/TemporalAA/TAADilateVelocity.usf" 1832
"../../../Engine/Shaders/Private/TemporalAA/TAAClearPrevTextures.usf" 1833
"../../../Engine/Shaders/Private/TemporalAA/TAAStandalone.usf" 1834
"../../../Engine/Shaders/Private/FilterPixelShader.usf" 1835
"../../../Engine/Shaders/Private/ScreenPass.ush" 1836
"../../../Engine/Shaders/Private/FilterVertexShader.usf" 1837
"../../../Engine/Shaders/Private/PostProcessVisualizeHDR.usf" 1838
"../../../Engine/Shaders/Private/PostProcessHistogramCommon.ush" 1839
"../../../Engine/Shaders/Private/ShaderComplexityApplyPixelShader.usf" 1840
"../../../Engine/Shaders/Private/PostProcessVisualizeBuffer.usf" 1841
"../../../Engine/Shaders/Private/PostProcessUpscale.usf" 1842
"../../../Engine/Shaders/Private/PostProcessTonemap.usf" 1843
"../../../Engine/Shaders/Private/PostProcessTestImage.usf" 1844
"../../../Engine/Shaders/Private/PostProcessSubsurface.usf" 1845
"../../../Engine/Shaders/Private/SeparableSSS.ush" 1846
"../../../Engine/Shaders/Private/SubsurfaceBurleyNormalized.ush" 1847
"../../../Engine/Shaders/Private/PostProcessSelectionOutline.usf" 1848
"../../../Engine/Shaders/Private/PostProcessPixelProjectedReflectionMobile.usf" 1849
"../../../Engine/Shaders/Private/PostProcessNoiseBlur.usf" 1850
"../../../Engine/Shaders/Private/PostProcessMotionBlur.usf" 1851
"../../../Engine/Shaders/Private/PostProcessVelocityFlatten.usf" 1852
"../../../Engine/Shaders/Private/PostProcessMobile.usf" 1853
"../../../Engine/Shaders/Private/PostProcessMitchellNetravali.usf" 1854
"../../../Engine/Shaders/Private/PostProcessMaterialShaders.usf" 1855
"../../../Engine/Shaders/Private/PostProcessLensFlares.usf" 1856
"../../../Engine/Shaders/Private/ComposeSeparateTranslucency.usf" 1857
"../../../Engine/Shaders/Private/PostProcessHMD.usf" 1858
"../../../Engine/Shaders/Private/PostProcessHistogramReduce.usf" 1859
"../../../Engine/Shaders/Private/PostProcessHistogram.usf" 1860
"../../../Engine/Shaders/Private/PostProcessGBufferHints.usf" 1861
"../../../Engine/Shaders/Private/PostProcessFFTBloom.usf" 1862
"../../../Engine/Shaders/Private/PostProcessEyeAdaptation.usf" 1863
"../../../Engine/Shaders/Private/PostProcessDownsample.usf" 1864
"../../../Engine/Shaders/Private/PostProcessDOF.usf" 1865
"../../../Engine/Shaders/Private/PostProcessDeviceEncodingOnly.usf" 1866
"../../../Engine/Shaders/Private/PostProcessCompositeEditorPrimitives.usf" 1867
"../../../Engine/Shaders/Private/PostProcessCombineLUTs.usf" 1868
"../../../Engine/Shaders/Private/PostProcessVisualizeDOF.usf" 1869
"../../../Engine/Shaders/Private/PostProcessBloom.usf" 1870
"../../../Engine/Shaders/Private/PostProcessAmbientOcclusionMobile.usf" 1871
"../../../Engine/Shaders/Private/PostProcessAmbientOcclusionCommon.ush" 1872
"../../../Engine/Shaders/Private/FXAAShader.usf" 1873
"../../../Engine/Shaders/Private/Fxaa3_11.ush" 1874
"../../../Engine/Shaders/Private/DiaphragmDOF/DOFRecombine.usf" 1875
"../../../Engine/Shaders/Private/DiaphragmDOF/DOFCommon.ush" 1876
"../../../Engine/Shaders/Private/DiaphragmDOF/DOFHybridScatterPixelShader.usf" 1877
"../../../Engine/Shaders/Private/DiaphragmDOF/DOFHybridScatterCommon.ush" 1878
"../../../Engine/Shaders/Private/DiaphragmDOF/DOFHybridScatterVertexShader.usf" 1879
"../../../Engine/Shaders/Private/DiaphragmDOF/DOFPostfiltering.usf" 1880
"../../../Engine/Shaders/Private/DiaphragmDOF/DOFGatherTileSuggest.ush" 1881
"../../../Engine/Shaders/Private/DiaphragmDOF/DOFCocTileCommon.ush" 1882
"../../../Engine/Shaders/Private/DiaphragmDOF/DOFGatherPass.usf" 1883
"../../../Engine/Shaders/Private/DiaphragmDOF/DOFGatherCommon.ush" 1884
"../../../Engine/Shaders/Private/DiaphragmDOF/DOFGatherAccumulator.ush" 1885
"../../../Engine/Shaders/Private/DiaphragmDOF/DOFGatherKernel.ush" 1886
"../../../Engine/Shaders/Private/DiaphragmDOF/DOFBokehLUT.usf" 1887
"../../../Engine/Shaders/Private/DiaphragmDOF/DOFHybridScatterCompilation.usf" 1888
"../../../Engine/Shaders/Private/DiaphragmDOF/DOFReduce.usf" 1889
"../../../Engine/Shaders/Private/DiaphragmDOF/DOFDownsample.ush" 1890
"../../../Engine/Shaders/Private/DiaphragmDOF/DOFHybridScatterCompilation.ush" 1891
"../../../Engine/Shaders/Private/DiaphragmDOF/DOFDownsample.usf" 1892
"../../../Engine/Shaders/Private/DiaphragmDOF/DOFCocTileDilate.usf" 1893
"../../../Engine/Shaders/Private/DiaphragmDOF/DOFCocTileFlatten.usf" 1894
"../../../Engine/Shaders/Private/DiaphragmDOF/DOFSetup.usf" 1895
"../../../Engine/Shaders/Private/PlanarReflectionShaders.usf" 1896
"../../../Engine/Shaders/Private/PlanarReflectionShared.ush" 1897
"../../../Engine/Shaders/Private/PathTracing/PathTracingCompositingPixelShader.usf" 1898
"../../../Engine/Shaders/Private/PathTracing/PathTracingIESAtlas.usf" 1899
"../../../Engine/Shaders/Private/PathTracing/PathTracing.usf" 1900
"../../../Engine/Shaders/Private/PathTracing/Light/PathTracingLightGrid.ush" 1901
"../../../Engine/Shaders/Private/PathTracing/PathTracingCamera.ush" 1902
"../../../Engine/Shaders/Private/PathTracing/Sensor/PathTracingPinholeCamera.ush" 1903
"../../../Engine/Shaders/Private/PathTracing/PathTracingBuildLightGrid.usf" 1904
"../../../Engine/Shaders/Private/PathTracing/PathTracingSkylightMISCompensation.usf" 1905
"../../../Engine/Shaders/Private/PathTracing/PathTracingSkylightPrepare.usf" 1906
"../../../Engine/Shaders/Private/MobileSceneCapture.usf" 1907
"../../../Engine/Shaders/Private/DistortApplyScreenPS.usf" 1908
"../../../Engine/Shaders/Private/MobileDeferredShading.usf" 1909
"../../../Engine/Shaders/Private/MobileShadingModels.ush" 1910
"../../../Engine/Shaders/Private/MobileGGX.ush" 1911
"../../../Engine/Shaders/Private/MobileBasePassPixelShader.usf" 1912
"../../../Engine/Shaders/Private/MobileBasePassCommon.ush" 1913
"../../../Engine/Shaders/Private/SingleLayerWaterShading.ush" 1914
"../../../Engine/Shaders/Private/DistortionCommon.ush" 1915
"../../../Engine/Shaders/Private/MobileBasePassVertexShader.usf" 1916
"../../../Engine/Shaders/Private/MeshTexCoordSizeAccuracyPixelShader.usf" 1917
"../../../Engine/Shaders/Private/MaterialTexCoordScalesPixelShader.usf" 1918
"../../../Engine/Shaders/Private/LightShaftShader.usf" 1919
"../../../Engine/Shaders/Private/StationaryLightOverlapShaders.usf" 1920
"../../../Engine/Shaders/Private/DeferredLightPixelShaders.usf" 1921
"../../../Engine/Shaders/Private/HairStrands/HairStrandsCommon.ush" 1922
"../../../Engine/Shaders/Private/HairStrands/HairStrandsDeepTransmittanceCommon.ush" 1923
"../../../Engine/Shaders/Private/HairStrands/HairStrandsDeepTransmittanceDualScattering.ush" 1924
"../../../Engine/Shaders/Private/DeferredLightVertexShaders.usf" 1925
"../../../Engine/Shaders/Private/LPVVisualise.usf" 1926
"../../../Engine/Shaders/Private/LPVGeometryVolumeCommon.ush" 1927
"../../../Engine/Shaders/Private/LPVDirectLightInject.usf" 1928
"../../../Engine/Shaders/Private/LPVPropagate.usf" 1929
"../../../Engine/Shaders/Private/LPVPacking.ush" 1930
"../../../Engine/Shaders/Private/LPVBuildGeometryVolume.usf" 1931
"../../../Engine/Shaders/Private/LPVDirectionalOcclusion.usf" 1932
"../../../Engine/Shaders/Private/LPVInject_AccumulateVplLists.usf" 1933
"../../../Engine/Shaders/Private/LPVInject_GenerateVplLists.usf" 1934
"../../../Engine/Shaders/Private/LPVClearLists.usf" 1935
"../../../Engine/Shaders/Private/LPVClear.usf" 1936
"../../../Engine/Shaders/Private/LightMapDensityShader.usf" 1937
"../../../Engine/Shaders/Private/LightGridInjection.usf" 1938
"../../../Engine/Shaders/Private/LightFunctionPixelShader.usf" 1939
"../../../Engine/Shaders/Private/LightFunctionVertexShader.usf" 1940
"../../../Engine/Shaders/Private/ReflectionEnvironmentPixelShader.usf" 1941
"../../../Engine/Shaders/Private/AmbientCubemapComposite.usf" 1942
"../../../Engine/Shaders/Private/DiffuseIndirectComposite.usf" 1943
"../../../Engine/Shaders/Private/HeightfieldLighting.usf" 1944
"../../../Engine/Shaders/Private/DistanceFieldLightingShared.ush" 1945
"../../../Engine/Shaders/Private/DistanceFieldShadowingShared.ush" 1946
"../../../Engine/Shaders/Private/HeightfieldLightingShared.ush" 1947
"../../../Engine/Shaders/Private/HdrCustomResolveShaders.usf" 1948
"../../../Engine/Shaders/Private/HairStrands/HairStrandsVoxelMip.usf" 1949
"../../../Engine/Shaders/Private/HairStrands/HairStrandsVoxelRasterCompute.usf" 1950
"../../../Engine/Shaders/Private/HairStrands/HairStrandsVoxelPageAllocation.usf" 1951
"../../../Engine/Shaders/Private/Matrices.ush" 1952
"../../../Engine/Shaders/Private/HairStrands/HairStrandsAABBCommon.ush" 1953
"../../../Engine/Shaders/Private/HairStrands/HairStrandsVoxelOpaque.usf" 1954
"../../../Engine/Shaders/Private/HairStrands/HairStrandsVisibilityRasterCompute.usf" 1955
"../../../Engine/Shaders/Shared/ThirdParty/NVIDIA/nvHLSLExtns.h" 1956
"../../../Engine/Shaders/Shared/ThirdParty/NVIDIA/nvHLSLExtnsInternal.h" 1957
"../../../Engine/Shaders/Shared/ThirdParty/NVIDIA/nvShaderExtnEnums.h" 1958
"../../../Engine/Shaders/Shared/ThirdParty/AMD/ags_shader_intrinsics_dx11.h" 1959
"../../../Engine/Shaders/Private/HairStrands/HairStrandsCoverage.usf" 1960
"../../../Engine/Shaders/Private/HairStrands/HairStrandsVisibilityDepthPS.usf" 1961
"../../../Engine/Shaders/Private/HairStrands/HairStrandsVisibilityTransmittanceDepthPS.usf" 1962
"../../../Engine/Shaders/Private/HairStrands/HairStrandsVisibilityFillOpaqueDepthPS.usf" 1963
"../../../Engine/Shaders/Private/HairStrands/HairStrandsVisibilityTile.usf" 1964
"../../../Engine/Shaders/Private/HairStrands/HairStrandsVisibilityCompactionComputeRaster.usf" 1965
"../../../Engine/Shaders/Private/HairStrands/HairStrandsVisibilityCompaction.usf" 1966
"../../../Engine/Shaders/Private/HairStrands/HairStrandsVisibilityCopyIndirectArg.usf" 1967
"../../../Engine/Shaders/Private/HairStrands/HairStrandsVisibilityClearPS.usf" 1968
"../../../Engine/Shaders/Private/HairStrands/HairStrandsVisibilityPS.usf" 1969
"../../../Engine/Shaders/Private/HairStrands/HairStrandsVisibilityVS.usf" 1970
"../../../Engine/Shaders/Private/HairStrands/HairStrandsLightChannelMask.usf" 1971
"../../../Engine/Shaders/Private/HairStrands/HairStrandsVelocity.usf" 1972
"../../../Engine/Shaders/Private/HairStrands/HairStrandsVisibilityComputeSampleCoverage.usf" 1973
"../../../Engine/Shaders/Private/HairStrands/HairStrandsMaterialPS.usf" 1974
"../../../Engine/Shaders/Private/HairStrands/HairStrandsMaterialCommon.ush" 1975
"../../../Engine/Shaders/Private/HairStrands/HairStrandsMaterialVS.usf" 1976
"../../../Engine/Shaders/Private/HairStrands/HairStrandsMaterialGBufferPS.usf" 1977
"../../../Engine/Shaders/Private/HairStrands/HairStrandsGBufferCommon.ush" 1978
"../../../Engine/Shaders/Private/HairStrands/HairStrandsMaterialGBufferVS.usf" 1979
"../../../Engine/Shaders/Private/HairStrands/HairStrandsLightSample.usf" 1980
"../../../Engine/Shaders/Private/HairStrands/HairStrandsDeepShadowMask.usf" 1981
"../../../Engine/Shaders/Private/HairStrands/HairStrandsDeepShadowCommonStruct.ush" 1982
"../../../Engine/Shaders/Private/HairStrands/HairStrandsDebugCommon.ush" 1983
"../../../Engine/Shaders/Private/HairStrands/HairStrandsDeepShadowCommon.ush" 1984
"../../../Engine/Shaders/Private/HairStrands/HairStrandsDeepTransmittanceMask.usf" 1985
"../../../Engine/Shaders/Private/HairStrands/HairScatter.usf" 1986
"../../../Engine/Shaders/Private/HairStrands/HairScatterCompose.usf" 1987
"../../../Engine/Shaders/Private/HairStrands/HairStrandsDeepShadowPS.usf" 1988
"../../../Engine/Shaders/Private/HairStrands/HairStrandsDeepShadowVS.usf" 1989
"../../../Engine/Shaders/Private/HairStrands/HairStrandsLUT.usf" 1990
"../../../Engine/Shaders/Private/HairStrands/HairStrandsEnvironmentLighting.usf" 1991
"../../../Engine/Shaders/Private/HairStrands/HairStrandsEnvironmentLightingCommon.ush" 1992
"../../../Engine/Shaders/Private/HairStrands/HairStrandsDebugCommonStruct.ush" 1993
"../../../Engine/Shaders/Private/HairStrands/HairStrandsEnvironmentAO.usf" 1994
"../../../Engine/Shaders/Private/HairStrands/HairStrandsDeepShadowAllocation.usf" 1995
"../../../Engine/Shaders/Private/HairStrands/HairStrandsVoxelDepthInjection.usf" 1996
"../../../Engine/Shaders/Private/HairStrands/HairStrandsClusterCulling.usf" 1997
"../../../Engine/Shaders/Private/HairStrands/HairStrandsClusterCommon.ush" 1998
"../../../Engine/Shaders/Private/HairStrands/HairStrandsVisibilityPPLLDebug.usf" 1999
"../../../Engine/Shaders/Private/HairStrands/HairStrandsBsdfPlot.usf" 2000
"../../../Engine/Shaders/Private/HairStrands/HairStrandsVoxelPageRayMarching.usf" 2001
"../../../Engine/Shaders/Private/HairStrands/HairStrandsDeepShadowDebug.usf" 2002
"../../../Engine/Shaders/Private/HairStrands/HairStrandsDebug.usf" 2003
"../../../Engine/Shaders/Private/HairStrands/HairStrandsDebugPrint.usf" 2004
"../../../Engine/Shaders/Private/HairStrands/HairStrandsGBufferWrite.usf" 2005
"../../../Engine/Shaders/Private/HairStrands/HairStrandsVisibilityComposeSubPixelPS.usf" 2006
"../../../Engine/Shaders/Private/HairStrands/HairStrandsAABB.usf" 2007
"../../../Engine/Shaders/Private/GPUFastFourierTransform.usf" 2008
"../../../Engine/Shaders/Private/GPUFastFourierTransform2DCore.ush" 2009
"../../../Engine/Shaders/Private/GPUFastFourierTransformCore.ush" 2010
"../../../Engine/Shaders/Private/ShaderDrawDebug.usf" 2011
"../../../Engine/Shaders/Private/GPUBenchmark.usf" 2012
"../../../Engine/Shaders/Private/GlobalDistanceField.usf" 2013
"../../../Engine/Shaders/Private/GammaCorrection.usf" 2014
"../../../Engine/Shaders/Private/HeightFogPixelShader.usf" 2015
"../../../Engine/Shaders/Private/HeightFogVertexShader.usf" 2016
"../../../Engine/Shaders/Private/DistortAccumulatePS.usf" 2017
"../../../Engine/Shaders/Private/DistortAccumulateVS.usf" 2018
"../../../Engine/Shaders/Private/DistanceFieldVisualization.usf" 2019
"../../../Engine/Shaders/Private/DistanceFieldShadowing.usf" 2020
"../../../Engine/Shaders/Private/DistanceFieldScreenGridLighting.usf" 2021
"../../../Engine/Shaders/Private/DistanceFieldObjectCulling.usf" 2022
"../../../Engine/Shaders/Private/DistanceFieldLightingPost.usf" 2023
"../../../Engine/Shaders/Private/DitheredTransitionStencil.usf" 2024
"../../../Engine/Shaders/Private/DepthOnlyPixelShader.usf" 2025
"../../../Engine/Shaders/Private/DepthOnlyVertexShader.usf" 2026
"../../../Engine/Shaders/Private/PositionOnlyDepthVertexShader.usf" 2027
"../../../Engine/Shaders/Private/DeferredDecal.usf" 2028
"../../../Engine/Shaders/Private/DecalCommon.ush" 2029
"../../../Engine/Shaders/Private/DBufferDecalShared.ush" 2030
"../../../Engine/Shaders/Private/DebugViewModeVertexShader.usf" 2031
"../../../Engine/Shaders/Private/PostProcessPassThrough.usf" 2032
"../../../Engine/Shaders/Private/MeshDecals.usf" 2033
"../../../Engine/Shaders/Private/PostProcessLpvIndirect.usf" 2034
"../../../Engine/Shaders/Private/LPVFinalPass.ush" 2035
"../../../Engine/Shaders/Private/PostProcessAmbientOcclusion.usf" 2036
"../../../Engine/Shaders/Private/ClusteredDeferredShadingPixelShader.usf" 2037
"../../../Engine/Shaders/Private/CapsuleShadowShaders.usf" 2038
"../../../Engine/Shaders/Private/BasePassPixelShader.usf" 2039
"../../../Engine/Shaders/Private/BasePassCommon.ush" 2040
"../../../Engine/Shaders/Private/ShadingModelsMaterial.ush" 2041
"../../../Engine/Shaders/Private/ThinTranslucentCommon.ush" 2042
"../../../Engine/Shaders/Private/ForwardLightingCommon.ush" 2043
"../../../Engine/Shaders/Private/BasePassTessellationShaders.usf" 2044
"../../../Engine/Shaders/Private/BasePassVertexCommon.ush" 2045
"../../../Engine/Shaders/Private/BasePassVertexShader.usf" 2046
"../../../Engine/Shaders/Private/AtmospherePrecomputeInscatter.usf" 2047
"../../../Engine/Shaders/Private/AtmospherePrecomputeCommon.ush" 2048
"../../../Engine/Shaders/Private/AtmospherePrecompute.usf" 2049
"../../../Engine/Shaders/Private/AtmosphericFogShader.usf" 2050
"../../../Engine/Shaders/Private/AnisotropyPassShader.usf" 2051
"../../../Engine/Shaders/Private/SimpleElementVolumeTexturePreviewPixelShader.usf" 2052
"../../../Engine/Shaders/Private/SimpleElementTexture2DPreviewPixelShader.usf" 2053
"../../../Engine/Shaders/Private/SimpleElementNormalMapPixelShader.usf" 2054
"../../../Engine/Shaders/Private/meshpaintdilatepixelshader.usf" 2055
"../../../Engine/Shaders/Private/meshpaintdilatevertexshader.usf" 2056
"../../../Engine/Shaders/Private/MeshPaintPixelShader.usf" 2057
"../../../Engine/Shaders/Private/MeshPaintVertexShader.usf" 2058
"../../../Engine/Shaders/Private/Tools/VisualizeTexture.usf" 2059
"../../../Engine/Shaders/Private/ByteBuffer.usf" 2060
"../../../Engine/Shaders/Private/ResolveVertexShader.usf" 2061
"../../../Engine/Shaders/Private/ResolvePixelShader.usf" 2062
"../../../Engine/Shaders/Private/Tools/ClearUAV.usf" 2063
"../../../Engine/Shaders/Private/ClearReplacementShaders.usf" 2064
"../../../Engine/Shaders/Private/Raytracing/RayTracingInstanceCopy.usf" 2065
"../../../Engine/Shaders/Private/RenderGraphUtilities.usf" 2066
"../../../Engine/Shaders/Private/OneColorShader.usf" 2067
"../../../Engine/Shaders/Private/OculusShaders.usf" 2068
"../../../Engine/Shaders/Private/MediaShaders.usf" 2069
"../../../Engine/Shaders/Private/NullPixelShader.usf" 2070
"../../../Engine/Shaders/Private/ComputeGenerateMips.usf" 2071
"../../../Engine/Shaders/Private/CopyTextureShaders.usf" 2072
"../../../Engine/Shaders/Private/Tools/FullscreenVertexShader.usf" 2073
"../../../Engine/Shaders/Private/RayTracing/RayTracingBuiltInShaders.usf" 2074
"C:/Users/23589/AppData/Local/UnrealEngine/4.27/DerivedDataCache/Boot.ddc" 2075
"../../../Engine/DerivedDataCache/Compressed.ddp" 2076
"../../../../../../TPSDuel/DerivedDataCache/TestData/0/TestData_4kb.dat" 2077
"../../../../../../TPSDuel/DerivedDataCache/TestData/1/TestData_4kb.dat" 2078
"../../../../../../TPSDuel/DerivedDataCache/TestData/0/TestData_8kb.dat" 2079
"../../../../../../TPSDuel/DerivedDataCache/TestData/1/TestData_8kb.dat" 2080
"../../../../../../TPSDuel/DerivedDataCache/TestData/0/TestData_16kb.dat" 2081
"../../../../../../TPSDuel/DerivedDataCache/TestData/1/TestData_16kb.dat" 2082
"../../../../../../TPSDuel/DerivedDataCache/TestData/0/TestData_64kb.dat" 2083
"../../../../../../TPSDuel/DerivedDataCache/TestData/1/TestData_64kb.dat" 2084
"../../../../../../TPSDuel/DerivedDataCache/TestData/0/TestData_128kb.dat" 2085
"../../../../../../TPSDuel/DerivedDataCache/TestData/1/TestData_128kb.dat" 2086
"../../../../../../TPSDuel/DerivedDataCache/TestData/0/TestData_256kb.dat" 2087
"../../../../../../TPSDuel/DerivedDataCache/TestData/1/TestData_256kb.dat" 2088
"../../../Engine/Content/EditorResources/S_Actor.uasset" 2089
"../../../Engine/Content/EngineResources/WhiteSquareTexture.uasset" 2090
"../../../Engine/Content/EngineResources/GradientTexture0.uasset" 2091
"../../../Engine/Content/EngineResources/Black.uasset" 2092
"../../../Engine/Content/EngineMeshes/Sphere.uasset" 2093
"../../../../../../TPSDuel/DerivedDataCache/7/0/1/PHYSX_A08609EF508D460CBB6710540B03AACF_PHYSXGENERIC_572BACBB4C0F7A7E5E958FB3CA__4A6579D91A74DAE380BCF3B12203D85EE6D02801.udd" 2094
"../../../Engine/Content/EditorMaterials/MatineeGroups/MAT_Groups_Float.uasset" 2095
"../../../Engine/Content/EditorMaterials/MatineeGroups/MAT_Groups_Anim.uasset" 2096
"../../../Engine/Content/EditorMaterials/MatineeGroups/MAT_Groups_AudioMaster.uasset" 2097
"../../../Engine/Content/EditorMaterials/MatineeGroups/MAT_ColorTrack.uasset" 2098
"../../../Engine/Content/EditorMaterials/MatineeGroups/MAT_Groups_Fade.uasset" 2099
"../../../Engine/Content/EditorMaterials/MatineeGroups/MAT_Groups_Director.uasset" 2100
"../../../Engine/Content/EditorMaterials/MatineeGroups/MAT_Groups_Event.uasset" 2101
"../../../Engine/Content/EditorMaterials/MatineeGroups/MAT_Groups_Move.uasset" 2102
"../../../Engine/Content/EditorMaterials/MatineeGroups/MAT_Groups_Slomo.uasset" 2103
"../../../Engine/Content/EditorMaterials/MatineeGroups/MAT_Groups_Sound.uasset" 2104
"../../../Engine/Content/EditorMaterials/MAT_Groups_Toggle.uasset" 2105
"../../../Engine/Content/EditorMaterials/MatineeGroups/MAT_Groups_Vector.uasset" 2106
"../../../Engine/Content/EditorMaterials/MAT_Groups_Visibility.uasset" 2107
"../../../Engine/Content/EngineResources/DefaultTexture.uasset" 2108
"../../../Engine/Content/EngineResources/DefaultTextureCube.uasset" 2109
"../../../Engine/Content/EngineResources/DefaultVolumeTexture.uasset" 2110
"../../../Engine/Content/EngineResources/DefaultVolumeTexture2D.uasset" 2111
"../../../Engine/Content/EngineFonts/RobotoDistanceField.uasset" 2112
"../../../Engine/Content/EngineMaterials/DefaultTextMaterialOpaque.uasset" 2113
"../../../Engine/Content/Functions/Engine_MaterialFunctions01/Shading/PowerToRoughness.uasset" 2114
"../../../Engine/Content/Functions/Engine_MaterialFunctions01/Shading/ConvertFromDiffSpec.uasset" 2115
"../../../Engine/Content/EngineMaterials/WorldGridMaterial.uasset" 2116
"../../../Engine/Content/Functions/Engine_MaterialFunctions01/Opacity/CameraDepthFade.uasset" 2117
"../../../Engine/Content/EngineMaterials/T_Default_Material_Grid_M.uasset" 2118
"../../../Engine/Content/EngineMaterials/T_Default_Material_Grid_N.uasset" 2119
"../../../Engine/Content/EngineMaterials/DefaultDeferredDecalMaterial.uasset" 2120
"../../../Engine/Content/EngineMaterials/DefaultDiffuse.uasset" 2121
"../../../Engine/Content/EngineMaterials/DefaultLightFunctionMaterial.uasset" 2122
"../../../Engine/Content/EngineMaterials/DefaultPostProcessMaterial.uasset" 2123
"../../../Engine/Content/Functions/Engine_MaterialFunctions02/Utility/BreakOutFloat2Components.uasset" 2124
"../../../Engine/Content/EditorResources/S_Trigger.uasset" 2125
"../../../Engine/Content/EngineSky/VolumetricClouds/m_SimpleVolumetricCloud_Inst.uasset" 2126
"../../../Engine/Content/EngineSky/VolumetricClouds/m_SimpleVolumetricCloud.uasset" 2127
"../../../Engine/Content/Functions/Engine_MaterialFunctions02/Utility/MakeFloat2.uasset" 2128
"../../../Engine/Content/EngineSky/VolumetricClouds/CloudGradientTexture.uasset" 2129
"../../../Engine/Content/EngineSky/VolumetricClouds/CloudWeatherTexture.uasset" 2130
"../../../Engine/Content/EngineSky/VolumetricClouds/T_VolumeNoiseErosion32.uasset" 2131
"../../../Engine/Content/EngineSky/VolumetricClouds/T_NoiseErosion.uasset" 2132
"../../../Engine/Content/EngineSky/VolumetricClouds/T_VolumeNoiseShape64.uasset" 2133
"../../../Engine/Content/EngineSky/VolumetricClouds/T_NoiseShape64.uasset" 2134
"../../../Engine/Content/EngineMaterials/BaseFlattenMaterial.uasset" 2135
"../../../Engine/Content/EngineMaterials/BaseFlattenDiffuseMap.uasset" 2136
"../../../Engine/Content/EngineMaterials/BaseFlattenEmissiveMap.uasset" 2137
"../../../Engine/Content/EngineMaterials/BaseFlattenGrayscaleMap.uasset" 2138
"../../../Engine/Content/EngineMaterials/BaseFlattenNormalMap.uasset" 2139
"../../../Engine/Content/EngineDamageTypes/DmgTypeBP_Environmental.uasset" 2140
"../../../Engine/Content/VREditor/TransformGizmo/SM_Sequencer_Key.uasset" 2141
"../../../Engine/Content/VREditor/TransformGizmo/Main.uasset" 2142
"../../../Engine/Content/VREditor/TransformGizmo/Xray.uasset" 2143
"../../../../../../TPSDuel/DerivedDataCache/6/0/4/PHYSX_A08609EF508D460CBB6710540B03AACF_PHYSXGENERIC_03B0782E43A4D3C2AFA298B72B__53332861743485F79AA0CF326F4091BA53B64675.udd" 2144
"../../../Engine/Content/EngineMaterials/Widget3DPassThrough_Translucent.uasset" 2145
"../../../Engine/Content/EngineMaterials/Widget3DPassThrough.uasset" 2146
"../../../Engine/Config/TVOS/TVOSEngine.ini" 2147
"../../../../../../TPSDuel/DerivedDataCache/7/3/7/MATSM_0BA69734E4FD45E082FA4560DBE25454_GLSL_ES3_1_ANDROID_18786__BC5N_NOCCBN_N__FE083A2A8F18F37E7E1BF62A1D685A2FA7C69F8E.udd" 2148
"../../../Engine/Content/EngineMaterials/Widget3DPassThrough_Translucent_OneSided.uasset" 2149
"../../../../../../TPSDuel/DerivedDataCache/5/0/5/MATSM_0BA69734E4FD45E082FA4560DBE25454_GLSL_ES3_1_ANDROID_18786__BC5N_NOCCBN_N__1B10AD7F4AFB6467F2F25F3832886DF122D36E26.udd" 2150
"../../../Engine/Content/EngineMaterials/Widget3DPassThrough_Opaque.uasset" 2151
"../../../../../../TPSDuel/DerivedDataCache/7/4/3/MATSM_0BA69734E4FD45E082FA4560DBE25454_GLSL_ES3_1_ANDROID_18786__BC5N_NOCCBN_N__2033A7BE943A1AFF755EDDA178C845DF902FDCD6.udd" 2152
"../../../Engine/Content/EngineMaterials/Widget3DPassThrough_Opaque_OneSided.uasset" 2153
"../../../../../../TPSDuel/DerivedDataCache/3/9/9/MATSM_0BA69734E4FD45E082FA4560DBE25454_GLSL_ES3_1_ANDROID_18786__BC5N_NOCCBN_N__D40606DC4952213BED74CE1F1CA6E3018DE7E93B.udd" 2154
"../../../Engine/Content/EngineMaterials/Widget3DPassThrough_Masked.uasset" 2155
"../../../../../../TPSDuel/DerivedDataCache/0/0/5/MATSM_0BA69734E4FD45E082FA4560DBE25454_GLSL_ES3_1_ANDROID_18786__BC5N_NOCCBN_N__85C3CB39462DD6E505698BF5B3BD0E290BA318DF.udd" 2156
"../../../Engine/Content/EngineMaterials/Widget3DPassThrough_Masked_OneSided.uasset" 2157
"../../../../../../TPSDuel/DerivedDataCache/8/0/8/MATSM_0BA69734E4FD45E082FA4560DBE25454_GLSL_ES3_1_ANDROID_18786__BC5N_NOCCBN_N__C0DC8517C1388450E2C735093A9FC262D92D6F44.udd" 2158
"../../../Engine/Content/VREditor/TransformGizmo/PlaneTranslationHandle.uasset" 2159
"../../../Engine/Content/VREditor/TransformGizmo/TransformGizmoMaterial.uasset" 2160
"../../../Engine/Content/VREditor/LaserPointer/VR_LaserPower_01.uasset" 2161
"../../../Engine/Content/VREditor/TransformGizmo/TranslucentTransformGizmoMaterial.uasset" 2162
"../../../../../../TPSDuel/DerivedDataCache/8/1/8/PHYSX_A08609EF508D460CBB6710540B03AACF_PHYSXGENERIC_68F96D6E4F7269E4AD14B2B016__8FED5BCB456EC64F58DB3A546F4BF30E542168B3.udd" 2163
"../../../Engine/Content/VREditor/TransformGizmo/BoundingBoxCorner.uasset" 2164
"../../../../../../TPSDuel/DerivedDataCache/0/6/1/PHYSX_A08609EF508D460CBB6710540B03AACF_PHYSXGENERIC_8BCFCFC24E0DF8EF018F38A90F__E23A7C42415AB6FE7099EA7BD4CC206BEB152C9A.udd" 2165
"../../../Engine/Content/VREditor/TransformGizmo/BoundingBoxEdge.uasset" 2166
"../../../../../../TPSDuel/DerivedDataCache/2/5/1/PHYSX_A08609EF508D460CBB6710540B03AACF_PHYSXGENERIC_A45AC5F24F727E508B7132ADC0__95655A186CF3586FE68D571CC38616EBDD6172A6.udd" 2167
"../../../Engine/Content/EditorMeshes/Camera/SM_CraneRig_Base.uasset" 2168
"../../../Engine/Content/EditorMaterials/Camera/MI_CineMat_Rig.uasset" 2169
"../../../Engine/Content/EditorMaterials/Camera/CineMat.uasset" 2170
"../../../../../../TPSDuel/DerivedDataCache/3/9/1/PHYSX_A08609EF508D460CBB6710540B03AACF_PHYSXGENERIC_C7E16BC44EBF283831F3C1844D__B01A4051ACDF9A72DDD48AEAAF8098A8CE548F66.udd" 2171
"../../../Engine/Content/EditorMeshes/Camera/SM_CraneRig_Arm.uasset" 2172
"../../../../../../TPSDuel/DerivedDataCache/0/5/4/PHYSX_A08609EF508D460CBB6710540B03AACF_PHYSXGENERIC_F260EC324774DCAE6A79CD8375__FF052C20C5EDC1E7FA5D6EC71F84668A2DCF8037.udd" 2173
"../../../Engine/Content/EditorMeshes/Camera/SM_CraneRig_Mount.uasset" 2174
"../../../../../../TPSDuel/DerivedDataCache/7/8/0/PHYSX_A08609EF508D460CBB6710540B03AACF_PHYSXGENERIC_52AECB5F44307B68A160C3A844__0BD99A830D04B102A043BDBA9CC6A9EC34E47B76.udd" 2175
"../../../Engine/Content/EditorMeshes/Camera/SM_CraneRig_Body.uasset" 2176
"../../../../../../TPSDuel/DerivedDataCache/9/5/1/PHYSX_A08609EF508D460CBB6710540B03AACF_PHYSXGENERIC_688DE534429542F2A282749F0E__BDF62DE451586A95ED9E70354CB4971823DDFD29.udd" 2177
"../../../Engine/Content/EditorMeshes/Camera/SM_RailRig_Track.uasset" 2178
"../../../../../../TPSDuel/DerivedDataCache/6/0/6/PHYSX_A08609EF508D460CBB6710540B03AACF_PHYSXGENERIC_0EAA33D84B2C00A4EF99379D61__8BF6911B6103EA9C5D825026C9BCFA73BCD12E4D.udd" 2179
"../../../Engine/Content/EditorMeshes/Camera/SM_RailRig_Mount.uasset" 2180
"../../../../../../TPSDuel/DerivedDataCache/1/8/8/PHYSX_A08609EF508D460CBB6710540B03AACF_PHYSXGENERIC_EFC97AF34787426E181448A12D__E19E42EF187D95592BF20B915125C221D1EE70BE.udd" 2181
"../../../Engine/Content/ArtTools/RenderToTexture/Meshes/S_1_Unit_Plane.uasset" 2182
"../../../../../../TPSDuel/DerivedDataCache/0/4/4/PHYSX_A08609EF508D460CBB6710540B03AACF_PHYSXGENERIC_ED0028A248A57D12896F708C02__DC3F74BB2E540752D808F3CA27F87D735F13830C.udd" 2183
"../../../Engine/Content/EngineDebugMaterials/M_SimpleUnlitTranslucent.uasset" 2184
"../../../Engine/Content/EngineFonts/Roboto.uasset" 2185
"../../../Engine/Content/EngineFonts/Faces/DroidSansFallback.uasset" 2186
"../../../Engine/Content/EngineFonts/Faces/RobotoBold.uasset" 2187
"../../../Engine/Content/EngineFonts/Faces/RobotoBoldItalic.uasset" 2188
"../../../Engine/Content/EngineFonts/Faces/RobotoItalic.uasset" 2189
"../../../Engine/Content/EngineFonts/Faces/RobotoLight.uasset" 2190
"../../../Engine/Content/EngineFonts/Faces/RobotoRegular.uasset" 2191
"../../../Engine/Content/EditorMaterials/ParticleSystems/PSysThumbnail_NoImage.uasset" 2192
"../../../Engine/Content/EditorMaterials/ParticleSystems/PSysThumbnail_OOD.uasset" 2193
"../../../Engine/Content/Maps/Templates/Thumbnails/Default.uasset" 2194
"../../../Engine/Content/Maps/Templates/Thumbnails/TimeOfDay.uasset" 2195
"../../../Engine/Content/Maps/Templates/Thumbnails/VR-Basic.uasset" 2196
"../../../Engine/Content/EditorLandscapeResources/DataLayer.uasset" 2197
"../../../Engine/Content/VREditor/TransformGizmo/SM_Sequencer_Node.uasset" 2198
"../../../../../../TPSDuel/DerivedDataCache/6/5/8/PHYSX_A08609EF508D460CBB6710540B03AACF_PHYSXGENERIC_7878859F4A9996EB41A8A4B02F__B2234363BBE90BD869B73EE26F388821E9BDA393.udd" 2199
"../../../Engine/Content/Internationalization/icudt64l/coll/ucadata.icu" 2200
"../../../Engine/Content/Internationalization/icudt64l/coll/zh_Hans.res" 2201
"../../../Engine/Content/Internationalization/icudt64l/coll/zh.res" 2202
"../../../Engine/Content/Internationalization/icudt64l/coll/root.res" 2203
"../../../Engine/Content/Tutorial/ContentIntroCurve.uasset" 2204
"../../Plugins/2D/Paper2D/Content/MaskedUnlitSpriteMaterial.uasset" 2205
"../../Plugins/2D/Paper2D/Content/DefaultSpriteMaterial.uasset" 2206
"../../Plugins/2D/Paper2D/Content/PlaceholderTextures/DummySpriteTexture.uasset" 2207
"../../Plugins/2D/Paper2D/Content/OpaqueUnlitSpriteMaterial.uasset" 2208
"../../../../../../TPSDuel/DerivedDataCache/1/4/0/MATSM_0BA69734E4FD45E082FA4560DBE25454_GLSL_ES3_1_ANDROID_18786__BC5N_NOCCBN_N__EEF9649F8E1D0C631DCF86ED6C2C7D261F6DAAB0.udd" 2209
"../../Plugins/2D/Paper2D/Content/DefaultPaperTerrainMaterial.uasset" 2210
"../../Plugins/2D/Paper2D/Content/DummySprite.uasset" 2211
"../../Plugins/Lumin/MagicLeapPassableWorld/Content/MagicLeapARPinInfoActor.uasset" 2212
"../../../Engine/Content/ArtTools/RenderToTexture/Materials/Debug/M_Emissive_Color.uasset" 2213
"../../../Engine/Content/BasicShapes/Cylinder.uasset" 2214
"../../../Engine/Content/EngineMaterials/DefaultMaterial.uasset" 2215
"../../../../../../TPSDuel/DerivedDataCache/5/8/5/PHYSX_A08609EF508D460CBB6710540B03AACF_PHYSXGENERIC_3C1AE2C048C12A663DA5BB8FAF__DBD051DFA671D0487B53E0121A47092230586975.udd" 2216
"../../../Engine/Content/EngineDebugMaterials/VertexColorMaterial.uasset" 2217
"../../../Engine/Content/EngineDebugMaterials/WireframeMaterial.uasset" 2218
"../../../Engine/Content/EngineMeshes/Cylinder.uasset" 2219
"../../../../../../TPSDuel/DerivedDataCache/7/5/9/PHYSX_A08609EF508D460CBB6710540B03AACF_PHYSXGENERIC_0B92E78C4DB1EF7D0C58D2A05F__A75A33DE099F7DC6BC99385ACBA0B09DC6C1CE1E.udd" 2220
"../../../Engine/Content/BasicShapes/Cube.uasset" 2221
"../../../../../../TPSDuel/DerivedDataCache/0/2/1/PHYSX_A08609EF508D460CBB6710540B03AACF_PHYSXGENERIC_CD2024A34BED374A71F8009AA6__BFB6D370607089A8DB025F01C0C4B749AB522E70.udd" 2222
"../../../Engine/Content/BasicShapes/Sphere.uasset" 2223
"../../../../../../TPSDuel/DerivedDataCache/7/6/9/PHYSX_A08609EF508D460CBB6710540B03AACF_PHYSXGENERIC_F93A868C471D0DE82928079B96__A3316CBD49502B0F6140A0972B835EB28CB04AC2.udd" 2224
"../../Plugins/Editor/SpeedTreeImporter/Content/SpeedTree9/SpeedTreeMaster.uasset" 2225
"../../../Engine/Content/Functions/Engine_MaterialFunctions02/ObjectLocalBounds.uasset" 2226
"../../../Engine/Content/Functions/Engine_MaterialFunctions02/SafeNormalize.uasset" 2227
"../../../Engine/Content/Functions/Engine_MaterialFunctions02/Utility/BreakOutFloat3Components.uasset" 2228
"../../../Engine/Content/Functions/Engine_MaterialFunctions02/Utility/VectorLength.uasset" 2229
"../../../Engine/Content/Functions/Engine_MaterialFunctions02/UVs/BoundingBoxBased_0-1_UVW.uasset" 2230
"../../../Engine/Content/Functions/Engine_MaterialFunctions02/WorldPositionOffset/ObjectScale.uasset" 2231
"../../Plugins/Editor/SpeedTreeImporter/Content/SpeedTree9/SpeedTreeBranchMotion.uasset" 2232
"../../Plugins/Editor/SpeedTreeImporter/Content/SpeedTree9/SpeedTreeWindMotion.uasset" 2233
"../../Plugins/Editor/SpeedTreeImporter/Content/SpeedTree9/game_wind_noise.uasset" 2234
"../../Plugins/Editor/SpeedTreeImporter/Content/SpeedTree9/UnpackDirection.uasset" 2235
"../../Plugins/Editor/SpeedTreeImporter/Content/SpeedTree9/UnpackInteger3.uasset" 2236
"../../Plugins/Editor/SpeedTreeImporter/Content/SpeedTree9/SpeedTreeCameraFacing.uasset" 2237
"../../Plugins/Editor/SpeedTreeImporter/Content/SpeedTree9/SpeedTreeWind.uasset" 2238
"../../Plugins/Editor/SpeedTreeImporter/Content/SpeedTree9/Empty.uasset" 2239
"../../Plugins/Editor/SpeedTreeImporter/Content/SpeedTree9/EmptyNormal.uasset" 2240
"../../Plugins/Editor/SpeedTreeImporter/Content/SpeedTree9/SpeedTreeBillboardMaster.uasset" 2241
"../../Plugins/Editor/SpeedTreeImporter/Content/SpeedTree9/SpeedTreeBillboard.uasset" 2242
"../../../Engine/Content/EditorResources/S_Solver.uasset" 2243
"../../../Engine/Content/EditorResources/S_Note.uasset" 2244
"../../../Engine/Content/EngineDebugMaterials/VolumeToRender.uasset" 2245
"../../../Engine/Content/EngineDebugMaterials/M_VolumeRenderSphereTracePP.uasset" 2246
"../../../Engine/Content/Functions/Engine_MaterialFunctions02/Utility/CameraDirectionVector.uasset" 2247
"../../../Engine/Content/EngineMaterials/RemoveSurfaceMaterial.uasset" 2248
"../../../Engine/Content/EngineDebugMaterials/DebugMeshMaterial.uasset" 2249
"../../../Engine/Content/EngineMaterials/EmissiveMeshMaterial.uasset" 2250
"../../../Engine/Content/EngineMaterials/DefaultWhiteGrid_Low.uasset" 2251
"../../../Engine/Content/EngineMaterials/M_InvalidLightmapSettings.uasset" 2252
"../../../Engine/Content/EngineMaterials/InvalidLightmapSettings.uasset" 2253
"../../../Engine/Content/EngineMaterials/GizmoMaterial.uasset" 2254
"../../../Engine/Content/EngineMaterials/PhAT_JointLimitMaterial.uasset" 2255
"../../../Engine/Content/Functions/Engine_MaterialFunctions02/WorldPositionOffset/CameraOffset.uasset" 2256
"../../../Engine/Content/EngineMaterials/Good64x64TilingNoiseHighFreq.uasset" 2257
"../../../Engine/Content/EngineMaterials/DefaultBokeh.uasset" 2258
"../../../Engine/Content/EngineMaterials/DefaultBloomKernel.uasset" 2259
"../../../Engine/Content/EngineMaterials/PreintegratedSkinBRDF.uasset" 2260
"../../../Engine/Content/EngineMaterials/MiniFont.uasset" 2261
"../../../Engine/Content/EngineMaterials/WeightMapPlaceholderTexture.uasset" 2262
"../../../Engine/Content/EngineMaterials/DefaultWhiteGrid.uasset" 2263
"../../../Engine/Content/EngineMaterials/BlueNoise.uasset" 2264
"../../../Engine/Content/EngineMaterials/DefaultPhysicalMaterial.uasset" 2265
"../../../../../../TPSDuel/Intermediate/AssetRegistryCache/311563bb.bin" 2266
"../../../../../../TPSDuel/Intermediate/AssetRegistryCache/c90e3f55.bin" 2267
"../../../Engine/Content/BasicShapes/Cone.uasset" 2268
"../../../../../../TPSDuel/DerivedDataCache/1/3/4/PHYSX_A08609EF508D460CBB6710540B03AACF_PHYSXGENERIC_2E98B72D4BA502DB719279B4BD__439CB6BB6900A41243F39A21CEBC97050A4283B5.udd" 2269
"../../../Engine/Content/BasicShapes/Plane.uasset" 2270
"../../../../../../TPSDuel/DerivedDataCache/0/9/8/PHYSX_A08609EF508D460CBB6710540B03AACF_PHYSXGENERIC_8B63846543482A3CC5AED59FC7__8F1E30FD09A28CC374CD46C5C2993061BE4ADB38.udd" 2271
"../../../Engine/Content/EditorLandscapeResources/DefaultAlphaTexture.uasset" 2272
"../../../Engine/Content/EditorResources/S_Terrain.uasset" 2273
"../../../Engine/Content/EditorResources/SequenceRecorder/Countdown.uasset" 2274
"../../../Engine/Content/EditorResources/SequenceRecorder/RecordingIndicator.uasset" 2275
"../../../../../../TPSDuel/Intermediate/AssetRegistryCache/62da9da6.bin" 2276
"D:/TPSDuel/Saved/Cooked/Android_ETC2/TPSDuel/Metadata/CookedIniVersion.txt" 2277
"../../../../../../TPSDuel/DerivedDataCache/1/0/5/GSM_FA8C9A216A2C4639A783EB2DF8CE267E_GLSL_ES3_1_ANDROID_18786__BC5N_NOCCBN_NOI__271401930028E95046A4E2C2871BE0FF048D4FE6.udd" 2278
"../../../../../../TPSDuel/DerivedDataCache/5/1/4/GSM_FA8C9A216A2C4639A783EB2DF8CE267E_GLSL_ES3_1_ANDROID_18786__BC5N_NOCCBN_NOI__ED95F7A45982A616CEB5BD202560275CF0B40AF0.udd" 2279
"../../../../../../TPSDuel/DerivedDataCache/2/6/3/GSM_FA8C9A216A2C4639A783EB2DF8CE267E_GLSL_ES3_1_ANDROID_18786__BC5N_NOCCBN_NOI__003312E2D51C66586F486D9C3D31A15E832A7EF8.udd" 2280
"../../../../../../TPSDuel/DerivedDataCache/3/1/6/GSM_FA8C9A216A2C4639A783EB2DF8CE267E_GLSL_ES3_1_ANDROID_18786__BC5N_NOCCBN_NOI__E6CC6224D6DD798AD127652CF26117CA3BF9BE5F.udd" 2281
"../../../../../../TPSDuel/DerivedDataCache/4/4/8/GSM_FA8C9A216A2C4639A783EB2DF8CE267E_GLSL_ES3_1_ANDROID_18786__BC5N_NOCCBN_NOI__D28F2E34123703BE0A7EF7842DCD9F0E540BCF30.udd" 2282
"../../../../../../TPSDuel/DerivedDataCache/3/6/3/GSM_FA8C9A216A2C4639A783EB2DF8CE267E_GLSL_ES3_1_ANDROID_18786__BC5N_NOCCBN_NOI__5DDFB4A1624960BE52EE7F669C7429A8074D42EE.udd" 2283
"../../../../../../TPSDuel/DerivedDataCache/6/0/4/GSM_FA8C9A216A2C4639A783EB2DF8CE267E_GLSL_ES3_1_ANDROID_18786__BC5N_NOCCBN_NOI__4BD9E855FD9401A35114D7A5BE625E94BA2A72A2.udd" 2284
"../../../../../../TPSDuel/DerivedDataCache/8/9/3/GSM_FA8C9A216A2C4639A783EB2DF8CE267E_GLSL_ES3_1_ANDROID_18786__BC5N_NOCCBN_NOI__1EB2FDB825B63982EFA3ED780E5FBAE33635CDB6.udd" 2285
"../../../../../../TPSDuel/DerivedDataCache/5/0/1/GSM_FA8C9A216A2C4639A783EB2DF8CE267E_GLSL_ES3_1_ANDROID_18786__BC5N_NOCCBN_NOI__21A99D270ABFBFFBC8DD34453C62F117CCA011C9.udd" 2286
"../../../../../../TPSDuel/DerivedDataCache/9/0/8/GSM_FA8C9A216A2C4639A783EB2DF8CE267E_GLSL_ES3_1_ANDROID_18786__BC5N_NOCCBN_NOI__A6891F131F75EF4FD94E486C2B76811DE939250E.udd" 2287
"../../../../../../TPSDuel/DerivedDataCache/3/2/7/GSM_FA8C9A216A2C4639A783EB2DF8CE267E_GLSL_ES3_1_ANDROID_18786__BC5N_NOCCBN_NOI__98EE1B4E5C5E0ECEB1889FE6D599CEBB0CF133FB.udd" 2288
"../../../../../../TPSDuel/DerivedDataCache/7/9/2/GSM_FA8C9A216A2C4639A783EB2DF8CE267E_GLSL_ES3_1_ANDROID_18786__BC5N_NOCCBN_NOI__8B4BA831C21D60F5BD264E33598082EF35A95FD0.udd" 2289
"../../../../../../TPSDuel/DerivedDataCache/7/1/6/GSM_FA8C9A216A2C4639A783EB2DF8CE267E_GLSL_ES3_1_ANDROID_18786__BC5N_NOCCBN_NOI__3BA769C92950FA5127592CAC62FA1DB6C17390E3.udd" 2290
"../../../../../../TPSDuel/DerivedDataCache/2/8/4/GSM_FA8C9A216A2C4639A783EB2DF8CE267E_GLSL_ES3_1_ANDROID_18786__BC5N_NOCCBN_NOI__9FE988EB3ECCA88DD9CF9D8CC046A3F8F23B6F22.udd" 2291
"../../../../../../TPSDuel/DerivedDataCache/4/7/7/GSM_FA8C9A216A2C4639A783EB2DF8CE267E_GLSL_ES3_1_ANDROID_18786__BC5N_NOCCBN_NOI__30EDB8C2CD5995A01351F9F9C8F00E7AEA010346.udd" 2292
"../../../../../../TPSDuel/DerivedDataCache/9/8/6/GSM_FA8C9A216A2C4639A783EB2DF8CE267E_GLSL_ES3_1_ANDROID_18786__BC5N_NOCCBN_NOI__178537871623BA4B35B5D3927F33F0552EAAC685.udd" 2293
"../../../../../../TPSDuel/DerivedDataCache/6/9/8/GSM_FA8C9A216A2C4639A783EB2DF8CE267E_GLSL_ES3_1_ANDROID_18786__BC5N_NOCCBN_NOI__25A6EF1702647EEAAE79EB9654FC6862B93A57F2.udd" 2294
"../../../../../../TPSDuel/DerivedDataCache/8/0/3/GSM_FA8C9A216A2C4639A783EB2DF8CE267E_GLSL_ES3_1_ANDROID_18786__BC5N_NOCCBN_NOI__459D7CCBAD9A16735BB04E066450CA2BEC04AB58.udd" 2295
"../../../../../../TPSDuel/DerivedDataCache/5/8/1/GSM_FA8C9A216A2C4639A783EB2DF8CE267E_GLSL_ES3_1_ANDROID_18786__BC5N_NOCCBN_NOI__91BB167E24D5B753149C532A5CC36281235702DD.udd" 2296
"../../../../../../TPSDuel/DerivedDataCache/7/2/1/GSM_FA8C9A216A2C4639A783EB2DF8CE267E_GLSL_ES3_1_ANDROID_18786__BC5N_NOCCBN_NOI__B98DAFD0FBDCCA04EEC064520D1F1B0644718698.udd" 2297
"../../../../../../TPSDuel/DerivedDataCache/4/9/2/GSM_FA8C9A216A2C4639A783EB2DF8CE267E_GLSL_ES3_1_ANDROID_18786__BC5N_NOCCBN_NOI__175006C83022AF768B72380A487C0E4012F35B16.udd" 2298
"../../../../../../TPSDuel/DerivedDataCache/0/2/4/GSM_FA8C9A216A2C4639A783EB2DF8CE267E_GLSL_ES3_1_ANDROID_18786__BC5N_NOCCBN_NOI__4917138B01954AF0B97066FFB18240DEBA4EEA4C.udd" 2299
"../../../../../../TPSDuel/DerivedDataCache/0/8/8/GSM_FA8C9A216A2C4639A783EB2DF8CE267E_GLSL_ES3_1_ANDROID_18786__BC5N_NOCCBN_NOI__B2CF1CE1EBCFBF808DF7BFC316DE482C6C8F531F.udd" 2300
"../../../../../../TPSDuel/DerivedDataCache/0/2/5/GSM_FA8C9A216A2C4639A783EB2DF8CE267E_GLSL_ES3_1_ANDROID_18786__BC5N_NOCCBN_NOI__C6BF8AD68A5C21DD4C08828A8A61FA9FE946CB22.udd" 2301
"../../../../../../TPSDuel/DerivedDataCache/7/6/3/GSM_FA8C9A216A2C4639A783EB2DF8CE267E_GLSL_ES3_1_ANDROID_18786__BC5N_NOCCBN_NOI__630D4469E0E32AF83E12A631A83DADEB1BDAD0ED.udd" 2302
"../../../../../../TPSDuel/DerivedDataCache/5/1/0/GSM_FA8C9A216A2C4639A783EB2DF8CE267E_GLSL_ES3_1_ANDROID_18786__BC5N_NOCCBN_NOI__2579B946B3C509CFC75C00D8F02B263D9D062D0D.udd" 2303
"../../../../../../TPSDuel/DerivedDataCache/1/7/7/GSM_FA8C9A216A2C4639A783EB2DF8CE267E_GLSL_ES3_1_ANDROID_18786__BC5N_NOCCBN_NOI__639713ABC8503AC3FEE54A162A14871F626D7432.udd" 2304
"../../../../../../TPSDuel/DerivedDataCache/0/3/5/GSM_FA8C9A216A2C4639A783EB2DF8CE267E_GLSL_ES3_1_ANDROID_18786__BC5N_NOCCBN_NOI__D42BFA3F2069B37BE5175D14E1ABA5B28DDDC40A.udd" 2305
"../../../../../../TPSDuel/DerivedDataCache/7/4/6/GSM_FA8C9A216A2C4639A783EB2DF8CE267E_GLSL_ES3_1_ANDROID_18786__BC5N_NOCCBN_NOI__7C5BFB34AF5F9EE428B8DDD839BE8B0967327BB8.udd" 2306
"../../../../../../TPSDuel/DerivedDataCache/6/4/9/GSM_FA8C9A216A2C4639A783EB2DF8CE267E_GLSL_ES3_1_ANDROID_18786__BC5N_NOCCBN_NOI__E670BBA744D988A5500FFB5AB5070B9D0B472DA2.udd" 2307
"../../../../../../TPSDuel/DerivedDataCache/7/8/4/GSM_FA8C9A216A2C4639A783EB2DF8CE267E_GLSL_ES3_1_ANDROID_18786__BC5N_NOCCBN_NOI__1D017C7CBA1B28377DD30B39F506E4232DE80C18.udd" 2308
"../../../../../../TPSDuel/DerivedDataCache/4/8/4/GSM_FA8C9A216A2C4639A783EB2DF8CE267E_GLSL_ES3_1_ANDROID_18786__BC5N_NOCCBN_NOI__E3D7C0270BEB8D4C7EB9B2585A22F919B39DC6EC.udd" 2309
"../../../../../../TPSDuel/DerivedDataCache/9/6/4/GSM_FA8C9A216A2C4639A783EB2DF8CE267E_GLSL_ES3_1_ANDROID_18786__BC5N_NOCCBN_NOI__E21E5A6975AA50A6FABD747776B655412D0AAA4F.udd" 2310
"../../../../../../TPSDuel/DerivedDataCache/3/5/6/GSM_FA8C9A216A2C4639A783EB2DF8CE267E_GLSL_ES3_1_ANDROID_18786__BC5N_NOCCBN_NOI__D99FE01E2D8E40454022652CDFEC5E1A622DD02E.udd" 2311
"../../../../../../TPSDuel/DerivedDataCache/1/4/4/GSM_FA8C9A216A2C4639A783EB2DF8CE267E_GLSL_ES3_1_ANDROID_18786__BC5N_NOCCBN_NOI__9F8DB8C86EFE5687A629834EAFC67C6A5C0E278D.udd" 2312
"../../../../../../TPSDuel/DerivedDataCache/3/4/7/GSM_FA8C9A216A2C4639A783EB2DF8CE267E_GLSL_ES3_1_ANDROID_18786__BC5N_NOCCBN_NOI__FB21FAECE126DA54DDA9B884D9F313B659814D21.udd" 2313
"../../../../../../TPSDuel/DerivedDataCache/6/9/0/GSM_FA8C9A216A2C4639A783EB2DF8CE267E_GLSL_ES3_1_ANDROID_18786__BC5N_NOCCBN_NOI__6ABD990E34F96C3321C3FB29A1F63A1E3D254707.udd" 2314
"../../../../../../TPSDuel/DerivedDataCache/0/8/2/GSM_FA8C9A216A2C4639A783EB2DF8CE267E_GLSL_ES3_1_ANDROID_18786__BC5N_NOCCBN_NOI__6FAC6AA475380C6578FA9619B84682475A3AFFCB.udd" 2315
"../../../../../../TPSDuel/DerivedDataCache/2/0/9/GSM_FA8C9A216A2C4639A783EB2DF8CE267E_GLSL_ES3_1_ANDROID_18786__BC5N_NOCCBN_NOI__C35852238DA2C321DCFD496A920C6A1C172E84BB.udd" 2316
"../../../../../../TPSDuel/DerivedDataCache/9/1/2/GSM_FA8C9A216A2C4639A783EB2DF8CE267E_GLSL_ES3_1_ANDROID_18786__BC5N_NOCCBN_NOI__12FC53682701A91B5C54A0B4BDC03B9909C8DED6.udd" 2317
"../../../../../../TPSDuel/DerivedDataCache/0/5/5/GSM_FA8C9A216A2C4639A783EB2DF8CE267E_GLSL_ES3_1_ANDROID_18786__BC5N_NOCCBN_NOI__D774D2C49DC2DF8171EBEDBA247714ACE5AE301E.udd" 2318
"../../../../../../TPSDuel/DerivedDataCache/5/3/7/GSM_FA8C9A216A2C4639A783EB2DF8CE267E_GLSL_ES3_1_ANDROID_18786__BC5N_NOCCBN_NOI__A7D1EDB2F655D5B1A6E6E4E84C4873B62A9E5316.udd" 2319
"../../../../../../TPSDuel/DerivedDataCache/5/5/2/GSM_FA8C9A216A2C4639A783EB2DF8CE267E_GLSL_ES3_1_ANDROID_18786__BC5N_NOCCBN_NOI__AF6D9E7AA44E23BF091FB753F555327B81C8CD94.udd" 2320
"../../../../../../TPSDuel/DerivedDataCache/2/5/2/GSM_FA8C9A216A2C4639A783EB2DF8CE267E_GLSL_ES3_1_ANDROID_18786__BC5N_NOCCBN_NOI__3F6466DE8DD4A4319225BDC73F7FDD4CB557CB97.udd" 2321
"../../../../../../TPSDuel/DerivedDataCache/0/9/2/GSM_FA8C9A216A2C4639A783EB2DF8CE267E_GLSL_ES3_1_ANDROID_18786__BC5N_NOCCBN_NOI__6C8876E90814F839F2E9405742AFB986A7946002.udd" 2322
"../../../../../../TPSDuel/DerivedDataCache/2/3/8/GSM_FA8C9A216A2C4639A783EB2DF8CE267E_GLSL_ES3_1_ANDROID_18786__BC5N_NOCCBN_NOI__8DD922CDC3C0750263F42B27D447B39ABC002617.udd" 2323
"../../../../../../TPSDuel/DerivedDataCache/8/9/6/GSM_FA8C9A216A2C4639A783EB2DF8CE267E_GLSL_ES3_1_ANDROID_18786__BC5N_NOCCBN_NOI__F23A798C8D31F0747D54BA792112D8927D5EAE7D.udd" 2324
"../../../../../../TPSDuel/DerivedDataCache/7/1/6/GSM_FA8C9A216A2C4639A783EB2DF8CE267E_GLSL_ES3_1_ANDROID_18786__BC5N_NOCCBN_NOI__48742FD2C456FEAC35CDCEFA924E4AACEE995D47.udd" 2325
"../../../../../../TPSDuel/DerivedDataCache/5/2/6/GSM_FA8C9A216A2C4639A783EB2DF8CE267E_GLSL_ES3_1_ANDROID_18786__BC5N_NOCCBN_NOI__DC462B83460A7504E93EE3597BBFEC6735B53A9E.udd" 2326
"../../../../../../TPSDuel/DerivedDataCache/2/0/5/GSM_FA8C9A216A2C4639A783EB2DF8CE267E_GLSL_ES3_1_ANDROID_18786__BC5N_NOCCBN_NOI__389449E3D28E705FE2A666AC4FCF6163DA487132.udd" 2327
"../../../../../../TPSDuel/DerivedDataCache/1/2/1/GSM_FA8C9A216A2C4639A783EB2DF8CE267E_GLSL_ES3_1_ANDROID_18786__BC5N_NOCCBN_NOI__A8DFD8F42F004172BF9CF67B17AAF73723650E04.udd" 2328
"../../../../../../TPSDuel/DerivedDataCache/4/6/2/GSM_FA8C9A216A2C4639A783EB2DF8CE267E_GLSL_ES3_1_ANDROID_18786__BC5N_NOCCBN_NOI__C07CAA9AEA86A75EA74F9665C6A55D1483D06796.udd" 2329
"../../../../../../TPSDuel/DerivedDataCache/4/2/4/GSM_FA8C9A216A2C4639A783EB2DF8CE267E_GLSL_ES3_1_ANDROID_18786__BC5N_NOCCBN_NOI__95DAE0A5AB21F0B64D3B25D84C5643B6ED6B47C8.udd" 2330
"../../../../../../TPSDuel/DerivedDataCache/8/4/9/GSM_FA8C9A216A2C4639A783EB2DF8CE267E_GLSL_ES3_1_ANDROID_18786__BC5N_NOCCBN_NOI__5FE93FC9E8A3B514F0C3CB504E8420B9B0A54804.udd" 2331
"../../../../../../TPSDuel/DerivedDataCache/8/2/1/GSM_FA8C9A216A2C4639A783EB2DF8CE267E_GLSL_ES3_1_ANDROID_18786__BC5N_NOCCBN_NOI__E4730FC3C8E55E4D9E6D8DC57EB09B34B791C305.udd" 2332
"../../../../../../TPSDuel/DerivedDataCache/2/9/1/GSM_FA8C9A216A2C4639A783EB2DF8CE267E_GLSL_ES3_1_ANDROID_18786__BC5N_NOCCBN_NOI__4080071F7FC056F4726E91A4DFB567A954E28068.udd" 2333
"../../../../../../TPSDuel/DerivedDataCache/1/2/6/GSM_FA8C9A216A2C4639A783EB2DF8CE267E_GLSL_ES3_1_ANDROID_18786__BC5N_NOCCBN_NOI__B300EDD43453716A73A6804B3A87E7C740F07108.udd" 2334
"../../../../../../TPSDuel/DerivedDataCache/0/5/2/GSM_FA8C9A216A2C4639A783EB2DF8CE267E_GLSL_ES3_1_ANDROID_18786__BC5N_NOCCBN_NOI__29AD5725B1B6C9F84D2D2880A0018828787B9659.udd" 2335
"../../../../../../TPSDuel/DerivedDataCache/5/6/6/GSM_FA8C9A216A2C4639A783EB2DF8CE267E_GLSL_ES3_1_ANDROID_18786__BC5N_NOCCBN_NOI__67AC04D6466B918A5C3DEC77350C98FBA94FCB23.udd" 2336
"../../../../../../TPSDuel/DerivedDataCache/8/3/0/GSM_FA8C9A216A2C4639A783EB2DF8CE267E_GLSL_ES3_1_ANDROID_18786__BC5N_NOCCBN_NOI__1CC48153258492CB85B0A89938FD643DB5D08F5C.udd" 2337
"../../../../../../TPSDuel/DerivedDataCache/3/6/7/GSM_FA8C9A216A2C4639A783EB2DF8CE267E_GLSL_ES3_1_ANDROID_18786__BC5N_NOCCBN_NOI__405AA5C99D79B4439A90EF4F9C1706C6DDB6D00E.udd" 2338
"../../../../../../TPSDuel/DerivedDataCache/8/9/3/GSM_FA8C9A216A2C4639A783EB2DF8CE267E_GLSL_ES3_1_ANDROID_18786__BC5N_NOCCBN_NOI__148B9214E768C79DAE8311C0689EEF09EAAA2840.udd" 2339
"../../../../../../TPSDuel/DerivedDataCache/5/7/1/GSM_FA8C9A216A2C4639A783EB2DF8CE267E_GLSL_ES3_1_ANDROID_18786__BC5N_NOCCBN_NOI__43C315DD4570738D3B1C1121E2ECA0B3DBE93A6F.udd" 2340
"../../../../../../TPSDuel/DerivedDataCache/7/1/5/GSM_FA8C9A216A2C4639A783EB2DF8CE267E_GLSL_ES3_1_ANDROID_18786__BC5N_NOCCBN_NOI__A5A456A3EBC85FACF761A837A6ADF1648717486F.udd" 2341
"../../../../../../TPSDuel/DerivedDataCache/3/6/0/GSM_FA8C9A216A2C4639A783EB2DF8CE267E_GLSL_ES3_1_ANDROID_18786__BC5N_NOCCBN_NOI__FEAEC4AF66BE83BBA34EE61567526212169D9D87.udd" 2342
"../../../../../../TPSDuel/DerivedDataCache/8/6/6/GSM_FA8C9A216A2C4639A783EB2DF8CE267E_GLSL_ES3_1_ANDROID_18786__BC5N_NOCCBN_NOI__4C8A3164EF6F38880FEB373D81F6495C8477612E.udd" 2343
"../../../../../../TPSDuel/DerivedDataCache/5/5/2/GSM_FA8C9A216A2C4639A783EB2DF8CE267E_GLSL_ES3_1_ANDROID_18786__BC5N_NOCCBN_NOI__EA206D11B989527D509E8E7E9EEA908BFF475BF6.udd" 2344
"../../../../../../TPSDuel/DerivedDataCache/2/9/6/GSM_FA8C9A216A2C4639A783EB2DF8CE267E_GLSL_ES3_1_ANDROID_18786__BC5N_NOCCBN_NOI__604054AF9FBE16CD889C40A04E4C2DCE4349A25E.udd" 2345
"../../../../../../TPSDuel/DerivedDataCache/9/9/4/GSM_FA8C9A216A2C4639A783EB2DF8CE267E_GLSL_ES3_1_ANDROID_18786__BC5N_NOCCBN_NOI__9CF36B093B7394B3016A2D376BFF8240DD01D51C.udd" 2346
"../../../../../../TPSDuel/DerivedDataCache/5/8/1/GSM_FA8C9A216A2C4639A783EB2DF8CE267E_GLSL_ES3_1_ANDROID_18786__BC5N_NOCCBN_NOI__58E9658A0E5B0A07E699BEE8F2F1C7C89CAA0B10.udd" 2347
"../../../../../../TPSDuel/DerivedDataCache/3/0/5/TEXTURE_E01F4250BECD420DA9CE63B5EECEC2C2_AUTOETC2_15D5625046A6732E4965F592550E__CCE60D9F60F0C352DBEB0563CFC3AAB74BBE0AD9.udd" 2348
"../../../../../../TPSDuel/DerivedDataCache/9/8/9/TEXTURE_E01F4250BECD420DA9CE63B5EECEC2C2_AUTOETC2_C9C0042E4646BBBD22018DAA900D__7FCCC6F87483C5A6F0A9CDDE2E7E72DDED1BF77D.udd" 2349
"../../../../../../TPSDuel/DerivedDataCache/7/5/0/TEXTURE_E01F4250BECD420DA9CE63B5EECEC2C2_AUTOETC2_95D01D314436990422EF30A4E4FA__E39D110CEEA435DE46F084DEC3CFA72AA3A64572.udd" 2350
"../../../../../../TPSDuel/DerivedDataCache/2/8/0/TEXTURE_E01F4250BECD420DA9CE63B5EECEC2C2_AUTOETC2_95D01D314436990422EF30A4E4FA__3944C32899E41B77207EB16E57445BD8236DB449.udd" 2351
"../../../../../../TPSDuel/DerivedDataCache/8/6/2/TEXTURE_E01F4250BECD420DA9CE63B5EECEC2C2_AUTOETC2_9C1DAB104F24275869390EB70CEE__2E932CFC5F2B5E3C9D5EA4009D3AD72AF9C485A0.udd" 2352
"../../../../../../TPSDuel/DerivedDataCache/3/6/0/MATSM_0BA69734E4FD45E082FA4560DBE25454_GLSL_ES3_1_ANDROID_18786__BC5N_NOCCBN_N__2E64525515667E096BD4D8A3BAF82493ADCB9289.udd" 2353
"../../../../../../TPSDuel/DerivedDataCache/6/6/9/MATSM_0BA69734E4FD45E082FA4560DBE25454_GLSL_ES3_1_ANDROID_18786__BC5N_NOCCBN_N__BCD751488ADC52CEB93BF2276FA3BC9507E5405A.udd" 2354
"../../../../../../TPSDuel/DerivedDataCache/2/4/0/TEXTURE_E01F4250BECD420DA9CE63B5EECEC2C2_AUTOETC2_5075C5404C9665C57F66B49F2C5D__1E74EA7ABF35854450B35802D2EAD4761E742389.udd" 2355
"../../../../../../TPSDuel/DerivedDataCache/6/7/8/TEXTURE_E01F4250BECD420DA9CE63B5EECEC2C2_AUTOETC2_5075C5404C9665C57F66B49F2C5D__5DA684046D584C8E52DE92CBD7F402D8EA77D030.udd" 2356
"../../../../../../TPSDuel/DerivedDataCache/2/2/8/TEXTURE_E01F4250BECD420DA9CE63B5EECEC2C2_AUTOETC2_5075C5404C9665C57F66B49F2C5D__ECD68947810BF9DE05AD8A549E5AB902929AC178.udd" 2357
"../../../../../../TPSDuel/DerivedDataCache/8/0/3/TEXTURE_E01F4250BECD420DA9CE63B5EECEC2C2_AUTOETC2_5075C5404C9665C57F66B49F2C5D__7962E9ECE8BC14857F4EFE436866BFC764C294BC.udd" 2358
"../../../../../../TPSDuel/DerivedDataCache/6/2/7/MATSM_0BA69734E4FD45E082FA4560DBE25454_GLSL_ES3_1_ANDROID_18786__BC5N_NOCCBN_N__FE8415DA2CA4A84805DB6B0BFCED7F70D0D60DC8.udd" 2359
"../../../../../../TPSDuel/DerivedDataCache/9/1/7/TEXTURE_E01F4250BECD420DA9CE63B5EECEC2C2_AUTOETC2_95D01D314436990422EF30A4E4FA__1166DC2972B89762CE0D59AB777EA559DF7BFFB0.udd" 2360
"../../../../../../TPSDuel/DerivedDataCache/7/2/4/MATSM_0BA69734E4FD45E082FA4560DBE25454_GLSL_ES3_1_ANDROID_18786__BC5N_NOCCBN_N__F7F2D3B147034F75B476BD4EE3574CC0E50253CB.udd" 2361
"../../../../../../TPSDuel/DerivedDataCache/1/6/5/MATSM_0BA69734E4FD45E082FA4560DBE25454_GLSL_ES3_1_ANDROID_18786__BC5N_NOCCBN_N__4E7A6E7AAE74977058F55622558A3C8A5839D983.udd" 2362
"../../../../../../TPSDuel/DerivedDataCache/0/1/7/MATSM_0BA69734E4FD45E082FA4560DBE25454_GLSL_ES3_1_ANDROID_18786__BC5N_NOCCBN_N__7A83640F5B7CA10624B4815ABEE44C1E84D9F80C.udd" 2363
"../../../../../../TPSDuel/DerivedDataCache/5/7/8/MATSM_0BA69734E4FD45E082FA4560DBE25454_GLSL_ES3_1_ANDROID_18786__BC5N_NOCCBN_N__0D77AB6DD140842D69616007856F58A9AFB0027C.udd" 2364
"../../../../../../TPSDuel/DerivedDataCache/7/6/6/MATSM_0BA69734E4FD45E082FA4560DBE25454_GLSL_ES3_1_ANDROID_18786__BC5N_NOCCBN_N__B7732FAE202C005DF19D87074E9FAF8EDA62104F.udd" 2365
"../../../../../../TPSDuel/DerivedDataCache/3/0/8/TEXTURE_E01F4250BECD420DA9CE63B5EECEC2C2_AUTOETC2_160114E541689E0C754CCE9A1E63__DDB59AE25E5319F7EDD790D3B5592D49AEE11F5B.udd" 2366
"../../../../../../TPSDuel/DerivedDataCache/8/4/5/TEXTURE_E01F4250BECD420DA9CE63B5EECEC2C2_AUTOETC2_7AAF3F6548788532AE452E8413A4__01FBBA93D33FA5243A8358545892E416B87BFF92.udd" 2367
"../../../../../../TPSDuel/DerivedDataCache/6/3/2/MATSM_0BA69734E4FD45E082FA4560DBE25454_GLSL_ES3_1_ANDROID_18786__BC5N_NOCCBN_N__47C93D645CCA78521FC079E92165CA3C16237B5A.udd" 2368
"../../../../../../TPSDuel/DerivedDataCache/7/3/3/MATSM_0BA69734E4FD45E082FA4560DBE25454_GLSL_ES3_1_ANDROID_18786__BC5N_NOCCBN_N__D473105E44F072B2C9FC5637D016112EBC0FC3CF.udd" 2369
"../../../../../../TPSDuel/DerivedDataCache/4/7/6/MATSM_0BA69734E4FD45E082FA4560DBE25454_GLSL_ES3_1_ANDROID_18786__BC5N_NOCCBN_N__DF72461B86EB870E977A8879228167B937EFC28B.udd" 2370
"../../../../../../TPSDuel/DerivedDataCache/9/2/6/MATSM_0BA69734E4FD45E082FA4560DBE25454_GLSL_ES3_1_ANDROID_18786__BC5N_NOCCBN_N__A0FA54A20413256983E00A82CAE1A476E1582435.udd" 2371
"../../../../../../TPSDuel/DerivedDataCache/5/0/3/MATSM_0BA69734E4FD45E082FA4560DBE25454_GLSL_ES3_1_ANDROID_18786__BC5N_NOCCBN_N__EE3AD33967DEF7A6DA931B08F1C64B1327CB2876.udd" 2372
"../../../../../../TPSDuel/DerivedDataCache/1/7/4/TEXTURE_E01F4250BECD420DA9CE63B5EECEC2C2_AUTOETC2_584A79B6465982423406428F0D77__AAB3434CC6B2C922BE82C2EAB0BB7DFD014F9780.udd" 2373
"../../../../../../TPSDuel/DerivedDataCache/9/1/4/TEXTURE_E01F4250BECD420DA9CE63B5EECEC2C2_AUTOETC2_584A79B6465982423406428F0D77__DB0F4ED9919FC7DEDBEFA0CA0AFF1A39665CB5C9.udd" 2374
"../../../../../../TPSDuel/DerivedDataCache/3/6/5/MATSM_0BA69734E4FD45E082FA4560DBE25454_GLSL_ES3_1_ANDROID_18786__BC5N_NOCCBN_N__01B7112B56C09F46F1572EE69A471F06E0A7C7D7.udd" 2375
"../../../../../../TPSDuel/DerivedDataCache/2/9/5/TEXTURE_E01F4250BECD420DA9CE63B5EECEC2C2_AUTOETC2_7BC0404946D77A8C093A10AE0677__BF4828B440F6EAEF9AFD54B5BA9E5CD14D5006FA.udd" 2376
"../../../../../../TPSDuel/DerivedDataCache/0/6/7/TEXTURE_E01F4250BECD420DA9CE63B5EECEC2C2_AUTOETC2_7BC0404946D77A8C093A10AE0677__81352DB3DA7AB03E97682076B8CB29AA4C4B26ED.udd" 2377
"../../../../../../TPSDuel/DerivedDataCache/3/2/5/TEXTURE_E01F4250BECD420DA9CE63B5EECEC2C2_AUTOETC2_55809E694EE7DB292235CC917A5C__42EC3DC7B1E5845880AAF09757C131B2BFF32953.udd" 2378
"../../../../../../TPSDuel/DerivedDataCache/8/7/8/TEXTURE_E01F4250BECD420DA9CE63B5EECEC2C2_AUTOETC2_55809E694EE7DB292235CC917A5C__9271CB2974A7208BC63746066329A533BFFCF10F.udd" 2379
"../../../../../../TPSDuel/DerivedDataCache/1/9/6/TEXTURE_E01F4250BECD420DA9CE63B5EECEC2C2_AUTOETC2_55809E694EE7DB292235CC917A5C__53CBD6A493AC09FE3CDAE26B4160BDAC492A99CE.udd" 2380
"../../../../../../TPSDuel/DerivedDataCache/3/9/7/MATSM_0BA69734E4FD45E082FA4560DBE25454_GLSL_ES3_1_ANDROID_18786__BC5N_NOCCBN_N__69D8CE1ED39E66C41754937A3E2F65F680E7970C.udd" 2381
"../../../../../../TPSDuel/DerivedDataCache/8/3/0/MATSM_0BA69734E4FD45E082FA4560DBE25454_GLSL_ES3_1_ANDROID_18786__BC5N_NOCCBN_N__27631D9B6EDC1CA05A312B8C264A0A2F788E27AF.udd" 2382
"../../../../../../TPSDuel/DerivedDataCache/4/9/9/MATSM_0BA69734E4FD45E082FA4560DBE25454_GLSL_ES3_1_ANDROID_18786__BC5N_NOCCBN_N__5532813633D624CAA06B017358BA693ABAC68584.udd" 2383
"../../../../../../TPSDuel/DerivedDataCache/3/6/6/TEXTURE_E01F4250BECD420DA9CE63B5EECEC2C2_AUTOETC2_FCC2E3624ECEAC189015CEAD2B2D__91B5FDD77BFDA8BC742A16D0B655CFB0229EB4BE.udd" 2384
"../../../../../../TPSDuel/DerivedDataCache/7/7/0/TEXTURE_E01F4250BECD420DA9CE63B5EECEC2C2_AUTOETC2_FCC2E3624ECEAC189015CEAD2B2D__FBCB777C14C1CE8BF01ABBFA2C3FE444319D862E.udd" 2385
"../../../../../../TPSDuel/DerivedDataCache/0/2/6/TEXTURE_E01F4250BECD420DA9CE63B5EECEC2C2_AUTOETC2_FCC2E3624ECEAC189015CEAD2B2D__7A66EAC584AFAC5805246EA7FC56D7F95D75C99F.udd" 2386
"../../../../../../TPSDuel/DerivedDataCache/5/0/2/TEXTURE_E01F4250BECD420DA9CE63B5EECEC2C2_AUTOETC2_FCC2E3624ECEAC189015CEAD2B2D__636F25600D1ED97BD0B01BBA7DCE998EC91A18CA.udd" 2387
"../../../../../../TPSDuel/DerivedDataCache/4/0/0/MATSM_0BA69734E4FD45E082FA4560DBE25454_GLSL_ES3_1_ANDROID_18786__BC5N_NOCCBN_N__A653EDF33C3E006DE69A9BCA9C4659CB30E09A0F.udd" 2388
"../../../../../../TPSDuel/DerivedDataCache/1/8/7/MATSM_0BA69734E4FD45E082FA4560DBE25454_GLSL_ES3_1_ANDROID_18786__BC5N_NOCCBN_N__012B15430BBF077677B413603BE9E3B860E0AFF7.udd" 2389
"../../../../../../TPSDuel/DerivedDataCache/7/0/6/MATSM_0BA69734E4FD45E082FA4560DBE25454_GLSL_ES3_1_ANDROID_18786__BC5N_NOCCBN_N__DF91D6993A118A85B4F943045A203893B7DC0F32.udd" 2390
"../../../../../../TPSDuel/DerivedDataCache/7/5/1/TEXTURE_E01F4250BECD420DA9CE63B5EECEC2C2_G8_687091CC4AA2E8FC0F9056A1BE61186C_0__F73D10C66FAB3A0C55816247838BEAEA3C865026.udd" 2391
"../../../../../../TPSDuel/DerivedDataCache/6/9/3/TEXTURE_E01F4250BECD420DA9CE63B5EECEC2C2_AUTOETC2_687091CC4AA2E8FC0F9056A1BE61__7E611AD8B8D634DA67FF2BD3D88AA27CD3985588.udd" 2392
"../../../../../../TPSDuel/DerivedDataCache/3/1/9/TEXTURE_E01F4250BECD420DA9CE63B5EECEC2C2_AUTOETC2_687091CC4AA2E8FC0F9056A1BE61__B9ABE14CEC08349682E0BDB6DBC8AB47A36E2BA4.udd" 2393
"../../../../../../TPSDuel/DerivedDataCache/7/3/7/MATSM_0BA69734E4FD45E082FA4560DBE25454_GLSL_ES3_1_ANDROID_18786__BC5N_NOCCBN_N__925E45EEAAAB476665289BD48B26FEAC2899158E.udd" 2394
"../../../../../../TPSDuel/DerivedDataCache/1/4/3/TEXTURE_E01F4250BECD420DA9CE63B5EECEC2C2_AUTOETC2_3B16F09D4AF7B833243918858705__026B8644C2A2F8919E1896E1625A5451891F3D12.udd" 2395
"../../../../../../TPSDuel/DerivedDataCache/5/4/0/TEXTURE_E01F4250BECD420DA9CE63B5EECEC2C2_AUTOETC2_3B16F09D4AF7B833243918858705__3B2CD0FBB5CF8EB2BA38179B8925304700D11EDE.udd" 2396
"../../../../../../TPSDuel/DerivedDataCache/3/2/1/TEXTURE_E01F4250BECD420DA9CE63B5EECEC2C2_AUTOETC2_3B16F09D4AF7B833243918858705__A671D997856852B979D86177B9BD1DF75DFB0F5E.udd" 2397
"../../../../../../TPSDuel/DerivedDataCache/9/0/7/TEXTURE_E01F4250BECD420DA9CE63B5EECEC2C2_AUTOETC2_3B16F09D4AF7B833243918858705__A0F7EF7472CB283A2E26F79CD9A436D5438DA901.udd" 2398
"../../../../../../TPSDuel/DerivedDataCache/8/8/9/TEXTURE_E01F4250BECD420DA9CE63B5EECEC2C2_AUTOETC2_3B16F09D4AF7B833243918858705__B8C6B7657C347CFC376C687B208E78C1AE697EBB.udd" 2399
"../../../../../../TPSDuel/DerivedDataCache/9/8/8/TEXTURE_E01F4250BECD420DA9CE63B5EECEC2C2_AUTOETC2_549D4D01446E3576FA369DAB6247__80580B24DFCAA2D5BD89836951D1F9F1396D8E08.udd" 2400
"../../../../../../TPSDuel/DerivedDataCache/9/3/6/TEXTURE_E01F4250BECD420DA9CE63B5EECEC2C2_AUTOETC2_3B16F09D4AF7B833243918858705__9F23F2EC8A53444FCA425D4544EEB0E13D01B961.udd" 2401
"../../../../../../TPSDuel/DerivedDataCache/6/3/5/TEXTURE_E01F4250BECD420DA9CE63B5EECEC2C2_AUTOETC2_3B16F09D4AF7B833243918858705__0EC06FFF32D34A7926EFB8FD8A827F53640410B9.udd" 2402
"../../../../../../TPSDuel/DerivedDataCache/9/9/8/TEXTURE_E01F4250BECD420DA9CE63B5EECEC2C2_AUTOETC2_BBD2EE3E427A2DD5B983C98A7EC3__45CD3B21C232CA889B6E193C1A12197A438BFA29.udd" 2403
"../../../../../../TPSDuel/DerivedDataCache/1/4/6/TEXTURE_E01F4250BECD420DA9CE63B5EECEC2C2_AUTOETC2_BBD2EE3E427A2DD5B983C98A7EC3__71C03EFCF00507B8F426831D4314A4C1A793FD62.udd" 2404
"../../../../../../TPSDuel/DerivedDataCache/1/3/0/TEXTURE_E01F4250BECD420DA9CE63B5EECEC2C2_AUTOETC2_BBD2EE3E427A2DD5B983C98A7EC3__2D670EF9D1331564435914B792E5A7CB3CE97401.udd" 2405
"../../../../../../TPSDuel/DerivedDataCache/8/2/7/TEXTURE_E01F4250BECD420DA9CE63B5EECEC2C2_AUTOETC2_BBD2EE3E427A2DD5B983C98A7EC3__1306A7DA532FE0AEE8E9B1BB0DF474D96A9B1CEC.udd" 2406
"../../../../../../TPSDuel/DerivedDataCache/6/7/6/TEXTURE_E01F4250BECD420DA9CE63B5EECEC2C2_AUTOETC2_BBD2EE3E427A2DD5B983C98A7EC3__E3F03FBAA63F97FD44646760554A627126173EFF.udd" 2407
"../../../../../../TPSDuel/DerivedDataCache/2/1/8/TEXTURE_E01F4250BECD420DA9CE63B5EECEC2C2_AUTOETC2_4F611E214CDAFE9FB5DEC79A6ADB__9E0B636EAE979D835E9C711F2A3DA5EA947C9A21.udd" 2408
"../../../../../../TPSDuel/DerivedDataCache/1/3/4/TEXTURE_E01F4250BECD420DA9CE63B5EECEC2C2_AUTOETC2_BA88D6B4499BA1EDF9AB3BB06001__14C59BDB5D171A70920A0929B839729EBE4E3F50.udd" 2409
"../../../../../../TPSDuel/DerivedDataCache/5/5/4/TEXTURE_E01F4250BECD420DA9CE63B5EECEC2C2_AUTOETC2_CA5FE12146F29E8987EB3BB216EB__49658145D3F23FCF9403E827F68CA6CCD178EEB7.udd" 2410
"../../../../../../TPSDuel/DerivedDataCache/8/8/2/MATSM_0BA69734E4FD45E082FA4560DBE25454_GLSL_ES3_1_ANDROID_18786__BC5N_NOCCBN_N__B48FCFE57A71036EC841DD613F98A2903DC214EB.udd" 2411
"../../../../../../TPSDuel/DerivedDataCache/2/1/6/MATSM_0BA69734E4FD45E082FA4560DBE25454_GLSL_ES3_1_ANDROID_18786__BC5N_NOCCBN_N__2C429781A11E59439497F49F00D17F35E775C517.udd" 2412
"../../../../../../TPSDuel/DerivedDataCache/5/2/9/MATSM_0BA69734E4FD45E082FA4560DBE25454_GLSL_ES3_1_ANDROID_18786__BC5N_NOCCBN_N__43021DC868265C467094F4823F47D248F4FEF288.udd" 2413
"../../../../../../TPSDuel/DerivedDataCache/0/9/7/TEXTURE_E01F4250BECD420DA9CE63B5EECEC2C2_AUTOETC2_B21C1AFF42ACD5ADC8C382B3A090__43B04C41BC161D35635BD724A82425456C33148B.udd" 2414
"../../../../../../TPSDuel/DerivedDataCache/7/8/4/TEXTURE_E01F4250BECD420DA9CE63B5EECEC2C2_AUTOETC2_B21C1AFF42ACD5ADC8C382B3A090__23C4A1C5AA5E8C99D8CBD346D9C620F0338F9A56.udd" 2415
"../../../../../../TPSDuel/DerivedDataCache/1/8/1/TEXTURE_E01F4250BECD420DA9CE63B5EECEC2C2_AUTOETC2_B21C1AFF42ACD5ADC8C382B3A090__703110AEB2434B2576C34A94D722545554A3BD31.udd" 2416
"../../../../../../TPSDuel/DerivedDataCache/3/4/6/TEXTURE_E01F4250BECD420DA9CE63B5EECEC2C2_AUTOETC2_B21C1AFF42ACD5ADC8C382B3A090__B26D9DA4CA20E8E8F5A375E22988F7961B159116.udd" 2417
"../../../../../../TPSDuel/DerivedDataCache/0/8/9/TEXTURE_E01F4250BECD420DA9CE63B5EECEC2C2_AUTOETC2_B21C1AFF42ACD5ADC8C382B3A090__E7EC6724F8A6E53EDEFA6FA76F25BAE6EA397021.udd" 2418
"../../../../../../TPSDuel/DerivedDataCache/4/4/7/MATSM_0BA69734E4FD45E082FA4560DBE25454_GLSL_ES3_1_ANDROID_18786__BC5N_NOCCBN_N__67762B08E857EEAB3688BD3C4061F134EB82A5DE.udd" 2419
"../../../../../../TPSDuel/DerivedDataCache/3/2/7/TEXTURE_E01F4250BECD420DA9CE63B5EECEC2C2_ETC2_RGB_565E0359430950FA252A118AF852__D33C17C9B73117C8A30DCE0DD44CC4950469461F.udd" 2420
"../../../../../../TPSDuel/DerivedDataCache/0/8/0/TEXTURE_E01F4250BECD420DA9CE63B5EECEC2C2_ETC2_RGB_565E0359430950FA252A118AF852__F213F46BF5C8838E4CFA71EE011A0E843072F347.udd" 2421
"../../../../../../TPSDuel/DerivedDataCache/9/8/2/TEXTURE_E01F4250BECD420DA9CE63B5EECEC2C2_ETC2_RGB_565E0359430950FA252A118AF852__20863D91035A01D18746B465457442DD726EC953.udd" 2422
"../../../../../../TPSDuel/DerivedDataCache/8/8/0/TEXTURE_E01F4250BECD420DA9CE63B5EECEC2C2_AUTOETC2_FDD461EC4EDF5F99C659709B7A42__0C11C9625579DFBD37DC755F84D9646C8EA5BBDC.udd" 2423
"../../../../../../TPSDuel/DerivedDataCache/6/1/3/TEXTURE_E01F4250BECD420DA9CE63B5EECEC2C2_AUTOETC2_FDD461EC4EDF5F99C659709B7A42__426ED69CA70BDB59CE8DBDC12CDB82C7298A0769.udd" 2424
"../../../../../../TPSDuel/DerivedDataCache/4/0/1/TEXTURE_E01F4250BECD420DA9CE63B5EECEC2C2_AUTOETC2_FDD461EC4EDF5F99C659709B7A42__9DDFE3DDB0E5B0F90798483B3FFFD85FB5BA40BB.udd" 2425
"../../../../../../TPSDuel/DerivedDataCache/9/8/2/TEXTURE_E01F4250BECD420DA9CE63B5EECEC2C2_AUTOETC2_FDD461EC4EDF5F99C659709B7A42__E75A3B142933FD2735119AFC3B19D890AC24F243.udd" 2426
"../../../../../../TPSDuel/DerivedDataCache/5/8/5/MATSM_0BA69734E4FD45E082FA4560DBE25454_GLSL_ES3_1_ANDROID_18786__BC5N_NOCCBN_N__E7B90A37B75C0E9110DEC5822EB47EB301D45853.udd" 2427
"../../../../../../TPSDuel/DerivedDataCache/3/6/5/MATSM_0BA69734E4FD45E082FA4560DBE25454_GLSL_ES3_1_ANDROID_18786__BC5N_NOCCBN_N__DB05A0250C6E8A532487864FE794039AEC6DC2F0.udd" 2428
"../../../../../../TPSDuel/DerivedDataCache/1/6/6/TEXTURE_E01F4250BECD420DA9CE63B5EECEC2C2_AUTOETC2_32D5A3494FF185CA18E7558A2ACF__AEA1B72A69F3DE563FA5F1D0A0D3DB94B27B8A01.udd" 2429
"../../../../../../TPSDuel/DerivedDataCache/2/6/9/TEXTURE_E01F4250BECD420DA9CE63B5EECEC2C2_ETC2_RGB_C349D2FA2A30FC1134357D3272F2__160C59073BFED39133B68C745FF837E4F0813302.udd" 2430
"../../../../../../TPSDuel/DerivedDataCache/1/5/0/TEXTURE_E01F4250BECD420DA9CE63B5EECEC2C2_ETC2_RGB_15564967414184874DBCB89C44D5__DD7AABA636B28657FE361F738719A8EB05BE6C75.udd" 2431
"../../../../../../TPSDuel/DerivedDataCache/9/6/6/TEXTURE_E01F4250BECD420DA9CE63B5EECEC2C2_ETC2_RGB_15564967414184874DBCB89C44D5__619E667D972625C4180684E8DECBE4DEC8A43DB9.udd" 2432
"../../../../../../TPSDuel/DerivedDataCache/5/6/9/TEXTURE_E01F4250BECD420DA9CE63B5EECEC2C2_AUTOETC2_6A6029554EC6CEDCFFC9E0836D46__10B293D438913151373760C1E089D54F0FB9905E.udd" 2433
"../../../../../../TPSDuel/DerivedDataCache/9/8/4/TEXTURE_E01F4250BECD420DA9CE63B5EECEC2C2_AUTOETC2_C55865344733442FBAD7D29E0B65__7107926C8244CF58BD86F67B8DF026890169DAF7.udd" 2434
"../../../../../../TPSDuel/DerivedDataCache/4/3/0/TEXTURE_E01F4250BECD420DA9CE63B5EECEC2C2_AUTOETC2_74A80EB64112E46096AE17A812C2__95B5C6F585AFEBC106B4D928A0960D36FB8764E0.udd" 2435
"../../../../../../TPSDuel/DerivedDataCache/6/6/2/TEXTURE_E01F4250BECD420DA9CE63B5EECEC2C2_AUTOETC2_025102BB43BBEAC3F07578891938__D5BF4F8FDE63CBF551C60A863501E652E4F9790F.udd" 2436
"../../../../../../TPSDuel/DerivedDataCache/9/9/6/TEXTURE_E01F4250BECD420DA9CE63B5EECEC2C2_AUTOETC2_A6C0C4B74D09BE1A7E2C31B7CA77__44B0A9D6EAB7C1257CCF0CAEB2120B7F38A44060.udd" 2437
"../../../../../../TPSDuel/DerivedDataCache/8/5/3/TEXTURE_E01F4250BECD420DA9CE63B5EECEC2C2_AUTOETC2_E55F8197440DD2855E7F4D9816C8__9A9F4A3C6554A5C91C28CFC1A53900C3016D667E.udd" 2438
"../../../../../../TPSDuel/DerivedDataCache/6/7/6/TEXTURE_E01F4250BECD420DA9CE63B5EECEC2C2_AUTOETC2_33CBEF834D7D60ED9D58E5940B7B__1C5D58E282073845A55DCFE18A7A9FC57FF7D5BB.udd" 2439
"../../../../../../TPSDuel/DerivedDataCache/9/9/5/TEXTURE_E01F4250BECD420DA9CE63B5EECEC2C2_AUTOETC2_3CAC1F094FB87A98E53D7D8A2464__EAC82FB9B1FD47CE50AA60F47E604C28247E5C7F.udd" 2440
"../../../../../../TPSDuel/DerivedDataCache/0/4/2/TEXTURE_E01F4250BECD420DA9CE63B5EECEC2C2_AUTOETC2_E38B68B34F759D23C6E5CD925E4D__E489F20FA2EED8135E0E71CECE5C81C49C0F6315.udd" 2441
"../../../../../../TPSDuel/DerivedDataCache/3/2/6/TEXTURE_E01F4250BECD420DA9CE63B5EECEC2C2_AUTOETC2_7D98C11E41884B4A67A497A07B02__28AF3ABC10CD3F8961D3B2BB21FAB819499A6E16.udd" 2442
"../../../Engine/Content/EngineMaterials/DefaultCalibrationGrayscale.uasset" 2443
"../../../Engine/Content/EngineMaterials/PPM_DefaultCalibrationGrayscale.uasset" 2444
"../../../Engine/Content/EngineMaterials/DefaultCalibrationColor.uasset" 2445
"../../../Engine/Content/EngineMaterials/PPM_DefaultCalibrationColor.uasset" 2446
"../../../Engine/Content/EditorMaterials/PreviewShadowIndicatorMaterial.uasset" 2447
"../../../Engine/Content/EditorMaterials/PreviewShadowIndicator.uasset" 2448
"../../../Engine/Content/EngineDebugMaterials/DebugEditorMaterial.uasset" 2449
"../../../../../../TPSDuel/DerivedDataCache/0/7/5/TEXTURE_E01F4250BECD420DA9CE63B5EECEC2C2_AUTOETC2_264ABDF14257816FFA9477A6F6A1__1040C5AAEAA3C3D42272B786B2A0EADB893B3E81.udd" 2450
"../../../Engine/Content/EditorResources/BSPVertex.uasset" 2451
"../../../../../../TPSDuel/DerivedDataCache/5/1/7/TEXTURE_E01F4250BECD420DA9CE63B5EECEC2C2_AUTOETC2_CBF5B13548AB62E6A9ADA387D1FE__AC6D0C459BEFF2ADFEC361DA4A169FAF9C60B790.udd" 2452
"../../../Engine/Content/EngineSounds/Submixes/MasterReverbSubmixDefault.uasset" 2453
"../../../Engine/Content/EngineSounds/Submixes/MasterSubmixDefault.uasset" 2454
"../../../Engine/Content/EngineSounds/Submixes/MasterEQEffectPreset.uasset" 2455
"../../../Engine/Content/EngineSounds/Submixes/MasterEQSubmixDefault.uasset" 2456
"../../../Engine/Content/EngineSounds/Submixes/MasterReverbEffectPreset.uasset" 2457
"../../../../../../TPSDuel/DerivedDataCache/2/4/6/TEXTURE_E01F4250BECD420DA9CE63B5EECEC2C2_AUTOETC2_3D7D3365419CADDBF5E531B12CF1__6C741DCCFE796F18B6AE9379DF9A0E9AD7C824C7.udd" 2458
"../../../../../../TPSDuel/DerivedDataCache/7/8/2/TEXTURE_E01F4250BECD420DA9CE63B5EECEC2C2_AUTOETC2_1EC0B18B47E75959952584B5D8D9__320C02ED15FDDEF448CCBE62507097F43075B7E0.udd" 2459
"../../../../../../TPSDuel/DerivedDataCache/1/9/6/TEXTURE_E01F4250BECD420DA9CE63B5EECEC2C2_AUTOETC2_C45F0F7D439FAD52041B1EBC5A8A__A67DC2D30AE823B67E59785704C14A0D2996E4DC.udd" 2460
"../../../Engine/Content/EngineSounds/Master.uasset" 2461
"../../../Engine/Content/MobileResources/HUD/VirtualJoystick_Thumb.uasset" 2462
"../../../../../../TPSDuel/DerivedDataCache/7/2/3/TEXTURE_E01F4250BECD420DA9CE63B5EECEC2C2_G8_48D8DF644D51F1494FC63192AE9A24AA_0__F79D85C4065BFD193DFBF51BF276BAA9A2996F6B.udd" 2463
"../../../Engine/Content/MobileResources/HUD/VirtualJoystick_Background.uasset" 2464
"../../../../../../TPSDuel/DerivedDataCache/0/7/2/MATSM_0BA69734E4FD45E082FA4560DBE25454_GLSL_ES3_1_ANDROID_18786__BC5N_NOCCBN_N__499D964D88438C32A80F86702447F64727D6ACE8.udd" 2465
"../../../Engine/Content/MobileResources/HUD/T_Castle_ThumbstickOutter.uasset" 2466
"../../../../../../TPSDuel/DerivedDataCache/7/4/9/TEXTURE_E01F4250BECD420DA9CE63B5EECEC2C2_AUTOETC2_FA7F950C40FF8EB2D11F178F1C86__01CC5B5879EB63623333A05E3F79E415A92CE8C0.udd" 2467
"../../../Engine/Content/MobileResources/HUD/T_Castle_ThumbstickInner.uasset" 2468
"../../../../../../TPSDuel/DerivedDataCache/6/1/7/MATSM_0BA69734E4FD45E082FA4560DBE25454_GLSL_ES3_1_ANDROID_18786__BC5N_NOCCBN_N__536C45CE29EFCCF8B27DC7D907E0F27ACD2CE81B.udd" 2469
"../../../Engine/Content/MobileResources/HUD/MobileHUDDirectionStick.uasset" 2470
"../../../../../../TPSDuel/DerivedDataCache/3/6/4/TEXTURE_E01F4250BECD420DA9CE63B5EECEC2C2_G8_EFCCE016429008D9D6575CB3A2DF598A_0__71C5FB029CA4FED3C5D23430444DD7F0C146222F.udd" 2471
"../../../../../../TPSDuel/DerivedDataCache/5/3/4/TEXTURE_E01F4250BECD420DA9CE63B5EECEC2C2_G8_EFCCE016429008D9D6575CB3A2DF598A_0__8C086F37A83BF0896106F33FC6EADF62E6C5B44A.udd" 2472
"../../../../../../TPSDuel/DerivedDataCache/0/4/8/TEXTURE_E01F4250BECD420DA9CE63B5EECEC2C2_G8_EFCCE016429008D9D6575CB3A2DF598A_0__97C48347E288506FB5F7F14E447AE2A1D3A7B07D.udd" 2473
"../../../../../../TPSDuel/DerivedDataCache/6/4/9/TEXTURE_E01F4250BECD420DA9CE63B5EECEC2C2_G8_EFCCE016429008D9D6575CB3A2DF598A_0__6C2FAA6E04C3C13223226CDBD3C9E8E86FD1B2A3.udd" 2474
"../../../Engine/Content/MobileResources/HUD/MobileHUDDirectionPad3.uasset" 2475
"../../../../../../TPSDuel/DerivedDataCache/1/1/1/MATSM_0BA69734E4FD45E082FA4560DBE25454_GLSL_ES3_1_ANDROID_18786__BC5N_NOCCBN_N__377B39FAC20A0E4233B20821F48B7E5E4B295345.udd" 2476
"../../../Engine/Content/MobileResources/HUD/MobileHUDDirectionPad2.uasset" 2477
"../../../../../../TPSDuel/DerivedDataCache/2/3/0/MATSM_0BA69734E4FD45E082FA4560DBE25454_GLSL_ES3_1_ANDROID_18786__BC5N_NOCCBN_N__EA127B558620A359AE5FBA55F0CD7D704501E14B.udd" 2478
"../../../Engine/Content/MobileResources/HUD/MobileHUDDirectionPad.uasset" 2479
"../../../../../../TPSDuel/DerivedDataCache/5/1/6/TEXTURE_E01F4250BECD420DA9CE63B5EECEC2C2_AUTOETC2_6A00F1654C244F95E8B15E9A15BE__AAAF3A8566BE5F8192714C732ACC617702C60326.udd" 2480
"../../../Engine/Content/MobileResources/HUD/MobileHUDButtonFire.uasset" 2481
"../../../Engine/Content/MobileResources/HUD/MobileHUDButton3.uasset" 2482
"../../../Engine/Content/MobileResources/HUD/MobileHUDButton2_on.uasset" 2483
"../../../Engine/Content/MobileResources/HUD/MobileHUDButton2_off.uasset" 2484
"../../../Engine/Content/MobileResources/HUD/MobileHUDButton1_on.uasset" 2485
"../../../Engine/Content/MobileResources/HUD/MobileHUDButton1_off.uasset" 2486
"../../../Engine/Content/MobileResources/HUD/LeftVirtualJoystickOnly.uasset" 2487
"../../../Engine/Content/MobileResources/HUD/DefaultVirtualJoysticks.uasset" 2488
"../../../Engine/Content/MobileResources/HUD/AnalogHat.uasset" 2489
"../../../Engine/Content/MobileResources/T_MobileMenu2.uasset" 2490
"../../../Engine/Content/MobileResources/T_MobileControls_texture.uasset" 2491
"../../../../../../TPSDuel/DerivedDataCache/4/6/0/TEXTURE_E01F4250BECD420DA9CE63B5EECEC2C2_AUTOETC2_8EDAF7A54E378800FEB217863433__B67BA2FF3205CC8D2A2C4C441102EFC330AFD421.udd" 2492
"D:/TPSDuel/Content/Audio/S_Fire.uasset" 2493
"../../../../../../TPSDuel/DerivedDataCache/8/7/0/TEXTURE_E01F4250BECD420DA9CE63B5EECEC2C2_AUTOETC2_C9D41DBE4C754F8B430E7DBADCD4__E1BCF7D687EBE40372A016722567C8E88D1CCF23.udd" 2494
"D:/TPSDuel/Content/Materials/M_DuelColor.uasset" 2495
"../../../../../../TPSDuel/DerivedDataCache/5/0/7/TEXTURE_E01F4250BECD420DA9CE63B5EECEC2C2_AUTOETC2_F562DDF94D8D885AE92078A9DD77__A1F3E02C26581D9F0F630D51622BD66D31AAD3B0.udd" 2496
"D:/TPSDuel/Content/Maps/L_Arena.umap" 2497
"../../../../../../TPSDuel/DerivedDataCache/6/5/3/TEXTURE_E01F4250BECD420DA9CE63B5EECEC2C2_AUTOETC2_3F3B1DD44FE006226A690596DBDD__FBD323859BE6EBEABF56E47E09399B036D868F3B.udd" 2498
"D:/TPSDuel/Content/Maps/L_Menu.umap" 2499
"../../../../../../TPSDuel/DerivedDataCache/3/7/2/TEXTURE_E01F4250BECD420DA9CE63B5EECEC2C2_AUTOETC2_C200B7694C3FE53EBCE97592F5F4__6D550166FAB8F28D4671396EB02157CBCD45DB6D.udd" 2500
"../../../../../../TPSDuel/DerivedDataCache/3/4/8/TEXTURE_E01F4250BECD420DA9CE63B5EECEC2C2_AUTOETC2_C49FDA8C4EFE04B87EBA5CB5A57D__C7BE7A3CCDCB3FA333E3F97D38CEA8DDBE388AFD.udd" 2501
"../../../../../../TPSDuel/DerivedDataCache/4/7/2/TEXTURE_E01F4250BECD420DA9CE63B5EECEC2C2_AUTOETC2_80A9E59646847B4846ED6DAF42DF__48D63BD9A90D29D036A6014CB7E4862DCEC24D62.udd" 2502
"../../../../../../TPSDuel/DerivedDataCache/5/5/7/TEXTURE_E01F4250BECD420DA9CE63B5EECEC2C2_AUTOETC2_D5542AFE4886708885DF42B1BE8F__E12BDCD6FDB99389487C7D35E7F7F780994CC9C6.udd" 2503
"../../../../../../TPSDuel/DerivedDataCache/5/7/6/TEXTURE_E01F4250BECD420DA9CE63B5EECEC2C2_AUTOETC2_7BBBF743419EE004ACC16E9959BC__899065C4553278E34BC2D0243A130A317AF579D2.udd" 2504
"../../../../../../TPSDuel/DerivedDataCache/5/9/6/TEXTURE_E01F4250BECD420DA9CE63B5EECEC2C2_AUTOETC2_5FF2868842E6DED8A4C0CB821719__31FFA45D091B902A8B1C5F3C996229BE31EC2793.udd" 2505
"../../../../../../TPSDuel/DerivedDataCache/4/5/8/AUDIO_0005_0000_OGG10000$2D1$2D1$2D1$2D1$2D1_0004_7A81C25348B514294C3D90829CE04426.udd" 2506
"../../../../../../TPSDuel/Content/Maps/L_Arena.umap" 2507
"../../../../../../TPSDuel/Content/Maps/L_Menu.umap" 2508
"../../../../../../TPSDuel/DerivedDataCache/7/4/4/TEXTURE_E01F4250BECD420DA9CE63B5EECEC2C2_AUTOETC2_2E1EE3B14D43A62B84881B8F5AAD__F27F454A7F5DF53916C3A9833F22E8DCD3BE303D.udd" 2509
"../../../../../../TPSDuel/DerivedDataCache/8/1/3/TEXTURE_E01F4250BECD420DA9CE63B5EECEC2C2_AUTOETC2_9F8FBEF84A1997E30FD384955E3D__2358EEBA151889D5EBBCF24C6D05F944EDB50EC8.udd" 2510
"../../../../../../TPSDuel/DerivedDataCache/0/6/0/TEXTURE_E01F4250BECD420DA9CE63B5EECEC2C2_AUTOETC2_119D9D384F916FB5612DEB85B012__6910B71F26202C3B7C1136384C424478F9420173.udd" 2511
"../../../../../../TPSDuel/DerivedDataCache/8/9/9/MATSM_0BA69734E4FD45E082FA4560DBE25454_GLSL_ES3_1_ANDROID_18786__BC5N_NOCCBN_N__E2CFB2364B4B2FC701608EB701522D8D9E315B09.udd" 2512
"../../../../../../TPSDuel/DerivedDataCache/9/1/7/STREAMEDAUDIO_BC6E92FBBD314E3B9B9EC6778749EB5E_OGG10000$2D1$2D1$2D1$2D1$2D1_4_7A81C25348B514294C3D90829CE04426.udd" 2513
